0:00:00.000067587 [34m 3435[00m 0x5d1b96686000 [36mINFO   [00m [00;01;31m            GST_INIT gst.c:592:init_pre:[00m Initializing GStreamer Core Library version 1.20.3
0:00:00.000267868 [34m 3435[00m 0x5d1b96686000 [36mINFO   [00m [00;01;31m            GST_INIT gst.c:593:init_pre:[00m Using library installed in /usr/lib/x86_64-linux-gnu
0:00:00.000284885 [34m 3435[00m 0x5d1b96686000 [36mINFO   [00m [00;01;31m            GST_INIT gst.c:611:init_pre:[00m Linux SIVA22 6.8.0-52-generic #53~22.04.1-Ubuntu SMP PREEMPT_DYNAMIC Wed Jan 15 19:18:46 UTC 2 x86_64
0:00:00.001167016 [34m 3435[00m 0x5d1b96686000 [36mINFO   [00m [00;01;31m            GST_INIT gstmessage.c:129:_priv_gst_message_initialize:[00m init messages
0:00:00.002234984 [34m 3435[00m 0x5d1b96686000 [36mINFO   [00m [00;01;31m            GST_INIT gstcontext.c:86:_priv_gst_context_initialize:[00m init contexts
0:00:00.002558567 [34m 3435[00m 0x5d1b96686000 [36mINFO   [00m [00;01;36m  GST_PLUGIN_LOADING gstplugin.c:324:_priv_gst_plugin_initialize:[00m registering 0 static plugins
0:00:00.002667343 [34m 3435[00m 0x5d1b96686000 [36mINFO   [00m [00;01;36m  GST_PLUGIN_LOADING gstplugin.c:232:gst_plugin_register_static:[00m registered static plugin "staticelements"
0:00:00.002677633 [34m 3435[00m 0x5d1b96686000 [36mINFO   [00m [00;01;36m  GST_PLUGIN_LOADING gstplugin.c:234:gst_plugin_register_static:[00m added static plugin "staticelements", result: 1
0:00:00.002732458 [34m 3435[00m 0x5d1b96686000 [36mINFO   [00m [00m        GST_REGISTRY gstregistry.c:1827:ensure_current_registry:[00m reading registry cache: /home/vboxuser/.cache/gstreamer-1.0/registry.x86_64.bin
0:00:00.011950810 [34m 3435[00m 0x5d1b96686000 [36mINFO   [00m [00m        GST_REGISTRY gstregistrybinary.c:683:priv_gst_registry_binary_read_cache:[00m loaded /home/vboxuser/.cache/gstreamer-1.0/registry.x86_64.bin in 0.009191 seconds
0:00:00.012053230 [34m 3435[00m 0x5d1b96686000 [36mINFO   [00m [00m        GST_REGISTRY gstregistry.c:1693:scan_and_update_registry:[00m Validating plugins from registry cache: /home/vboxuser/.cache/gstreamer-1.0/registry.x86_64.bin
0:00:00.012986550 [34m 3435[00m 0x5d1b96686000 [36mINFO   [00m [00m        GST_REGISTRY gstregistry.c:1785:scan_and_update_registry:[00m Registry cache has not changed
0:00:00.013010276 [34m 3435[00m 0x5d1b96686000 [36mINFO   [00m [00m        GST_REGISTRY gstregistry.c:1862:ensure_current_registry:[00m registry reading and updating done, result = 1
0:00:00.013016941 [34m 3435[00m 0x5d1b96686000 [36mINFO   [00m [00;01;31m            GST_INIT gst.c:833:init_post:[00m GLib runtime version: 2.72.4
0:00:00.013023736 [34m 3435[00m 0x5d1b96686000 [36mINFO   [00m [00;01;31m            GST_INIT gst.c:835:init_post:[00m GLib headers version: 2.72.4
0:00:00.013027403 [34m 3435[00m 0x5d1b96686000 [36mINFO   [00m [00;01;31m            GST_INIT gst.c:837:init_post:[00m initialized GStreamer successfully
0:00:00.013062591 [34m 3435[00m 0x5d1b96686000 [36mINFO   [00m [00;01;37;41m        GST_PIPELINE gstparse.c:344:gst_parse_launch_full:[00m parsing pipeline description 'filesrc location=/home/vboxuser/Downloads/sam.mp4 ! decodebin ! autovideosink '
0:00:00.013806224 [34m 3435[00m 0x5d1b96686000 [36mINFO   [00m [00;01;36m  GST_PLUGIN_LOADING gstplugin.c:987:_priv_gst_plugin_load_file_for_registry:[00m plugin "/usr/lib/x86_64-linux-gnu/gstreamer-1.0/libgstcoreelements.so" loaded
0:00:00.013826500 [34m 3435[00m 0x5d1b96686000 [36mINFO   [00m [00;01;37;41m GST_ELEMENT_FACTORY gstelementfactory.c:489:gst_element_factory_create_with_properties:[00m creating element "filesrc"
0:00:00.013894286 [34m 3435[00m 0x5d1b96686000 [36mINFO   [00m [00;01;37;41m    GST_ELEMENT_PADS gstelement.c:759:gst_element_add_pad:<GstBaseSrc@0x5d1b969021a0>[00m adding pad 'src'
0:00:00.013911125 [34m 3435[00m 0x5d1b96686000 [36mINFO   [00m [00m             filesrc gstfilesrc.c:237:gst_file_src_set_location:[00m filename : /home/vboxuser/Downloads/sam.mp4
0:00:00.013914836 [34m 3435[00m 0x5d1b96686000 [36mINFO   [00m [00m             filesrc gstfilesrc.c:238:gst_file_src_set_location:[00m uri      : file:///home/vboxuser/Downloads/sam.mp4
0:00:00.014935018 [34m 3435[00m 0x5d1b96686000 [36mINFO   [00m [00;01;36m  GST_PLUGIN_LOADING gstplugin.c:987:_priv_gst_plugin_load_file_for_registry:[00m plugin "/usr/lib/x86_64-linux-gnu/gstreamer-1.0/libgstplayback.so" loaded
0:00:00.015018922 [34m 3435[00m 0x5d1b96686000 [36mINFO   [00m [00;01;37;41m GST_ELEMENT_FACTORY gstelementfactory.c:489:gst_element_factory_create_with_properties:[00m creating element "decodebin"
0:00:00.015150244 [34m 3435[00m 0x5d1b96686000 [36mINFO   [00m [00;01;37;41m GST_ELEMENT_FACTORY gstelementfactory.c:489:gst_element_factory_create_with_properties:[00m creating element "typefind"
0:00:00.015166423 [34m 3435[00m 0x5d1b96686000 [36mINFO   [00m [00;01;37;41m    GST_ELEMENT_PADS gstelement.c:759:gst_element_add_pad:<GstTypeFindElement@0x5d1b9690f020>[00m adding pad 'sink'
0:00:00.015174621 [34m 3435[00m 0x5d1b96686000 [36mINFO   [00m [00;01;37;41m    GST_ELEMENT_PADS gstelement.c:759:gst_element_add_pad:<GstTypeFindElement@0x5d1b9690f020>[00m adding pad 'src'
0:00:00.015206363 [34m 3435[00m 0x5d1b96686000 [36mINFO   [00m [00;01;37;41m    GST_ELEMENT_PADS gstelement.c:1016:gst_element_get_static_pad:[00m found pad typefind:sink
0:00:00.015248778 [34m 3435[00m 0x5d1b96686000 [36mINFO   [00m [00;01;31;44m            GST_PADS gstpad.c:2382:gst_pad_link_prepare:[00m trying to link sink:proxypad0 and typefind:sink
0:00:00.015255692 [34m 3435[00m 0x5d1b96686000 [36mINFO   [00m [00;01;31;44m            GST_PADS gstpad.c:2590:gst_pad_link_full:[00m linked sink:proxypad0 and typefind:sink, successful
0:00:00.015259322 [34m 3435[00m 0x5d1b96686000 [36mINFO   [00m [00;01;34m           GST_EVENT gstevent.c:1660:gst_event_new_reconfigure:[00m creating reconfigure event
0:00:00.015270553 [34m 3435[00m 0x5d1b96686000 [36mINFO   [00m [00;01;37;41m    GST_ELEMENT_PADS gstelement.c:759:gst_element_add_pad:<GstDecodeBin@0x5d1b9690c040>[00m adding pad 'sink'
0:00:00.015432529 [34m 3435[00m 0x5d1b96686000 [36mINFO   [00m [00;01;36m  GST_PLUGIN_LOADING gstplugin.c:987:_priv_gst_plugin_load_file_for_registry:[00m plugin "/usr/lib/x86_64-linux-gnu/gstreamer-1.0/libgstautodetect.so" loaded
0:00:00.015442024 [34m 3435[00m 0x5d1b96686000 [36mINFO   [00m [00;01;37;41m GST_ELEMENT_FACTORY gstelementfactory.c:489:gst_element_factory_create_with_properties:[00m creating element "autovideosink"
0:00:00.015487328 [34m 3435[00m 0x5d1b96686000 [36mINFO   [00m [00;01;37;41m    GST_ELEMENT_PADS gstelement.c:759:gst_element_add_pad:<autovideosink0>[00m adding pad 'sink'
0:00:00.015526784 [34m 3435[00m 0x5d1b96686000 [36mINFO   [00m [00;01;37;41m GST_ELEMENT_FACTORY gstelementfactory.c:489:gst_element_factory_create_with_properties:[00m creating element "fakesink"
0:00:00.015534519 [34m 3435[00m 0x5d1b96686000 [36mINFO   [00m [00;01;37;41m    GST_ELEMENT_PADS gstelement.c:759:gst_element_add_pad:<GstBaseSink@0x5d1b9691c590>[00m adding pad 'sink'
0:00:00.015544898 [34m 3435[00m 0x5d1b96686000 [36mINFO   [00m [00;01;37;41m    GST_ELEMENT_PADS gstelement.c:1016:gst_element_get_static_pad:[00m found pad fake-video-sink:sink
0:00:00.015549445 [34m 3435[00m 0x5d1b96686000 [36mINFO   [00m [00;01;31;44m            GST_PADS gstpad.c:2382:gst_pad_link_prepare:[00m trying to link sink:proxypad1 and fake-video-sink:sink
0:00:00.015553534 [34m 3435[00m 0x5d1b96686000 [36mINFO   [00m [00;01;31;44m            GST_PADS gstpad.c:2590:gst_pad_link_full:[00m linked sink:proxypad1 and fake-video-sink:sink, successful
0:00:00.015556315 [34m 3435[00m 0x5d1b96686000 [36mINFO   [00m [00;01;34m           GST_EVENT gstevent.c:1660:gst_event_new_reconfigure:[00m creating reconfigure event
0:00:00.015564257 [34m 3435[00m 0x5d1b96686000 [36mINFO   [00m [00;01;37;41m GST_ELEMENT_FACTORY gstelementfactory.c:489:gst_element_factory_create_with_properties:[00m creating element "pipeline"
0:00:00.015630455 [34m 3435[00m 0x5d1b96686000 [36mINFO   [00m [00;01;37;41m        GST_PIPELINE gst/parse/grammar.y:683:gst_parse_perform_link:[00m linking some pad of GstFileSrc named filesrc0 to some pad of GstDecodeBin named decodebin0 (0/0) with caps "(NULL)"
0:00:00.015638413 [34m 3435[00m 0x5d1b96686000 [36mINFO   [00m [00;01;37;41m    GST_ELEMENT_PADS gstutils.c:1816:gst_element_link_pads_full:[00m trying to link element filesrc0:(any) to element decodebin0:(any)
0:00:00.015644014 [34m 3435[00m 0x5d1b96686000 [36mINFO   [00m [00;01;31;44m            GST_PADS gstutils.c:1079:gst_pad_check_link:[00m trying to link filesrc0:src and decodebin0:sink
0:00:00.015657757 [34m 3435[00m 0x5d1b96686000 [36mINFO   [00m [00;01;31;44m            GST_PADS gstutils.c:1632:prepare_link_maybe_ghosting:[00m filesrc0 and decodebin0 in same bin, no need for ghost pads
0:00:00.015666484 [34m 3435[00m 0x5d1b96686000 [36mINFO   [00m [00;01;31;44m            GST_PADS gstpad.c:2382:gst_pad_link_prepare:[00m trying to link filesrc0:src and decodebin0:sink
0:00:00.015672471 [34m 3435[00m 0x5d1b96686000 [36mINFO   [00m [00;01;31;44m            GST_PADS gstpad.c:2590:gst_pad_link_full:[00m linked filesrc0:src and decodebin0:sink, successful
0:00:00.015675290 [34m 3435[00m 0x5d1b96686000 [36mINFO   [00m [00;01;34m           GST_EVENT gstevent.c:1660:gst_event_new_reconfigure:[00m creating reconfigure event
0:00:00.015678647 [34m 3435[00m 0x5d1b96686000 [36mINFO   [00m [00;01;34m           GST_EVENT gstpad.c:5946:gst_pad_send_event_unchecked:<filesrc0:src>[00m Received event on flushing pad. Discarding
0:00:00.015686258 [34m 3435[00m 0x5d1b96686000 [36mINFO   [00m [00;01;37;41m        GST_PIPELINE gst/parse/grammar.y:683:gst_parse_perform_link:[00m linking some pad of GstDecodeBin named decodebin0 to some pad of GstAutoVideoSink named autovideosink0 (0/0) with caps "(NULL)"
0:00:00.015690132 [34m 3435[00m 0x5d1b96686000 [36mINFO   [00m [00;01;37;41m    GST_ELEMENT_PADS gstutils.c:1816:gst_element_link_pads_full:[00m trying to link element decodebin0:(any) to element autovideosink0:(any)
0:00:00.015698951 [34m 3435[00m 0x5d1b96686000 [36mINFO   [00m [00;01;37;41m    GST_ELEMENT_PADS gstelement.c:1013:gst_element_get_static_pad:[00m no such pad 'src_%u' in element "decodebin0"
0:00:00.015704773 [34m 3435[00m 0x5d1b96686000 [36mINFO   [00m [00;01;37;41m    GST_ELEMENT_PADS gstutils.c:1270:gst_element_get_compatible_pad:<decodebin0>[00m Could not find a compatible pad to link to autovideosink0:sink
0:00:00.015708607 [34m 3435[00m 0x5d1b96686000 [36mINFO   [00m [00;04m             default gstutils.c:2206:gst_element_link_pads_filtered:[00m Could not link pads: decodebin0:(null) - autovideosink0:(null)
Setting pipeline to PAUSED ...
0:00:00.015744861 [34m 3435[00m 0x5d1b96686000 [36mINFO   [00m [00;01;31m          GST_STATES gstbin.c:2479:gst_bin_element_set_state:<autovideosink0>[00m current NULL pending VOID_PENDING, desired next READY
0:00:00.015750504 [34m 3435[00m 0x5d1b96686000 [36mINFO   [00m [00;01;31m          GST_STATES gstelement.c:2806:gst_element_continue_state:<fake-video-sink>[00m completed state change to NULL
0:00:00.015756545 [34m 3435[00m 0x5d1b96686000 [36mINFO   [00m [00;01;37;41m    GST_ELEMENT_PADS gstpad.c:2137:gst_pad_unlink:[00m unlinking sink:proxypad1(0x5d1b969182d0) and fake-video-sink:sink(0x5d1b969048b0)
0:00:00.015760751 [34m 3435[00m 0x5d1b96686000 [36mINFO   [00m [00;01;37;41m    GST_ELEMENT_PADS gstpad.c:2192:gst_pad_unlink:[00m unlinked sink:proxypad1 and fake-video-sink:sink
0:00:00.015764165 [34m 3435[00m 0x5d1b96686000 [36mINFO   [00m [00;01;37;41m       GST_PARENTAGE gstbin.c:1803:gst_bin_remove_func:<autovideosink0>[00m removed child "fake-video-sink"
0:00:00.015769530 [34m 3435[00m 0x5d1b96686000 [36mINFO   [00m [00;01;31;44m     GST_REFCOUNTING gstelement.c:3382:gst_element_dispose:<fake-video-sink>[00m 0x5d1b9691c590 dispose
0:00:00.015772924 [34m 3435[00m 0x5d1b96686000 [36mINFO   [00m [00;01;37;41m    GST_ELEMENT_PADS gstelement.c:875:gst_element_remove_pad:<fake-video-sink>[00m removing pad 'sink'
0:00:00.015783369 [34m 3435[00m 0x5d1b96686000 [36mINFO   [00m [00;01;31;44m     GST_REFCOUNTING gstelement.c:3428:gst_element_dispose:<fake-video-sink>[00m 0x5d1b9691c590 parent class dispose
0:00:00.015786956 [34m 3435[00m 0x5d1b96686000 [36mINFO   [00m [00;01;31;44m     GST_REFCOUNTING gstelement.c:3460:gst_element_finalize:<fake-video-sink>[00m 0x5d1b9691c590 finalize
0:00:00.015790200 [34m 3435[00m 0x5d1b96686000 [36mINFO   [00m [00;01;31;44m     GST_REFCOUNTING gstelement.c:3465:gst_element_finalize:<fake-video-sink>[00m 0x5d1b9691c590 finalize parent
0:00:00.016731790 [34m 3435[00m 0x5d1b96686000 [36mINFO   [00m [00;01;36m  GST_PLUGIN_LOADING gstplugin.c:987:_priv_gst_plugin_load_file_for_registry:[00m plugin "/usr/lib/x86_64-linux-gnu/gstreamer-1.0/libgstxvimagesink.so" loaded
0:00:00.016807582 [34m 3435[00m 0x5d1b96686000 [36mINFO   [00m [00;01;37;41m GST_ELEMENT_FACTORY gstelementfactory.c:489:gst_element_factory_create_with_properties:[00m creating element "xvimagesink"
0:00:00.016819129 [34m 3435[00m 0x5d1b96686000 [36mINFO   [00m [00;01;37;41m    GST_ELEMENT_PADS gstelement.c:759:gst_element_add_pad:<GstBaseSink@0x5d1b96926210>[00m adding pad 'sink'
0:00:00.016828957 [34m 3435[00m 0x5d1b96686000 [36mINFO   [00m [00;01;37;41m    GST_ELEMENT_PADS gstelement.c:1016:gst_element_get_static_pad:[00m found pad autovideosink0-actual-sink-xvimage:sink
0:00:00.023350640 [34m 3435[00m 0x5d1b96686000 [36mINFO   [00m [00;01;31;47m    GST_ERROR_SYSTEM gstelement.c:2271:gst_element_message_full_with_details:<autovideosink0-actual-sink-xvimage>[00m posting message: Could not initialise Xv output
0:00:00.023393711 [34m 3435[00m 0x5d1b96686000 [36mINFO   [00m [00;01;31;47m    GST_ERROR_SYSTEM gstelement.c:2298:gst_element_message_full_with_details:<autovideosink0-actual-sink-xvimage>[00m posted error message: Could not initialise Xv output
0:00:00.023402760 [34m 3435[00m 0x5d1b96686000 [36mINFO   [00m [00;01;31m          GST_STATES gstelement.c:3091:gst_element_change_state:<autovideosink0-actual-sink-xvimage>[00m have FAILURE change_state return
0:00:00.023407250 [34m 3435[00m 0x5d1b96686000 [36mINFO   [00m [00;01;31m          GST_STATES gstelement.c:2678:gst_element_abort_state:<autovideosink0-actual-sink-xvimage>[00m aborting state from NULL to READY
0:00:00.023417318 [34m 3435[00m 0x5d1b96686000 [36mINFO   [00m [00;01;31m          GST_STATES gstelement.c:2806:gst_element_continue_state:<autovideosink0-actual-sink-xvimage>[00m completed state change to NULL
0:00:00.025575681 [34m 3435[00m 0x5d1b96686000 [36mINFO   [00m [00;01;36m  GST_PLUGIN_LOADING gstplugin.c:987:_priv_gst_plugin_load_file_for_registry:[00m plugin "/usr/lib/x86_64-linux-gnu/gstreamer-1.0/libgstopengl.so" loaded
0:00:00.025765437 [34m 3435[00m 0x5d1b96686000 [36mINFO   [00m [00;01;37;41m GST_ELEMENT_FACTORY gstelementfactory.c:489:gst_element_factory_create_with_properties:[00m creating element "glimagesink"
0:00:00.025779767 [34m 3435[00m 0x5d1b96686000 [36mINFO   [00m [00;01;37;41m GST_ELEMENT_FACTORY gstelementfactory.c:489:gst_element_factory_create_with_properties:[00m creating element "glupload"
0:00:00.025853610 [34m 3435[00m 0x5d1b96686000 [36mINFO   [00m [00;01;37;41m    GST_ELEMENT_PADS gstelement.c:759:gst_element_add_pad:<GstBaseTransform@0x5d1b96902550>[00m adding pad 'sink'
0:00:00.025859990 [34m 3435[00m 0x5d1b96686000 [36mINFO   [00m [00;01;37;41m    GST_ELEMENT_PADS gstelement.c:759:gst_element_add_pad:<GstBaseTransform@0x5d1b96902550>[00m adding pad 'src'
0:00:00.025865786 [34m 3435[00m 0x5d1b96686000 [36mINFO   [00m [00;01;37;41m GST_ELEMENT_FACTORY gstelementfactory.c:489:gst_element_factory_create_with_properties:[00m creating element "glcolorconvert"
0:00:00.025912172 [34m 3435[00m 0x5d1b96686000 [36mINFO   [00m [00;01;37;41m    GST_ELEMENT_PADS gstelement.c:759:gst_element_add_pad:<GstBaseTransform@0x5d1b969028e0>[00m adding pad 'sink'
0:00:00.025925346 [34m 3435[00m 0x5d1b96686000 [36mINFO   [00m [00;01;37;41m    GST_ELEMENT_PADS gstelement.c:759:gst_element_add_pad:<GstBaseTransform@0x5d1b969028e0>[00m adding pad 'src'
0:00:00.025929862 [34m 3435[00m 0x5d1b96686000 [36mINFO   [00m [00;01;37;41m GST_ELEMENT_FACTORY gstelementfactory.c:489:gst_element_factory_create_with_properties:[00m creating element "glcolorbalance"
0:00:00.025965209 [34m 3435[00m 0x5d1b96686000 [36mINFO   [00m [00;01;37;41m    GST_ELEMENT_PADS gstelement.c:759:gst_element_add_pad:<GstBaseTransform@0x5d1b96953520>[00m adding pad 'sink'
0:00:00.025970391 [34m 3435[00m 0x5d1b96686000 [36mINFO   [00m [00;01;37;41m    GST_ELEMENT_PADS gstelement.c:759:gst_element_add_pad:<GstBaseTransform@0x5d1b96953520>[00m adding pad 'src'
0:00:00.025994797 [34m 3435[00m 0x5d1b96686000 [36mINFO   [00m [00;01;37;41m    GST_ELEMENT_PADS gstutils.c:1816:gst_element_link_pads_full:[00m trying to link element gluploadelement0:src to element glcolorconvertelement0:sink
0:00:00.025999411 [34m 3435[00m 0x5d1b96686000 [36mINFO   [00m [00;01;37;41m    GST_ELEMENT_PADS gstelement.c:1016:gst_element_get_static_pad:[00m found pad gluploadelement0:src
0:00:00.026002868 [34m 3435[00m 0x5d1b96686000 [36mINFO   [00m [00;01;37;41m    GST_ELEMENT_PADS gstelement.c:1016:gst_element_get_static_pad:[00m found pad glcolorconvertelement0:sink
0:00:00.026006298 [34m 3435[00m 0x5d1b96686000 [36mINFO   [00m [00;01;31;44m            GST_PADS gstutils.c:1632:prepare_link_maybe_ghosting:[00m gluploadelement0 and glcolorconvertelement0 in same bin, no need for ghost pads
0:00:00.026014450 [34m 3435[00m 0x5d1b96686000 [36mINFO   [00m [00;01;31;44m            GST_PADS gstpad.c:2382:gst_pad_link_prepare:[00m trying to link gluploadelement0:src and glcolorconvertelement0:sink
0:00:00.026021180 [34m 3435[00m 0x5d1b96686000 [36mINFO   [00m [00;01;31;44m            GST_PADS gstpad.c:4357:gst_pad_peer_query:<gluploadelement0:sink>[00m pad has no peer
0:00:00.026813825 [34m 3435[00m 0x5d1b96686000 [36mINFO   [00m [00;01;31;44m            GST_PADS gstpad.c:4357:gst_pad_peer_query:<glcolorconvertelement0:src>[00m pad has no peer
0:00:00.026883649 [34m 3435[00m 0x5d1b96686000 [36mINFO   [00m [00;01;31;44m            GST_PADS gstpad.c:2590:gst_pad_link_full:[00m linked gluploadelement0:src and glcolorconvertelement0:sink, successful
0:00:00.026887588 [34m 3435[00m 0x5d1b96686000 [36mINFO   [00m [00;01;34m           GST_EVENT gstevent.c:1660:gst_event_new_reconfigure:[00m creating reconfigure event
0:00:00.026891298 [34m 3435[00m 0x5d1b96686000 [36mINFO   [00m [00;01;34m           GST_EVENT gstpad.c:5946:gst_pad_send_event_unchecked:<gluploadelement0:src>[00m Received event on flushing pad. Discarding
0:00:00.026898661 [34m 3435[00m 0x5d1b96686000 [36mINFO   [00m [00;01;37;41m    GST_ELEMENT_PADS gstutils.c:1816:gst_element_link_pads_full:[00m trying to link element glcolorconvertelement0:src to element glcolorbalance0:sink
0:00:00.026902357 [34m 3435[00m 0x5d1b96686000 [36mINFO   [00m [00;01;37;41m    GST_ELEMENT_PADS gstelement.c:1016:gst_element_get_static_pad:[00m found pad glcolorconvertelement0:src
0:00:00.026905646 [34m 3435[00m 0x5d1b96686000 [36mINFO   [00m [00;01;37;41m    GST_ELEMENT_PADS gstelement.c:1016:gst_element_get_static_pad:[00m found pad glcolorbalance0:sink
0:00:00.026909061 [34m 3435[00m 0x5d1b96686000 [36mINFO   [00m [00;01;31;44m            GST_PADS gstutils.c:1632:prepare_link_maybe_ghosting:[00m glcolorconvertelement0 and glcolorbalance0 in same bin, no need for ghost pads
0:00:00.026913685 [34m 3435[00m 0x5d1b96686000 [36mINFO   [00m [00;01;31;44m            GST_PADS gstpad.c:2382:gst_pad_link_prepare:[00m trying to link glcolorconvertelement0:src and glcolorbalance0:sink
0:00:00.026917582 [34m 3435[00m 0x5d1b96686000 [36mINFO   [00m [00;01;31;44m            GST_PADS gstpad.c:4357:gst_pad_peer_query:<gluploadelement0:sink>[00m pad has no peer
0:00:00.027809645 [34m 3435[00m 0x5d1b96686000 [36mINFO   [00m [00;01;31;44m            GST_PADS gstpad.c:4357:gst_pad_peer_query:<glcolorbalance0:src>[00m pad has no peer
0:00:00.027921594 [34m 3435[00m 0x5d1b96686000 [36mINFO   [00m [00;01;31;44m            GST_PADS gstpad.c:2590:gst_pad_link_full:[00m linked glcolorconvertelement0:src and glcolorbalance0:sink, successful
0:00:00.027931381 [34m 3435[00m 0x5d1b96686000 [36mINFO   [00m [00;01;34m           GST_EVENT gstevent.c:1660:gst_event_new_reconfigure:[00m creating reconfigure event
0:00:00.027937312 [34m 3435[00m 0x5d1b96686000 [36mINFO   [00m [00;01;34m           GST_EVENT gstpad.c:5946:gst_pad_send_event_unchecked:<glcolorconvertelement0:src>[00m Received event on flushing pad. Discarding
0:00:00.027953179 [34m 3435[00m 0x5d1b96686000 [36mINFO   [00m [00;01;37;41m    GST_ELEMENT_PADS gstelement.c:1016:gst_element_get_static_pad:[00m found pad gluploadelement0:sink
0:00:00.028007057 [34m 3435[00m 0x5d1b96686000 [36mINFO   [00m [00;01;31;44m            GST_PADS gstpad.c:2382:gst_pad_link_prepare:[00m trying to link sink:proxypad2 and gluploadelement0:sink
0:00:00.028015904 [34m 3435[00m 0x5d1b96686000 [36mINFO   [00m [00;01;31;44m            GST_PADS gstpad.c:2590:gst_pad_link_full:[00m linked sink:proxypad2 and gluploadelement0:sink, successful
0:00:00.028019358 [34m 3435[00m 0x5d1b96686000 [36mINFO   [00m [00;01;34m           GST_EVENT gstevent.c:1660:gst_event_new_reconfigure:[00m creating reconfigure event
0:00:00.028029531 [34m 3435[00m 0x5d1b96686000 [36mINFO   [00m [00;01;37;41m    GST_ELEMENT_PADS gstelement.c:759:gst_element_add_pad:<GstGLSinkBin@0x5d1b96943020>[00m adding pad 'sink'
0:00:00.028081901 [34m 3435[00m 0x5d1b96686000 [36mINFO   [00m [00m   gstcontrolbinding gstcontrolbinding.c:139:gst_control_binding_constructor:<glcolorbalance0>[00m trying to put property 'contrast' under control
0:00:00.028091467 [34m 3435[00m 0x5d1b96686000 [36mINFO   [00m [00m   gstcontrolbinding gstcontrolbinding.c:139:gst_control_binding_constructor:<glcolorbalance0>[00m trying to put property 'brightness' under control
0:00:00.028096209 [34m 3435[00m 0x5d1b96686000 [36mINFO   [00m [00m   gstcontrolbinding gstcontrolbinding.c:139:gst_control_binding_constructor:<glcolorbalance0>[00m trying to put property 'hue' under control
0:00:00.028119270 [34m 3435[00m 0x5d1b96686000 [36mINFO   [00m [00m   gstcontrolbinding gstcontrolbinding.c:139:gst_control_binding_constructor:<glcolorbalance0>[00m trying to put property 'saturation' under control
0:00:00.028195145 [34m 3435[00m 0x5d1b96686000 [36mINFO   [00m [00;01;37;41m    GST_ELEMENT_PADS gstelement.c:759:gst_element_add_pad:<GstBaseSink@0x5d1b969614d0>[00m adding pad 'sink'
0:00:00.028237706 [34m 3435[00m 0x5d1b96686000 [36mINFO   [00m [00;01;37;41m    GST_ELEMENT_PADS gstutils.c:1816:gst_element_link_pads_full:[00m trying to link element glcolorbalance0:src to element sink:sink
0:00:00.028243709 [34m 3435[00m 0x5d1b96686000 [36mINFO   [00m [00;01;37;41m    GST_ELEMENT_PADS gstelement.c:1016:gst_element_get_static_pad:[00m found pad glcolorbalance0:src
0:00:00.028247598 [34m 3435[00m 0x5d1b96686000 [36mINFO   [00m [00;01;37;41m    GST_ELEMENT_PADS gstelement.c:1016:gst_element_get_static_pad:[00m found pad sink:sink
0:00:00.028251367 [34m 3435[00m 0x5d1b96686000 [36mINFO   [00m [00;01;31;44m            GST_PADS gstutils.c:1632:prepare_link_maybe_ghosting:[00m glcolorbalance0 and sink in same bin, no need for ghost pads
0:00:00.028258562 [34m 3435[00m 0x5d1b96686000 [36mINFO   [00m [00;01;31;44m            GST_PADS gstpad.c:2382:gst_pad_link_prepare:[00m trying to link glcolorbalance0:src and sink:sink
0:00:00.028267099 [34m 3435[00m 0x5d1b96686000 [36mINFO   [00m [00;01;31;44m            GST_PADS gstpad.c:4357:gst_pad_peer_query:<(NULL):sink>[00m pad has no peer
0:00:00.029088445 [34m 3435[00m 0x5d1b96686000 [36mINFO   [00m [00;01;31;44m            GST_PADS gstpad.c:2590:gst_pad_link_full:[00m linked glcolorbalance0:src and sink:sink, successful
0:00:00.029102307 [34m 3435[00m 0x5d1b96686000 [36mINFO   [00m [00;01;34m           GST_EVENT gstevent.c:1660:gst_event_new_reconfigure:[00m creating reconfigure event
0:00:00.029106095 [34m 3435[00m 0x5d1b96686000 [36mINFO   [00m [00;01;34m           GST_EVENT gstpad.c:5946:gst_pad_send_event_unchecked:<glcolorbalance0:src>[00m Received event on flushing pad. Discarding
0:00:00.029118571 [34m 3435[00m 0x5d1b96686000 [36mINFO   [00m [00;01;37;41m    GST_ELEMENT_PADS gstelement.c:1016:gst_element_get_static_pad:[00m found pad autovideosink0-actual-sink-glimage:sink
0:00:00.029522124 [34m 3435[00m 0x5d1b96686000 [36mINFO   [00m [00;01;31m          GST_STATES gstbin.c:2479:gst_bin_element_set_state:<sink>[00m current NULL pending VOID_PENDING, desired next READY
0:00:00.029534791 [34m 3435[00m 0x5d1b96686000 [36mINFO   [00m [00;01;31;44m            GST_PADS gstpad.c:4357:gst_pad_peer_query:<autovideosink0-actual-sink-glimage:sink>[00m pad has no peer
0:00:00.029538685 [34m 3435[00m 0x5d1b96686000 [36mINFO   [00m [00m         GST_CONTEXT gstglutils.c:115:pad_query:<sink:sink>[00m pad peer query failed
0:00:00.029541701 [34m 3435[00m 0x5d1b96686000 [36mINFO   [00m [00m         GST_CONTEXT gstglutils.c:176:_gst_context_query:<sink>[00m posting need context message
0:00:00.029556344 [34m 3435[00m 0x5d1b96686000 [36mINFO   [00m [00;01;31;44m            GST_PADS gstpad.c:4357:gst_pad_peer_query:<autovideosink0-actual-sink-glimage:sink>[00m pad has no peer
0:00:00.029559865 [34m 3435[00m 0x5d1b96686000 [36mINFO   [00m [00m         GST_CONTEXT gstglutils.c:115:pad_query:<sink:sink>[00m pad peer query failed
0:00:00.029562572 [34m 3435[00m 0x5d1b96686000 [36mINFO   [00m [00m         GST_CONTEXT gstglutils.c:176:_gst_context_query:<sink>[00m posting need context message
0:00:00.029566780 [34m 3435[00m 0x5d1b96686000 [36mINFO   [00m [00;01;31;44m            GST_PADS gstpad.c:4357:gst_pad_peer_query:<autovideosink0-actual-sink-glimage:sink>[00m pad has no peer
0:00:00.029569875 [34m 3435[00m 0x5d1b96686000 [36mINFO   [00m [00m         GST_CONTEXT gstglutils.c:115:pad_query:<sink:sink>[00m pad peer query failed
0:00:00.029572512 [34m 3435[00m 0x5d1b96686000 [36mINFO   [00m [00m         GST_CONTEXT gstglutils.c:176:_gst_context_query:<sink>[00m posting need context message
0:00:00.029580276 [34m 3435[00m 0x5d1b96686000 [36mINFO   [00m [00m           gldisplay gstgldisplay.c:288:gst_gl_display_type_from_environment:[00m creating a display, user choice:(NULL) (platform: (NULL))
0:00:00.031162431 [34m 3435[00m 0x5d1b96686000 [36mINFO   [00m [00m         GST_CONTEXT gstglutils.c:240:gst_gl_element_propagate_display_context:<sink>[00m posting have context (0x5d1b96900520) message with display (0x5d1b968e81d0)
0:00:00.031199558 [34m 3435[00m 0x5d1b96686000 [36mINFO   [00m [00;01;31;44m            GST_PADS gstpad.c:4357:gst_pad_peer_query:<autovideosink0-actual-sink-glimage:sink>[00m pad has no peer
0:00:00.031205206 [34m 3435[00m 0x5d1b96686000 [36mINFO   [00m [00m         GST_CONTEXT gstglutils.c:115:pad_query:<sink:sink>[00m pad peer query failed
0:00:00.031208464 [34m 3435[00m 0x5d1b96686000 [36mINFO   [00m [00m         GST_CONTEXT gstglutils.c:176:_gst_context_query:<sink>[00m posting need context message
0:00:00.031221538 [34m 3435[00m 0x5d1b96686000 [36mINFO   [00m [00m           glcontext gstglcontext.c:348:gst_gl_context_new:[00m creating a context for display <gldisplaywayland0>, user choice:(null)
0:00:00.031255439 [34m 3435[00m 0x5d1b96686000 [36mINFO   [00m [00m            glwindow gstglwindow.c:295:gst_gl_window_new:[00m creating a window, user choice:(null)
0:00:00.031260851 [34m 3435[00m 0x5d1b96686000 [36mINFO   [00m [00m            glwindow gstglwindow_x11.c:136:gst_gl_window_x11_new:[00m Wrong display type 2 for this window type 1
0:00:00.031760334 [34m 3435[00m 0x5d1b969005e0 [36mINFO   [00m [00m           glcontext gstglcontext.c:1315:gst_gl_context_create_thread:<glcontextegl0>[00m Attempting to create opengl context. user chosen api(s) (any), compiled api support (opengl opengl3 gles2) display api (opengl opengl3 gles2)
0:00:00.059568502 [34m 3435[00m 0x5d1b969005e0 [36mINFO   [00m [00m           glcontext gstglcontext_egl.c:901:gst_gl_context_egl_create_context:[00m egl initialized, version: 1.5
0:00:00.059996590 [34m 3435[00m 0x5d1b969005e0 [36mINFO   [00m [00m           glcontext gstglcontext_egl.c:948:gst_gl_context_egl_create_context:[00m Bound OpenGL
0:00:00.060021075 [34m 3435[00m 0x5d1b969005e0 [36mINFO   [00m [00m           glcontext gstglcontext_egl.c:744:gst_gl_context_egl_choose_config:[00m config set: 130970532026592, 1
0:00:00.067574126 [34m 3435[00m 0x5d1b969005e0 [36mINFO   [00m [00m           glcontext gstglcontext_egl.c:1056:gst_gl_context_egl_create_context:[00m gl context created: 130970531485776
0:00:00.067643166 [34m 3435[00m 0x5d1b969005e0 [36mINFO   [00m [00m           glcontext gstglcontext_egl.c:1154:gst_gl_context_egl_create_context:[00m surface created
0:00:00.067657225 [34m 3435[00m 0x5d1b969005e0 [36mINFO   [00m [00m           glcontext gstglcontext.c:1329:gst_gl_context_create_thread:<glcontextegl0>[00m created context
0:00:00.068540065 [34m 3435[00m 0x5d1b969005e0 [36mINFO   [00m [00m           glcontext gstglcontext.c:1345:gst_gl_context_create_thread:<glcontextegl0>[00m available GL APIs: opengl3
0:00:00.068667583 [34m 3435[00m 0x5d1b969005e0 [36mINFO   [00m [00m           glcontext gstglcontext.c:1119:_create_context_info:<glcontextegl0>[00m GL_VERSION: 4.5 (Core Profile) Mesa 23.2.1-1ubuntu3.1~22.04.3
0:00:00.068673641 [34m 3435[00m 0x5d1b969005e0 [36mINFO   [00m [00m           glcontext gstglcontext.c:1121:_create_context_info:<glcontextegl0>[00m GL_SHADING_LANGUAGE_VERSION: 4.50
0:00:00.068676844 [34m 3435[00m 0x5d1b969005e0 [36mINFO   [00m [00m           glcontext gstglcontext.c:1124:_create_context_info:<glcontextegl0>[00m GL_VENDOR: Mesa
0:00:00.068679801 [34m 3435[00m 0x5d1b969005e0 [36mINFO   [00m [00m           glcontext gstglcontext.c:1126:_create_context_info:<glcontextegl0>[00m GL_RENDERER: llvmpipe (LLVM 15.0.7, 128 bits)
0:00:00.068829834 [34m 3435[00m 0x5d1b969005e0 [36mINFO   [00m [00m           glcontext gstgldebug.c:346:_gst_gl_debug_enable:<glcontextegl0>[00m Enabling GL context debugging
0:00:00.068835680 [34m 3435[00m 0x5d1b969005e0 [36mINFO   [00m [00m           glcontext gstglcontext.c:1179:_unlock_create_thread:<glcontextegl0>[00m gl thread running
0:00:00.069243659 [34m 3435[00m 0x5d1b96686000 [36mINFO   [00m [00m           glcontext gstglcontext.c:1086:gst_gl_context_create:<glcontextegl0>[00m gl thread created
0:00:00.069301257 [34m 3435[00m 0x5d1b96686000 [36mINFO   [00m [00;01;31m          GST_STATES gstelement.c:2806:gst_element_continue_state:<sink>[00m completed state change to READY
0:00:00.069309570 [34m 3435[00m 0x5d1b96686000 [36mINFO   [00m [00;01;31m          GST_STATES gstelement.c:2706:_priv_gst_element_state_changed:<sink>[00m notifying about state-changed NULL to READY (VOID_PENDING pending)
0:00:00.069319808 [34m 3435[00m 0x5d1b96686000 [36mINFO   [00m [00;01;31m          GST_STATES gstbin.c:2928:gst_bin_change_state_func:<autovideosink0-actual-sink-glimage>[00m child 'sink' changed state to 2(READY) successfully
0:00:00.069330487 [34m 3435[00m 0x5d1b96686000 [36mINFO   [00m [00;01;31m          GST_STATES gstbin.c:2479:gst_bin_element_set_state:<glcolorbalance0>[00m current NULL pending VOID_PENDING, desired next READY
0:00:00.069346187 [34m 3435[00m 0x5d1b96686000 [36mINFO   [00m [00m         GST_CONTEXT gstglutils.c:159:_gst_context_query:<glcolorbalance0>[00m found context (0x5d1b96900640) in downstream query
0:00:00.069355926 [34m 3435[00m 0x5d1b96686000 [36mINFO   [00m [00m         GST_CONTEXT gstglutils.c:115:pad_query:<glcolorbalance0:src>[00m pad peer query failed
0:00:00.069366817 [34m 3435[00m 0x5d1b96686000 [36mINFO   [00m [00;01;31;44m            GST_PADS gstpad.c:4357:gst_pad_peer_query:<autovideosink0-actual-sink-glimage:sink>[00m pad has no peer
0:00:00.069383201 [34m 3435[00m 0x5d1b96686000 [36mINFO   [00m [00m         GST_CONTEXT gstglutils.c:115:pad_query:<glcolorbalance0:sink>[00m pad peer query failed
0:00:00.069387253 [34m 3435[00m 0x5d1b96686000 [36mINFO   [00m [00m         GST_CONTEXT gstglutils.c:176:_gst_context_query:<glcolorbalance0>[00m posting need context message
0:00:00.069393378 [34m 3435[00m 0x5d1b96686000 [36mINFO   [00m [00;01;31m          GST_STATES gstelement.c:2806:gst_element_continue_state:<glcolorbalance0>[00m completed state change to READY
0:00:00.069399004 [34m 3435[00m 0x5d1b96686000 [36mINFO   [00m [00;01;31m          GST_STATES gstelement.c:2706:_priv_gst_element_state_changed:<glcolorbalance0>[00m notifying about state-changed NULL to READY (VOID_PENDING pending)
0:00:00.069405357 [34m 3435[00m 0x5d1b96686000 [36mINFO   [00m [00;01;31m          GST_STATES gstbin.c:2928:gst_bin_change_state_func:<autovideosink0-actual-sink-glimage>[00m child 'glcolorbalance0' changed state to 2(READY) successfully
0:00:00.069411835 [34m 3435[00m 0x5d1b96686000 [36mINFO   [00m [00;01;31m          GST_STATES gstbin.c:2479:gst_bin_element_set_state:<glcolorconvertelement0>[00m current NULL pending VOID_PENDING, desired next READY
0:00:00.069419696 [34m 3435[00m 0x5d1b96686000 [36mINFO   [00m [00m         GST_CONTEXT gstglutils.c:159:_gst_context_query:<glcolorconvertelement0>[00m found context (0x5d1b969006a0) in downstream query
0:00:00.069423947 [34m 3435[00m 0x5d1b96686000 [36mINFO   [00m [00m         GST_CONTEXT gstglutils.c:115:pad_query:<glcolorconvertelement0:src>[00m pad peer query failed
0:00:00.069427914 [34m 3435[00m 0x5d1b96686000 [36mINFO   [00m [00;01;31;44m            GST_PADS gstpad.c:4357:gst_pad_peer_query:<autovideosink0-actual-sink-glimage:sink>[00m pad has no peer
0:00:00.069431181 [34m 3435[00m 0x5d1b96686000 [36mINFO   [00m [00m         GST_CONTEXT gstglutils.c:115:pad_query:<glcolorconvertelement0:sink>[00m pad peer query failed
0:00:00.069433957 [34m 3435[00m 0x5d1b96686000 [36mINFO   [00m [00m         GST_CONTEXT gstglutils.c:176:_gst_context_query:<glcolorconvertelement0>[00m posting need context message
0:00:00.069437635 [34m 3435[00m 0x5d1b96686000 [36mINFO   [00m [00;01;31m          GST_STATES gstelement.c:2806:gst_element_continue_state:<glcolorconvertelement0>[00m completed state change to READY
0:00:00.069441130 [34m 3435[00m 0x5d1b96686000 [36mINFO   [00m [00;01;31m          GST_STATES gstelement.c:2706:_priv_gst_element_state_changed:<glcolorconvertelement0>[00m notifying about state-changed NULL to READY (VOID_PENDING pending)
0:00:00.069445349 [34m 3435[00m 0x5d1b96686000 [36mINFO   [00m [00;01;31m          GST_STATES gstbin.c:2928:gst_bin_change_state_func:<autovideosink0-actual-sink-glimage>[00m child 'glcolorconvertelement0' changed state to 2(READY) successfully
0:00:00.069449593 [34m 3435[00m 0x5d1b96686000 [36mINFO   [00m [00;01;31m          GST_STATES gstbin.c:2479:gst_bin_element_set_state:<gluploadelement0>[00m current NULL pending VOID_PENDING, desired next READY
0:00:00.069454366 [34m 3435[00m 0x5d1b96686000 [36mINFO   [00m [00m         GST_CONTEXT gstglutils.c:159:_gst_context_query:<gluploadelement0>[00m found context (0x5d1b96900700) in downstream query
0:00:00.069458451 [34m 3435[00m 0x5d1b96686000 [36mINFO   [00m [00m         GST_CONTEXT gstglutils.c:115:pad_query:<gluploadelement0:src>[00m pad peer query failed
0:00:00.069461748 [34m 3435[00m 0x5d1b96686000 [36mINFO   [00m [00;01;31;44m            GST_PADS gstpad.c:4357:gst_pad_peer_query:<autovideosink0-actual-sink-glimage:sink>[00m pad has no peer
0:00:00.069464858 [34m 3435[00m 0x5d1b96686000 [36mINFO   [00m [00m         GST_CONTEXT gstglutils.c:115:pad_query:<gluploadelement0:sink>[00m pad peer query failed
0:00:00.069467688 [34m 3435[00m 0x5d1b96686000 [36mINFO   [00m [00m         GST_CONTEXT gstglutils.c:176:_gst_context_query:<gluploadelement0>[00m posting need context message
0:00:00.069473316 [34m 3435[00m 0x5d1b96686000 [36mINFO   [00m [00;01;31m          GST_STATES gstelement.c:2806:gst_element_continue_state:<gluploadelement0>[00m completed state change to READY
0:00:00.069476708 [34m 3435[00m 0x5d1b96686000 [36mINFO   [00m [00;01;31m          GST_STATES gstelement.c:2706:_priv_gst_element_state_changed:<gluploadelement0>[00m notifying about state-changed NULL to READY (VOID_PENDING pending)
0:00:00.069480935 [34m 3435[00m 0x5d1b96686000 [36mINFO   [00m [00;01;31m          GST_STATES gstbin.c:2928:gst_bin_change_state_func:<autovideosink0-actual-sink-glimage>[00m child 'gluploadelement0' changed state to 2(READY) successfully
0:00:00.069487493 [34m 3435[00m 0x5d1b96686000 [36mINFO   [00m [00;01;31m          GST_STATES gstelement.c:2806:gst_element_continue_state:<autovideosink0-actual-sink-glimage>[00m completed state change to READY
0:00:00.069490769 [34m 3435[00m 0x5d1b96686000 [36mINFO   [00m [00;01;31m          GST_STATES gstelement.c:2706:_priv_gst_element_state_changed:<autovideosink0-actual-sink-glimage>[00m notifying about state-changed NULL to READY (VOID_PENDING pending)
0:00:00.069500228 [34m 3435[00m 0x5d1b96686000 [36mINFO   [00m [00;01;31m          GST_STATES gstbin.c:2479:gst_bin_element_set_state:<sink>[00m current READY pending VOID_PENDING, desired next NULL
0:00:00.072174568 [34m 3435[00m 0x5d1b96686000 [36mINFO   [00m [00m           glcontext gstglcontext.c:696:gst_gl_context_finalize:<glcontextegl0>[00m send quit gl window loop
0:00:00.072214475 [34m 3435[00m 0x5d1b96686000 [36mINFO   [00m [00m            glwindow gstglwindow.c:616:gst_gl_window_quit:[00m quit sent to gl window loop
0:00:00.072221626 [34m 3435[00m 0x5d1b96686000 [36mINFO   [00m [00m           glcontext gstglcontext.c:699:gst_gl_context_finalize:<glcontextegl0>[00m joining gl thread
0:00:00.072234816 [34m 3435[00m 0x5d1b969005e0 [36mINFO   [00m [00m           glcontext gstglcontext.c:1394:gst_gl_context_create_thread:<glcontextegl0>[00m loop exited
0:00:00.076763171 [34m 3435[00m 0x5d1b96686000 [36mINFO   [00m [00m           glcontext gstglcontext.c:702:gst_gl_context_finalize:<glcontextegl0>[00m gl thread joined
0:00:00.076812329 [34m 3435[00m 0x5d1b96686000 [36mINFO   [00m [00;01;31m          GST_STATES gstelement.c:2806:gst_element_continue_state:<sink>[00m completed state change to NULL
0:00:00.076818856 [34m 3435[00m 0x5d1b96686000 [36mINFO   [00m [00;01;31m          GST_STATES gstelement.c:2706:_priv_gst_element_state_changed:<sink>[00m notifying about state-changed READY to NULL (VOID_PENDING pending)
0:00:00.076831665 [34m 3435[00m 0x5d1b96686000 [36mINFO   [00m [00;01;31m          GST_STATES gstbin.c:2928:gst_bin_change_state_func:<autovideosink0-actual-sink-glimage>[00m child 'sink' changed state to 1(NULL) successfully
0:00:00.076840067 [34m 3435[00m 0x5d1b96686000 [36mINFO   [00m [00;01;31m          GST_STATES gstbin.c:2479:gst_bin_element_set_state:<glcolorbalance0>[00m current READY pending VOID_PENDING, desired next NULL
0:00:00.076847674 [34m 3435[00m 0x5d1b96686000 [36mINFO   [00m [00;01;31m          GST_STATES gstelement.c:2806:gst_element_continue_state:<glcolorbalance0>[00m completed state change to NULL
0:00:00.076851262 [34m 3435[00m 0x5d1b96686000 [36mINFO   [00m [00;01;31m          GST_STATES gstelement.c:2706:_priv_gst_element_state_changed:<glcolorbalance0>[00m notifying about state-changed READY to NULL (VOID_PENDING pending)
0:00:00.076855781 [34m 3435[00m 0x5d1b96686000 [36mINFO   [00m [00;01;31m          GST_STATES gstbin.c:2928:gst_bin_change_state_func:<autovideosink0-actual-sink-glimage>[00m child 'glcolorbalance0' changed state to 1(NULL) successfully
0:00:00.076860477 [34m 3435[00m 0x5d1b96686000 [36mINFO   [00m [00;01;31m          GST_STATES gstbin.c:2479:gst_bin_element_set_state:<glcolorconvertelement0>[00m current READY pending VOID_PENDING, desired next NULL
0:00:00.076866040 [34m 3435[00m 0x5d1b96686000 [36mINFO   [00m [00;01;31m          GST_STATES gstelement.c:2806:gst_element_continue_state:<glcolorconvertelement0>[00m completed state change to NULL
0:00:00.076876219 [34m 3435[00m 0x5d1b96686000 [36mINFO   [00m [00;01;31m          GST_STATES gstelement.c:2706:_priv_gst_element_state_changed:<glcolorconvertelement0>[00m notifying about state-changed READY to NULL (VOID_PENDING pending)
0:00:00.076880856 [34m 3435[00m 0x5d1b96686000 [36mINFO   [00m [00;01;31m          GST_STATES gstbin.c:2928:gst_bin_change_state_func:<autovideosink0-actual-sink-glimage>[00m child 'glcolorconvertelement0' changed state to 1(NULL) successfully
0:00:00.076885697 [34m 3435[00m 0x5d1b96686000 [36mINFO   [00m [00;01;31m          GST_STATES gstbin.c:2479:gst_bin_element_set_state:<gluploadelement0>[00m current READY pending VOID_PENDING, desired next NULL
0:00:00.076892086 [34m 3435[00m 0x5d1b96686000 [36mINFO   [00m [00;01;31m          GST_STATES gstelement.c:2806:gst_element_continue_state:<gluploadelement0>[00m completed state change to NULL
0:00:00.076895826 [34m 3435[00m 0x5d1b96686000 [36mINFO   [00m [00;01;31m          GST_STATES gstelement.c:2706:_priv_gst_element_state_changed:<gluploadelement0>[00m notifying about state-changed READY to NULL (VOID_PENDING pending)
0:00:00.076903041 [34m 3435[00m 0x5d1b96686000 [36mINFO   [00m [00;01;31m          GST_STATES gstbin.c:2928:gst_bin_change_state_func:<autovideosink0-actual-sink-glimage>[00m child 'gluploadelement0' changed state to 1(NULL) successfully
0:00:00.076907520 [34m 3435[00m 0x5d1b96686000 [36mINFO   [00m [00;01;31m          GST_STATES gstelement.c:2806:gst_element_continue_state:<autovideosink0-actual-sink-glimage>[00m completed state change to NULL
0:00:00.076910982 [34m 3435[00m 0x5d1b96686000 [36mINFO   [00m [00;01;31m          GST_STATES gstelement.c:2706:_priv_gst_element_state_changed:<autovideosink0-actual-sink-glimage>[00m notifying about state-changed READY to NULL (VOID_PENDING pending)
0:00:00.076917989 [34m 3435[00m 0x5d1b96686000 [36mINFO   [00m [00;01;31;44m     GST_REFCOUNTING gstelement.c:3382:gst_element_dispose:<autovideosink0-actual-sink-xvimage>[00m 0x5d1b96926210 dispose
0:00:00.076921912 [34m 3435[00m 0x5d1b96686000 [36mINFO   [00m [00;01;37;41m    GST_ELEMENT_PADS gstelement.c:875:gst_element_remove_pad:<autovideosink0-actual-sink-xvimage>[00m removing pad 'sink'
0:00:00.076928443 [34m 3435[00m 0x5d1b96686000 [36mINFO   [00m [00;01;31;44m     GST_REFCOUNTING gstelement.c:3428:gst_element_dispose:<autovideosink0-actual-sink-xvimage>[00m 0x5d1b96926210 parent class dispose
0:00:00.076934782 [34m 3435[00m 0x5d1b96686000 [36mINFO   [00m [00;01;31;44m     GST_REFCOUNTING gstelement.c:3460:gst_element_finalize:<autovideosink0-actual-sink-xvimage>[00m 0x5d1b96926210 finalize
0:00:00.076938011 [34m 3435[00m 0x5d1b96686000 [36mINFO   [00m [00;01;31;44m     GST_REFCOUNTING gstelement.c:3465:gst_element_finalize:<autovideosink0-actual-sink-xvimage>[00m 0x5d1b96926210 finalize parent
0:00:00.076997336 [34m 3435[00m 0x5d1b96686000 [36mINFO   [00m [00;01;37;41m    GST_ELEMENT_PADS gstelement.c:1016:gst_element_get_static_pad:[00m found pad autovideosink0-actual-sink-glimage:sink
0:00:00.077003617 [34m 3435[00m 0x5d1b96686000 [36mINFO   [00m [00;01;31;44m            GST_PADS gstpad.c:2382:gst_pad_link_prepare:[00m trying to link sink:proxypad1 and autovideosink0-actual-sink-glimage:sink
0:00:00.077008306 [34m 3435[00m 0x5d1b96686000 [36mINFO   [00m [00;01;31;44m            GST_PADS gstpad.c:2590:gst_pad_link_full:[00m linked sink:proxypad1 and autovideosink0-actual-sink-glimage:sink, successful
0:00:00.077011197 [34m 3435[00m 0x5d1b96686000 [36mINFO   [00m [00;01;34m           GST_EVENT gstevent.c:1660:gst_event_new_reconfigure:[00m creating reconfigure event
0:00:00.077021767 [34m 3435[00m 0x5d1b96686000 [36mINFO   [00m [00;01;31m          GST_STATES gstbin.c:2479:gst_bin_element_set_state:<autovideosink0-actual-sink-glimage>[00m current NULL pending VOID_PENDING, desired next READY
0:00:00.077030491 [34m 3435[00m 0x5d1b96686000 [36mINFO   [00m [00;01;31m          GST_STATES gstbin.c:2479:gst_bin_element_set_state:<sink>[00m current NULL pending VOID_PENDING, desired next READY
0:00:00.077040817 [34m 3435[00m 0x5d1b96686000 [36mINFO   [00m [00;01;31;44m            GST_PADS gstpad.c:4357:gst_pad_peer_query:<autovideosink0:sink>[00m pad has no peer
0:00:00.077045192 [34m 3435[00m 0x5d1b96686000 [36mINFO   [00m [00m         GST_CONTEXT gstglutils.c:115:pad_query:<sink:sink>[00m pad peer query failed
0:00:00.077049355 [34m 3435[00m 0x5d1b96686000 [36mINFO   [00m [00m         GST_CONTEXT gstglutils.c:176:_gst_context_query:<sink>[00m posting need context message
0:00:00.077057354 [34m 3435[00m 0x5d1b96686000 [36mINFO   [00m [00;01;31;44m            GST_PADS gstpad.c:4357:gst_pad_peer_query:<autovideosink0:sink>[00m pad has no peer
0:00:00.077060883 [34m 3435[00m 0x5d1b96686000 [36mINFO   [00m [00m         GST_CONTEXT gstglutils.c:115:pad_query:<sink:sink>[00m pad peer query failed
0:00:00.077063668 [34m 3435[00m 0x5d1b96686000 [36mINFO   [00m [00m         GST_CONTEXT gstglutils.c:176:_gst_context_query:<sink>[00m posting need context message
0:00:00.077072426 [34m 3435[00m 0x5d1b96686000 [36mINFO   [00m [00m           glcontext gstglcontext.c:348:gst_gl_context_new:[00m creating a context for display <gldisplaywayland0>, user choice:(null)
0:00:00.077081956 [34m 3435[00m 0x5d1b96686000 [36mINFO   [00m [00m            glwindow gstglwindow.c:295:gst_gl_window_new:[00m creating a window, user choice:(null)
0:00:00.077087757 [34m 3435[00m 0x5d1b96686000 [36mINFO   [00m [00m            glwindow gstglwindow_x11.c:136:gst_gl_window_x11_new:[00m Wrong display type 2 for this window type 1
0:00:00.089998938 [34m 3435[00m 0x5d1b96906120 [36mINFO   [00m [00m           glcontext gstglcontext.c:1315:gst_gl_context_create_thread:<glcontextegl1>[00m Attempting to create opengl context. user chosen api(s) (any), compiled api support (opengl opengl3 gles2) display api (opengl opengl3 gles2)
0:00:00.090062050 [34m 3435[00m 0x5d1b96906120 [36mINFO   [00m [00m           glcontext gstglcontext_egl.c:901:gst_gl_context_egl_create_context:[00m egl initialized, version: 1.5
0:00:00.090276413 [34m 3435[00m 0x5d1b96906120 [36mINFO   [00m [00m           glcontext gstglcontext_egl.c:948:gst_gl_context_egl_create_context:[00m Bound OpenGL
0:00:00.090291353 [34m 3435[00m 0x5d1b96906120 [36mINFO   [00m [00m           glcontext gstglcontext_egl.c:744:gst_gl_context_egl_choose_config:[00m config set: 130970532026592, 1
0:00:00.092183487 [34m 3435[00m 0x5d1b96906120 [36mINFO   [00m [00m           glcontext gstglcontext_egl.c:1056:gst_gl_context_egl_create_context:[00m gl context created: 130970531954896
0:00:00.092221233 [34m 3435[00m 0x5d1b96906120 [36mINFO   [00m [00m           glcontext gstglcontext_egl.c:1154:gst_gl_context_egl_create_context:[00m surface created
0:00:00.092233606 [34m 3435[00m 0x5d1b96906120 [36mINFO   [00m [00m           glcontext gstglcontext.c:1329:gst_gl_context_create_thread:<glcontextegl1>[00m created context
0:00:00.092432086 [34m 3435[00m 0x5d1b96906120 [36mINFO   [00m [00m           glcontext gstglcontext.c:1345:gst_gl_context_create_thread:<glcontextegl1>[00m available GL APIs: opengl3
0:00:00.092489211 [34m 3435[00m 0x5d1b96906120 [36mINFO   [00m [00m           glcontext gstglcontext.c:1119:_create_context_info:<glcontextegl1>[00m GL_VERSION: 4.5 (Core Profile) Mesa 23.2.1-1ubuntu3.1~22.04.3
0:00:00.092493421 [34m 3435[00m 0x5d1b96906120 [36mINFO   [00m [00m           glcontext gstglcontext.c:1121:_create_context_info:<glcontextegl1>[00m GL_SHADING_LANGUAGE_VERSION: 4.50
0:00:00.092496726 [34m 3435[00m 0x5d1b96906120 [36mINFO   [00m [00m           glcontext gstglcontext.c:1124:_create_context_info:<glcontextegl1>[00m GL_VENDOR: Mesa
0:00:00.092500006 [34m 3435[00m 0x5d1b96906120 [36mINFO   [00m [00m           glcontext gstglcontext.c:1126:_create_context_info:<glcontextegl1>[00m GL_RENDERER: llvmpipe (LLVM 15.0.7, 128 bits)
0:00:00.092663255 [34m 3435[00m 0x5d1b96906120 [36mINFO   [00m [00m           glcontext gstgldebug.c:346:_gst_gl_debug_enable:<glcontextegl1>[00m Enabling GL context debugging
0:00:00.092668693 [34m 3435[00m 0x5d1b96906120 [36mINFO   [00m [00m           glcontext gstglcontext.c:1179:_unlock_create_thread:<glcontextegl1>[00m gl thread running
0:00:00.093257422 [34m 3435[00m 0x5d1b96686000 [36mINFO   [00m [00m           glcontext gstglcontext.c:1086:gst_gl_context_create:<glcontextegl1>[00m gl thread created
0:00:00.093471293 [34m 3435[00m 0x5d1b96686000 [36mINFO   [00m [00;01;31m          GST_STATES gstelement.c:2806:gst_element_continue_state:<sink>[00m completed state change to READY
0:00:00.093482818 [34m 3435[00m 0x5d1b96686000 [36mINFO   [00m [00;01;31m          GST_STATES gstelement.c:2706:_priv_gst_element_state_changed:<sink>[00m notifying about state-changed NULL to READY (VOID_PENDING pending)
0:00:00.093491536 [34m 3435[00m 0x5d1b96686000 [36mINFO   [00m [00;01;31m          GST_STATES gstbin.c:2928:gst_bin_change_state_func:<autovideosink0-actual-sink-glimage>[00m child 'sink' changed state to 2(READY) successfully
0:00:00.093500186 [34m 3435[00m 0x5d1b96686000 [36mINFO   [00m [00;01;31m          GST_STATES gstbin.c:2479:gst_bin_element_set_state:<glcolorbalance0>[00m current NULL pending VOID_PENDING, desired next READY
0:00:00.093514494 [34m 3435[00m 0x5d1b96686000 [36mINFO   [00m [00m         GST_CONTEXT gstglutils.c:159:_gst_context_query:<glcolorbalance0>[00m found context (0x5d1b96900760) in downstream query
0:00:00.093522769 [34m 3435[00m 0x5d1b96686000 [36mINFO   [00m [00m         GST_CONTEXT gstglutils.c:115:pad_query:<glcolorbalance0:src>[00m pad peer query failed
0:00:00.093531301 [34m 3435[00m 0x5d1b96686000 [36mINFO   [00m [00;01;31;44m            GST_PADS gstpad.c:4357:gst_pad_peer_query:<autovideosink0:sink>[00m pad has no peer
0:00:00.093536475 [34m 3435[00m 0x5d1b96686000 [36mINFO   [00m [00m         GST_CONTEXT gstglutils.c:115:pad_query:<glcolorbalance0:sink>[00m pad peer query failed
0:00:00.093539603 [34m 3435[00m 0x5d1b96686000 [36mINFO   [00m [00m         GST_CONTEXT gstglutils.c:176:_gst_context_query:<glcolorbalance0>[00m posting need context message
0:00:00.093545475 [34m 3435[00m 0x5d1b96686000 [36mINFO   [00m [00;01;31m          GST_STATES gstelement.c:2806:gst_element_continue_state:<glcolorbalance0>[00m completed state change to READY
0:00:00.093549759 [34m 3435[00m 0x5d1b96686000 [36mINFO   [00m [00;01;31m          GST_STATES gstelement.c:2706:_priv_gst_element_state_changed:<glcolorbalance0>[00m notifying about state-changed NULL to READY (VOID_PENDING pending)
0:00:00.093554931 [34m 3435[00m 0x5d1b96686000 [36mINFO   [00m [00;01;31m          GST_STATES gstbin.c:2928:gst_bin_change_state_func:<autovideosink0-actual-sink-glimage>[00m child 'glcolorbalance0' changed state to 2(READY) successfully
0:00:00.093559921 [34m 3435[00m 0x5d1b96686000 [36mINFO   [00m [00;01;31m          GST_STATES gstbin.c:2479:gst_bin_element_set_state:<glcolorconvertelement0>[00m current NULL pending VOID_PENDING, desired next READY
0:00:00.093566366 [34m 3435[00m 0x5d1b96686000 [36mINFO   [00m [00m         GST_CONTEXT gstglutils.c:159:_gst_context_query:<glcolorconvertelement0>[00m found context (0x5d1b96900580) in downstream query
0:00:00.093571251 [34m 3435[00m 0x5d1b96686000 [36mINFO   [00m [00m         GST_CONTEXT gstglutils.c:115:pad_query:<glcolorconvertelement0:src>[00m pad peer query failed
0:00:00.093575391 [34m 3435[00m 0x5d1b96686000 [36mINFO   [00m [00;01;31;44m            GST_PADS gstpad.c:4357:gst_pad_peer_query:<autovideosink0:sink>[00m pad has no peer
0:00:00.093580739 [34m 3435[00m 0x5d1b96686000 [36mINFO   [00m [00m         GST_CONTEXT gstglutils.c:115:pad_query:<glcolorconvertelement0:sink>[00m pad peer query failed
0:00:00.093583554 [34m 3435[00m 0x5d1b96686000 [36mINFO   [00m [00m         GST_CONTEXT gstglutils.c:176:_gst_context_query:<glcolorconvertelement0>[00m posting need context message
0:00:00.093595705 [34m 3435[00m 0x5d1b96686000 [36mINFO   [00m [00;01;31m          GST_STATES gstelement.c:2806:gst_element_continue_state:<glcolorconvertelement0>[00m completed state change to READY
0:00:00.093599473 [34m 3435[00m 0x5d1b96686000 [36mINFO   [00m [00;01;31m          GST_STATES gstelement.c:2706:_priv_gst_element_state_changed:<glcolorconvertelement0>[00m notifying about state-changed NULL to READY (VOID_PENDING pending)
0:00:00.093604143 [34m 3435[00m 0x5d1b96686000 [36mINFO   [00m [00;01;31m          GST_STATES gstbin.c:2928:gst_bin_change_state_func:<autovideosink0-actual-sink-glimage>[00m child 'glcolorconvertelement0' changed state to 2(READY) successfully
0:00:00.093608393 [34m 3435[00m 0x5d1b96686000 [36mINFO   [00m [00;01;31m          GST_STATES gstbin.c:2479:gst_bin_element_set_state:<gluploadelement0>[00m current NULL pending VOID_PENDING, desired next READY
0:00:00.093613952 [34m 3435[00m 0x5d1b96686000 [36mINFO   [00m [00m         GST_CONTEXT gstglutils.c:159:_gst_context_query:<gluploadelement0>[00m found context (0x5d1b969005e0) in downstream query
0:00:00.093618418 [34m 3435[00m 0x5d1b96686000 [36mINFO   [00m [00m         GST_CONTEXT gstglutils.c:115:pad_query:<gluploadelement0:src>[00m pad peer query failed
0:00:00.093622149 [34m 3435[00m 0x5d1b96686000 [36mINFO   [00m [00;01;31;44m            GST_PADS gstpad.c:4357:gst_pad_peer_query:<autovideosink0:sink>[00m pad has no peer
0:00:00.093625411 [34m 3435[00m 0x5d1b96686000 [36mINFO   [00m [00m         GST_CONTEXT gstglutils.c:115:pad_query:<gluploadelement0:sink>[00m pad peer query failed
0:00:00.093628185 [34m 3435[00m 0x5d1b96686000 [36mINFO   [00m [00m         GST_CONTEXT gstglutils.c:176:_gst_context_query:<gluploadelement0>[00m posting need context message
0:00:00.093632061 [34m 3435[00m 0x5d1b96686000 [36mINFO   [00m [00;01;31m          GST_STATES gstelement.c:2806:gst_element_continue_state:<gluploadelement0>[00m completed state change to READY
0:00:00.093635389 [34m 3435[00m 0x5d1b96686000 [36mINFO   [00m [00;01;31m          GST_STATES gstelement.c:2706:_priv_gst_element_state_changed:<gluploadelement0>[00m notifying about state-changed NULL to READY (VOID_PENDING pending)
0:00:00.093639938 [34m 3435[00m 0x5d1b96686000 [36mINFO   [00m [00;01;31m          GST_STATES gstbin.c:2928:gst_bin_change_state_func:<autovideosink0-actual-sink-glimage>[00m child 'gluploadelement0' changed state to 2(READY) successfully
0:00:00.093644190 [34m 3435[00m 0x5d1b96686000 [36mINFO   [00m [00;01;31m          GST_STATES gstelement.c:2806:gst_element_continue_state:<autovideosink0-actual-sink-glimage>[00m completed state change to READY
0:00:00.093647460 [34m 3435[00m 0x5d1b96686000 [36mINFO   [00m [00;01;31m          GST_STATES gstelement.c:2706:_priv_gst_element_state_changed:<autovideosink0-actual-sink-glimage>[00m notifying about state-changed NULL to READY (VOID_PENDING pending)
0:00:00.093652259 [34m 3435[00m 0x5d1b96686000 [36mINFO   [00m [00;01;31m          GST_STATES gstbin.c:2928:gst_bin_change_state_func:<autovideosink0>[00m child 'autovideosink0-actual-sink-glimage' changed state to 2(READY) successfully
0:00:00.093656584 [34m 3435[00m 0x5d1b96686000 [36mINFO   [00m [00;01;31m          GST_STATES gstelement.c:2806:gst_element_continue_state:<autovideosink0>[00m completed state change to READY
0:00:00.093659902 [34m 3435[00m 0x5d1b96686000 [36mINFO   [00m [00;01;31m          GST_STATES gstelement.c:2706:_priv_gst_element_state_changed:<autovideosink0>[00m notifying about state-changed NULL to READY (VOID_PENDING pending)
0:00:00.093728851 [34m 3435[00m 0x5d1b96686000 [36mINFO   [00m [00;01;31m          GST_STATES gstbin.c:2928:gst_bin_change_state_func:<pipeline0>[00m child 'autovideosink0' changed state to 2(READY) successfully
0:00:00.093740153 [34m 3435[00m 0x5d1b96686000 [36mINFO   [00m [00;01;31m          GST_STATES gstbin.c:2479:gst_bin_element_set_state:<decodebin0>[00m current NULL pending VOID_PENDING, desired next READY
0:00:00.093767802 [34m 3435[00m 0x5d1b96686000 [36mINFO   [00m [00;01;31m          GST_STATES gstbin.c:2479:gst_bin_element_set_state:<typefind>[00m current NULL pending VOID_PENDING, desired next READY
0:00:00.093772421 [34m 3435[00m 0x5d1b96686000 [36mINFO   [00m [00;01;31m          GST_STATES gstelement.c:2806:gst_element_continue_state:<typefind>[00m completed state change to READY
0:00:00.093776525 [34m 3435[00m 0x5d1b96686000 [36mINFO   [00m [00;01;31m          GST_STATES gstelement.c:2706:_priv_gst_element_state_changed:<typefind>[00m notifying about state-changed NULL to READY (VOID_PENDING pending)
0:00:00.093782714 [34m 3435[00m 0x5d1b96686000 [36mINFO   [00m [00;01;31m          GST_STATES gstbin.c:2928:gst_bin_change_state_func:<decodebin0>[00m child 'typefind' changed state to 2(READY) successfully
0:00:00.093786603 [34m 3435[00m 0x5d1b96686000 [36mINFO   [00m [00;01;31m          GST_STATES gstelement.c:2806:gst_element_continue_state:<decodebin0>[00m completed state change to READY
0:00:00.093790145 [34m 3435[00m 0x5d1b96686000 [36mINFO   [00m [00;01;31m          GST_STATES gstelement.c:2706:_priv_gst_element_state_changed:<decodebin0>[00m notifying about state-changed NULL to READY (VOID_PENDING pending)
0:00:00.093795002 [34m 3435[00m 0x5d1b96686000 [36mINFO   [00m [00;01;31m          GST_STATES gstbin.c:2928:gst_bin_change_state_func:<pipeline0>[00m child 'decodebin0' changed state to 2(READY) successfully
0:00:00.093799404 [34m 3435[00m 0x5d1b96686000 [36mINFO   [00m [00;01;31m          GST_STATES gstbin.c:2479:gst_bin_element_set_state:<filesrc0>[00m current NULL pending VOID_PENDING, desired next READY
0:00:00.093803625 [34m 3435[00m 0x5d1b96686000 [36mINFO   [00m [00;01;31m          GST_STATES gstelement.c:2806:gst_element_continue_state:<filesrc0>[00m completed state change to READY
0:00:00.093807236 [34m 3435[00m 0x5d1b96686000 [36mINFO   [00m [00;01;31m          GST_STATES gstelement.c:2706:_priv_gst_element_state_changed:<filesrc0>[00m notifying about state-changed NULL to READY (VOID_PENDING pending)
0:00:00.093811736 [34m 3435[00m 0x5d1b96686000 [36mINFO   [00m [00;01;31m          GST_STATES gstbin.c:2928:gst_bin_change_state_func:<pipeline0>[00m child 'filesrc0' changed state to 2(READY) successfully
0:00:00.093816753 [34m 3435[00m 0x5d1b96686000 [36mINFO   [00m [00;01;31m          GST_STATES gstelement.c:2778:gst_element_continue_state:<pipeline0>[00m committing state from NULL to READY, pending PAUSED, next PAUSED
0:00:00.093820613 [34m 3435[00m 0x5d1b96686000 [36mINFO   [00m [00;01;31m          GST_STATES gstelement.c:2706:_priv_gst_element_state_changed:<pipeline0>[00m notifying about state-changed NULL to READY (PAUSED pending)
0:00:00.093954277 [34m 3435[00m 0x5d1b96686000 [36mINFO   [00m [00;01;31m          GST_STATES gstbin.c:2069:gst_bin_get_state_func:<pipeline0>[00m getting state
0:00:00.093966818 [34m 3435[00m 0x5d1b96686000 [36mINFO   [00m [00;01;31m          GST_STATES gstelement.c:2522:gst_element_get_state_func:<pipeline0>[00m waiting for element to commit state
0:00:00.093977542 [34m 3435[00m 0x5d1b96686000 [36mINFO   [00m [00;01;31m          GST_STATES gstelement.c:2537:gst_element_get_state_func:<pipeline0>[00m timed out
0:00:00.094035356 [34m 3435[00m 0x5d1b96686000 [36mINFO   [00m [00;01;31m          GST_STATES gstbin.c:2069:gst_bin_get_state_func:<autovideosink0>[00m getting state
0:00:00.094081198 [34m 3435[00m 0x5d1b96686000 [36mINFO   [00m [00;01;31m          GST_STATES gstbin.c:2069:gst_bin_get_state_func:<autovideosink0-actual-sink-glimage>[00m getting state
0:00:00.094780351 [34m 3435[00m 0x5d1b96686000 [36mINFO   [00m [00;01;31m          GST_STATES gstbin.c:2069:gst_bin_get_state_func:<decodebin0>[00m getting state
0:00:00.095033058 [34m 3435[00m 0x5d1b96686000 [36mINFO   [00m [00;04m             default gstdebugutils.c:879:gst_debug_bin_to_dot_file:[00m wrote bin graph to : '/home/vboxuser/Documents/logs/DOT/0.00.00.093826044-gst-launch.NULL_READY.dot'
0:00:00.095057106 [34m 3435[00m 0x5d1b96686000 [36mINFO   [00m [00;01;31m          GST_STATES gstelement.c:2786:gst_element_continue_state:<pipeline0>[00m continue state change READY to PAUSED, final PAUSED
0:00:00.095070753 [34m 3435[00m 0x5d1b96686000 [36mINFO   [00m [00;01;31m          GST_STATES gstbin.c:2479:gst_bin_element_set_state:<autovideosink0>[00m current READY pending VOID_PENDING, desired next PAUSED
0:00:00.095078543 [34m 3435[00m 0x5d1b96686000 [36mINFO   [00m [00;01;31m          GST_STATES gstbin.c:2479:gst_bin_element_set_state:<autovideosink0-actual-sink-glimage>[00m current READY pending VOID_PENDING, desired next PAUSED
0:00:00.095086455 [34m 3435[00m 0x5d1b96686000 [36mINFO   [00m [00;01;31m          GST_STATES gstbin.c:2479:gst_bin_element_set_state:<sink>[00m current READY pending VOID_PENDING, desired next PAUSED
0:00:00.095102891 [34m 3435[00m 0x5d1b96686000 [36mINFO   [00m [00;01;31m          GST_STATES gstbin.c:2935:gst_bin_change_state_func:<autovideosink0-actual-sink-glimage>[00m child 'sink' is changing state asynchronously to PAUSED
0:00:00.095107612 [34m 3435[00m 0x5d1b96686000 [36mINFO   [00m [00;01;31m          GST_STATES gstbin.c:2479:gst_bin_element_set_state:<glcolorbalance0>[00m current READY pending VOID_PENDING, desired next PAUSED
0:00:00.095114703 [34m 3435[00m 0x5d1b96686000 [36mINFO   [00m [00;01;31m          GST_STATES gstelement.c:2806:gst_element_continue_state:<glcolorbalance0>[00m completed state change to PAUSED
0:00:00.095119283 [34m 3435[00m 0x5d1b96686000 [36mINFO   [00m [00;01;31m          GST_STATES gstelement.c:2706:_priv_gst_element_state_changed:<glcolorbalance0>[00m notifying about state-changed READY to PAUSED (VOID_PENDING pending)
0:00:00.095126405 [34m 3435[00m 0x5d1b96686000 [36mINFO   [00m [00;01;31m          GST_STATES gstbin.c:2928:gst_bin_change_state_func:<autovideosink0-actual-sink-glimage>[00m child 'glcolorbalance0' changed state to 3(PAUSED) successfully
0:00:00.095131027 [34m 3435[00m 0x5d1b96686000 [36mINFO   [00m [00;01;31m          GST_STATES gstbin.c:2479:gst_bin_element_set_state:<glcolorconvertelement0>[00m current READY pending VOID_PENDING, desired next PAUSED
0:00:00.095136236 [34m 3435[00m 0x5d1b96686000 [36mINFO   [00m [00;01;31m          GST_STATES gstelement.c:2806:gst_element_continue_state:<glcolorconvertelement0>[00m completed state change to PAUSED
0:00:00.095139857 [34m 3435[00m 0x5d1b96686000 [36mINFO   [00m [00;01;31m          GST_STATES gstelement.c:2706:_priv_gst_element_state_changed:<glcolorconvertelement0>[00m notifying about state-changed READY to PAUSED (VOID_PENDING pending)
0:00:00.095145354 [34m 3435[00m 0x5d1b96686000 [36mINFO   [00m [00;01;31m          GST_STATES gstbin.c:2928:gst_bin_change_state_func:<autovideosink0-actual-sink-glimage>[00m child 'glcolorconvertelement0' changed state to 3(PAUSED) successfully
0:00:00.095149486 [34m 3435[00m 0x5d1b96686000 [36mINFO   [00m [00;01;31m          GST_STATES gstbin.c:2479:gst_bin_element_set_state:<gluploadelement0>[00m current READY pending VOID_PENDING, desired next PAUSED
0:00:00.095154539 [34m 3435[00m 0x5d1b96686000 [36mINFO   [00m [00;01;31m          GST_STATES gstelement.c:2806:gst_element_continue_state:<gluploadelement0>[00m completed state change to PAUSED
0:00:00.095158199 [34m 3435[00m 0x5d1b96686000 [36mINFO   [00m [00;01;31m          GST_STATES gstelement.c:2706:_priv_gst_element_state_changed:<gluploadelement0>[00m notifying about state-changed READY to PAUSED (VOID_PENDING pending)
0:00:00.095163082 [34m 3435[00m 0x5d1b96686000 [36mINFO   [00m [00;01;31m          GST_STATES gstbin.c:2928:gst_bin_change_state_func:<autovideosink0-actual-sink-glimage>[00m child 'gluploadelement0' changed state to 3(PAUSED) successfully
0:00:00.095170083 [34m 3435[00m 0x5d1b96686000 [36mINFO   [00m [00;01;31m          GST_STATES gstbin.c:2935:gst_bin_change_state_func:<autovideosink0>[00m child 'autovideosink0-actual-sink-glimage' is changing state asynchronously to PAUSED
0:00:00.095192155 [34m 3435[00m 0x5d1b96686000 [36mINFO   [00m [00;01;31m          GST_STATES gstbin.c:2935:gst_bin_change_state_func:<pipeline0>[00m child 'autovideosink0' is changing state asynchronously to PAUSED
0:00:00.095196796 [34m 3435[00m 0x5d1b96686000 [36mINFO   [00m [00;01;31m          GST_STATES gstbin.c:2479:gst_bin_element_set_state:<decodebin0>[00m current READY pending VOID_PENDING, desired next PAUSED
0:00:00.095208087 [34m 3435[00m 0x5d1b96686000 [36mINFO   [00m [00;01;31m          GST_STATES gstbin.c:2479:gst_bin_element_set_state:<typefind>[00m current READY pending VOID_PENDING, desired next PAUSED
0:00:00.095218748 [34m 3435[00m 0x5d1b96686000 [36mINFO   [00m [00m             filesrc gstfilesrc.c:465:gst_file_src_start:<filesrc0>[00m opening file /home/vboxuser/Downloads/sam.mp4
0:00:00.095238811 [34m 3435[00m 0x5d1b96686000 [33;01mWARN   [00m [00m             basesrc gstbasesrc.c:3688:gst_base_src_start_complete:<filesrc0>[00m pad not activated yet
0:00:00.095256900 [34m 3435[00m 0x5d1b96686000 [36mINFO   [00m [00m             filesrc gstfilesrc.c:465:gst_file_src_start:<filesrc0>[00m opening file /home/vboxuser/Downloads/sam.mp4
0:00:00.095287616 [34m 3435[00m 0x5d1b96686000 [36mINFO   [00m [00m                task gsttask.c:516:gst_task_set_lock:[00m setting stream lock 0x5d1b96904480 on task 0x5d1b96910290
0:00:00.095292118 [34m 3435[00m 0x5d1b96686000 [36mINFO   [00m [00;01;31;44m            GST_PADS gstpad.c:6291:gst_pad_start_task:<typefind:sink>[00m created task 0x5d1b96910290
0:00:00.095527027 [34m 3435[00m 0x5d1b96686000 [36mINFO   [00m [00;01;31m          GST_STATES gstelement.c:2806:gst_element_continue_state:<typefind>[00m completed state change to PAUSED
0:00:00.095542856 [34m 3435[00m 0x5d1b96686000 [36mINFO   [00m [00;01;31m          GST_STATES gstelement.c:2706:_priv_gst_element_state_changed:<typefind>[00m notifying about state-changed READY to PAUSED (VOID_PENDING pending)
0:00:00.095552620 [34m 3435[00m 0x5d1b96686000 [36mINFO   [00m [00;01;31m          GST_STATES gstbin.c:2928:gst_bin_change_state_func:<decodebin0>[00m child 'typefind' changed state to 3(PAUSED) successfully
0:00:00.095560722 [34m 3435[00m 0x5d1b96686000 [36mINFO   [00m [00;01;31m          GST_STATES gstbin.c:2935:gst_bin_change_state_func:<pipeline0>[00m child 'decodebin0' is changing state asynchronously to PAUSED
0:00:00.095565554 [34m 3435[00m 0x5d1b96686000 [36mINFO   [00m [00;01;31m          GST_STATES gstbin.c:2479:gst_bin_element_set_state:<filesrc0>[00m current READY pending VOID_PENDING, desired next PAUSED
0:00:00.095571360 [34m 3435[00m 0x5d1b96686000 [36mINFO   [00m [00;01;31m          GST_STATES gstelement.c:2806:gst_element_continue_state:<filesrc0>[00m completed state change to PAUSED
0:00:00.095575524 [34m 3435[00m 0x5d1b96686000 [36mINFO   [00m [00;01;31m          GST_STATES gstelement.c:2706:_priv_gst_element_state_changed:<filesrc0>[00m notifying about state-changed READY to PAUSED (VOID_PENDING pending)
0:00:00.095580202 [34m 3435[00m 0x5d1b96686000 [36mINFO   [00m [00;01;31m          GST_STATES gstbin.c:2928:gst_bin_change_state_func:<pipeline0>[00m child 'filesrc0' changed state to 3(PAUSED) successfully
0:00:00.095584580 [34m 3435[00m 0x5d1b96686000 [36mINFO   [00m [00;01m            pipeline gstpipeline.c:533:gst_pipeline_change_state:<pipeline0>[00m pipeline is not live
Pipeline is PREROLLING ...
0:00:00.095798263 [34m 3435[00m 0x5d1b96900700 [36mINFO   [00m [00;01;37;41m    GST_ELEMENT_PADS gstelement.c:1016:gst_element_get_static_pad:[00m found pad typefind:sink
Got context from element 'autovideosink0': gst.gl.GLDisplay=context, gst.gl.GLDisplay=(GstGLDisplay)"\(GstGLDisplayWayland\)\ gldisplaywayland0";
0:00:00.097649583 [34m 3435[00m 0x5d1b96900700 [36mINFO   [00m [00;32m        GST_TYPEFIND gsttypefind.c:72:gst_type_find_register:[00m registering typefind function for video/x-msvideo
0:00:00.097780091 [34m 3435[00m 0x5d1b96900700 [36mINFO   [00m [00;32m        GST_TYPEFIND gsttypefind.c:72:gst_type_find_register:[00m registering typefind function for audio/qcelp
0:00:00.097795990 [34m 3435[00m 0x5d1b96900700 [36mINFO   [00m [00;32m        GST_TYPEFIND gsttypefind.c:72:gst_type_find_register:[00m registering typefind function for video/x-cdxa
0:00:00.097804740 [34m 3435[00m 0x5d1b96900700 [36mINFO   [00m [00;32m        GST_TYPEFIND gsttypefind.c:72:gst_type_find_register:[00m registering typefind function for audio/riff-midi
0:00:00.097813057 [34m 3435[00m 0x5d1b96900700 [36mINFO   [00m [00;32m        GST_TYPEFIND gsttypefind.c:72:gst_type_find_register:[00m registering typefind function for audio/x-wav
0:00:00.097913822 [34m 3435[00m 0x5d1b96900700 [36mINFO   [00m [00;32m        GST_TYPEFIND gsttypefind.c:72:gst_type_find_register:[00m registering typefind function for image/webp
0:00:00.097931780 [34m 3435[00m 0x5d1b96900700 [36mINFO   [00m [00;32m        GST_TYPEFIND gsttypefind.c:72:gst_type_find_register:[00m registering typefind function for video/x-ms-asf
0:00:00.097941856 [34m 3435[00m 0x5d1b96900700 [36mINFO   [00m [00;32m        GST_TYPEFIND gsttypefind.c:72:gst_type_find_register:[00m registering typefind function for video/x-vcd
0:00:00.098088915 [34m 3435[00m 0x5d1b96900700 [36mINFO   [00m [00;32m        GST_TYPEFIND gsttypefind.c:72:gst_type_find_register:[00m registering typefind function for audio/x-imelody
0:00:00.098102850 [34m 3435[00m 0x5d1b96900700 [36mINFO   [00m [00;32m        GST_TYPEFIND gsttypefind.c:72:gst_type_find_register:[00m registering typefind function for application/x-scc
0:00:00.098112305 [34m 3435[00m 0x5d1b96900700 [36mINFO   [00m [00;32m        GST_TYPEFIND gsttypefind.c:72:gst_type_find_register:[00m registering typefind function for application/vnd.rn-realmedia
0:00:00.098121190 [34m 3435[00m 0x5d1b96900700 [36mINFO   [00m [00;32m        GST_TYPEFIND gsttypefind.c:72:gst_type_find_register:[00m registering typefind function for application/x-pn-realaudio
0:00:00.098132804 [34m 3435[00m 0x5d1b96900700 [36mINFO   [00m [00;32m        GST_TYPEFIND gsttypefind.c:72:gst_type_find_register:[00m registering typefind function for video/x-flv
0:00:00.098140605 [34m 3435[00m 0x5d1b96900700 [36mINFO   [00m [00;32m        GST_TYPEFIND gsttypefind.c:72:gst_type_find_register:[00m registering typefind function for audio/x-nist
0:00:00.098148385 [34m 3435[00m 0x5d1b96900700 [36mINFO   [00m [00;32m        GST_TYPEFIND gsttypefind.c:72:gst_type_find_register:[00m registering typefind function for audio/x-voc
0:00:00.098158434 [34m 3435[00m 0x5d1b96900700 [36mINFO   [00m [00;32m        GST_TYPEFIND gsttypefind.c:72:gst_type_find_register:[00m registering typefind function for audio/x-w64
0:00:00.098166514 [34m 3435[00m 0x5d1b96900700 [36mINFO   [00m [00;32m        GST_TYPEFIND gsttypefind.c:72:gst_type_find_register:[00m registering typefind function for audio/x-rf64
0:00:00.098174631 [34m 3435[00m 0x5d1b96900700 [36mINFO   [00m [00;32m        GST_TYPEFIND gsttypefind.c:72:gst_type_find_register:[00m registering typefind function for image/gif
0:00:00.098182728 [34m 3435[00m 0x5d1b96900700 [36mINFO   [00m [00;32m        GST_TYPEFIND gsttypefind.c:72:gst_type_find_register:[00m registering typefind function for image/png
0:00:00.098216701 [34m 3435[00m 0x5d1b96900700 [36mINFO   [00m [00;32m        GST_TYPEFIND gsttypefind.c:72:gst_type_find_register:[00m registering typefind function for video/x-mve
0:00:00.098232617 [34m 3435[00m 0x5d1b96900700 [36mINFO   [00m [00;32m        GST_TYPEFIND gsttypefind.c:72:gst_type_find_register:[00m registering typefind function for audio/x-amr-nb-sh
0:00:00.098248692 [34m 3435[00m 0x5d1b96900700 [36mINFO   [00m [00;32m        GST_TYPEFIND gsttypefind.c:72:gst_type_find_register:[00m registering typefind function for audio/x-amr-wb-sh
0:00:00.098261566 [34m 3435[00m 0x5d1b96900700 [36mINFO   [00m [00;32m        GST_TYPEFIND gsttypefind.c:72:gst_type_find_register:[00m registering typefind function for audio/x-sid
0:00:00.098278936 [34m 3435[00m 0x5d1b96900700 [36mINFO   [00m [00;32m        GST_TYPEFIND gsttypefind.c:72:gst_type_find_register:[00m registering typefind function for image/x-xcf
0:00:00.098287403 [34m 3435[00m 0x5d1b96900700 [36mINFO   [00m [00;32m        GST_TYPEFIND gsttypefind.c:72:gst_type_find_register:[00m registering typefind function for video/x-mng
0:00:00.098295654 [34m 3435[00m 0x5d1b96900700 [36mINFO   [00m [00;32m        GST_TYPEFIND gsttypefind.c:72:gst_type_find_register:[00m registering typefind function for image/x-jng
0:00:00.098329663 [34m 3435[00m 0x5d1b96900700 [36mINFO   [00m [00;32m        GST_TYPEFIND gsttypefind.c:72:gst_type_find_register:[00m registering typefind function for image/x-xpixmap
0:00:00.098343116 [34m 3435[00m 0x5d1b96900700 [36mINFO   [00m [00;32m        GST_TYPEFIND gsttypefind.c:72:gst_type_find_register:[00m registering typefind function for image/x-sun-raster
0:00:00.098351901 [34m 3435[00m 0x5d1b96900700 [36mINFO   [00m [00;32m        GST_TYPEFIND gsttypefind.c:72:gst_type_find_register:[00m registering typefind function for application/x-bzip
0:00:00.098378712 [34m 3435[00m 0x5d1b96900700 [36mINFO   [00m [00;32m        GST_TYPEFIND gsttypefind.c:72:gst_type_find_register:[00m registering typefind function for application/x-gzip
0:00:00.098390590 [34m 3435[00m 0x5d1b96900700 [36mINFO   [00m [00;32m        GST_TYPEFIND gsttypefind.c:72:gst_type_find_register:[00m registering typefind function for application/zip
0:00:00.098399577 [34m 3435[00m 0x5d1b96900700 [36mINFO   [00m [00;32m        GST_TYPEFIND gsttypefind.c:72:gst_type_find_register:[00m registering typefind function for application/x-compress
0:00:00.098408162 [34m 3435[00m 0x5d1b96900700 [36mINFO   [00m [00;32m        GST_TYPEFIND gsttypefind.c:72:gst_type_find_register:[00m registering typefind function for application/x-executable
0:00:00.098416170 [34m 3435[00m 0x5d1b96900700 [36mINFO   [00m [00;32m        GST_TYPEFIND gsttypefind.c:72:gst_type_find_register:[00m registering typefind function for audio/x-spc
0:00:00.098429739 [34m 3435[00m 0x5d1b96900700 [36mINFO   [00m [00;32m        GST_TYPEFIND gsttypefind.c:72:gst_type_find_register:[00m registering typefind function for audio/x-caf
0:00:00.098437821 [34m 3435[00m 0x5d1b96900700 [36mINFO   [00m [00;32m        GST_TYPEFIND gsttypefind.c:72:gst_type_find_register:[00m registering typefind function for application/x-rar
0:00:00.098446028 [34m 3435[00m 0x5d1b96900700 [36mINFO   [00m [00;32m        GST_TYPEFIND gsttypefind.c:72:gst_type_find_register:[00m registering typefind function for audio/x-nsf
0:00:00.098455489 [34m 3435[00m 0x5d1b96900700 [36mINFO   [00m [00;32m        GST_TYPEFIND gsttypefind.c:72:gst_type_find_register:[00m registering typefind function for audio/x-gym
0:00:00.098463485 [34m 3435[00m 0x5d1b96900700 [36mINFO   [00m [00;32m        GST_TYPEFIND gsttypefind.c:72:gst_type_find_register:[00m registering typefind function for audio/x-ay
0:00:00.098471450 [34m 3435[00m 0x5d1b96900700 [36mINFO   [00m [00;32m        GST_TYPEFIND gsttypefind.c:72:gst_type_find_register:[00m registering typefind function for audio/x-gbs
0:00:00.098479700 [34m 3435[00m 0x5d1b96900700 [36mINFO   [00m [00;32m        GST_TYPEFIND gsttypefind.c:72:gst_type_find_register:[00m registering typefind function for audio/x-vgm
0:00:00.098487256 [34m 3435[00m 0x5d1b96900700 [36mINFO   [00m [00;32m        GST_TYPEFIND gsttypefind.c:72:gst_type_find_register:[00m registering typefind function for audio/x-sap
0:00:00.098497360 [34m 3435[00m 0x5d1b96900700 [36mINFO   [00m [00;32m        GST_TYPEFIND gsttypefind.c:72:gst_type_find_register:[00m registering typefind function for video/x-ivf
0:00:00.098507293 [34m 3435[00m 0x5d1b96900700 [36mINFO   [00m [00;32m        GST_TYPEFIND gsttypefind.c:72:gst_type_find_register:[00m registering typefind function for audio/x-kss
0:00:00.098518869 [34m 3435[00m 0x5d1b96900700 [36mINFO   [00m [00;32m        GST_TYPEFIND gsttypefind.c:72:gst_type_find_register:[00m registering typefind function for application/pdf
0:00:00.098526978 [34m 3435[00m 0x5d1b96900700 [36mINFO   [00m [00;32m        GST_TYPEFIND gsttypefind.c:72:gst_type_find_register:[00m registering typefind function for application/msword
0:00:00.098535558 [34m 3435[00m 0x5d1b96900700 [36mINFO   [00m [00;32m        GST_TYPEFIND gsttypefind.c:72:gst_type_find_register:[00m registering typefind function for application/octet-stream
0:00:00.098546146 [34m 3435[00m 0x5d1b96900700 [36mINFO   [00m [00;32m        GST_TYPEFIND gsttypefind.c:72:gst_type_find_register:[00m registering typefind function for image/vnd.adobe.photoshop
0:00:00.098554215 [34m 3435[00m 0x5d1b96900700 [36mINFO   [00m [00;32m        GST_TYPEFIND gsttypefind.c:72:gst_type_find_register:[00m registering typefind function for audio/x-xi
0:00:00.098562248 [34m 3435[00m 0x5d1b96900700 [36mINFO   [00m [00;32m        GST_TYPEFIND gsttypefind.c:72:gst_type_find_register:[00m registering typefind function for audio/x-tap-dmp
0:00:00.098580664 [34m 3435[00m 0x5d1b96900700 [36mINFO   [00m [00;32m        GST_TYPEFIND gsttypefind.c:72:gst_type_find_register:[00m registering typefind function for audio/x-musepack
0:00:00.098589612 [34m 3435[00m 0x5d1b96900700 [36mINFO   [00m [00;32m        GST_TYPEFIND gsttypefind.c:72:gst_type_find_register:[00m registering typefind function for audio/x-au
0:00:00.098598581 [34m 3435[00m 0x5d1b96900700 [36mINFO   [00m [00;32m        GST_TYPEFIND gsttypefind.c:72:gst_type_find_register:[00m registering typefind function for application/x-mcc
0:00:00.098606849 [34m 3435[00m 0x5d1b96900700 [36mINFO   [00m [00;32m        GST_TYPEFIND gsttypefind.c:72:gst_type_find_register:[00m registering typefind function for audio/midi
0:00:00.098614905 [34m 3435[00m 0x5d1b96900700 [36mINFO   [00m [00;32m        GST_TYPEFIND gsttypefind.c:72:gst_type_find_register:[00m registering typefind function for audio/mobile-xmf
0:00:00.098622886 [34m 3435[00m 0x5d1b96900700 [36mINFO   [00m [00;32m        GST_TYPEFIND gsttypefind.c:72:gst_type_find_register:[00m registering typefind function for video/x-fli
0:00:00.098631762 [34m 3435[00m 0x5d1b96900700 [36mINFO   [00m [00;32m        GST_TYPEFIND gsttypefind.c:72:gst_type_find_register:[00m registering typefind function for application/x-id3v2
0:00:00.098642112 [34m 3435[00m 0x5d1b96900700 [36mINFO   [00m [00;32m        GST_TYPEFIND gsttypefind.c:72:gst_type_find_register:[00m registering typefind function for application/x-id3v1
0:00:00.098651060 [34m 3435[00m 0x5d1b96900700 [36mINFO   [00m [00;32m        GST_TYPEFIND gsttypefind.c:72:gst_type_find_register:[00m registering typefind function for application/x-apetag
0:00:00.098659730 [34m 3435[00m 0x5d1b96900700 [36mINFO   [00m [00;32m        GST_TYPEFIND gsttypefind.c:72:gst_type_find_register:[00m registering typefind function for audio/x-ttafile
0:00:00.098669215 [34m 3435[00m 0x5d1b96900700 [36mINFO   [00m [00;32m        GST_TYPEFIND gsttypefind.c:72:gst_type_find_register:[00m registering typefind function for audio/x-mod
0:00:00.098686647 [34m 3435[00m 0x5d1b96900700 [36mINFO   [00m [00;32m        GST_TYPEFIND gsttypefind.c:72:gst_type_find_register:[00m registering typefind function for audio/mpeg
0:00:00.098695602 [34m 3435[00m 0x5d1b96900700 [36mINFO   [00m [00;32m        GST_TYPEFIND gsttypefind.c:72:gst_type_find_register:[00m registering typefind function for audio/x-ac3
0:00:00.098703876 [34m 3435[00m 0x5d1b96900700 [36mINFO   [00m [00;32m        GST_TYPEFIND gsttypefind.c:72:gst_type_find_register:[00m registering typefind function for audio/x-dts
0:00:00.098716073 [34m 3435[00m 0x5d1b96900700 [36mINFO   [00m [00;32m        GST_TYPEFIND gsttypefind.c:72:gst_type_find_register:[00m registering typefind function for audio/x-gsm
0:00:00.098726803 [34m 3435[00m 0x5d1b96900700 [36mINFO   [00m [00;32m        GST_TYPEFIND gsttypefind.c:72:gst_type_find_register:[00m registering typefind function for video/mpeg-sys
0:00:00.098760864 [34m 3435[00m 0x5d1b96900700 [36mINFO   [00m [00;32m        GST_TYPEFIND gsttypefind.c:72:gst_type_find_register:[00m registering typefind function for video/mpegts
0:00:00.098778366 [34m 3435[00m 0x5d1b96900700 [36mINFO   [00m [00;32m        GST_TYPEFIND gsttypefind.c:72:gst_type_find_register:[00m registering typefind function for application/ogg
0:00:00.098789422 [34m 3435[00m 0x5d1b96900700 [36mINFO   [00m [00;32m        GST_TYPEFIND gsttypefind.c:72:gst_type_find_register:[00m registering typefind function for video/mpeg-elementary
0:00:00.098798130 [34m 3435[00m 0x5d1b96900700 [36mINFO   [00m [00;32m        GST_TYPEFIND gsttypefind.c:72:gst_type_find_register:[00m registering typefind function for video/mpeg4
0:00:00.098811284 [34m 3435[00m 0x5d1b96900700 [36mINFO   [00m [00;32m        GST_TYPEFIND gsttypefind.c:72:gst_type_find_register:[00m registering typefind function for video/x-h263
0:00:00.098845897 [34m 3435[00m 0x5d1b96900700 [36mINFO   [00m [00;32m        GST_TYPEFIND gsttypefind.c:72:gst_type_find_register:[00m registering typefind function for video/x-h264
0:00:00.098858503 [34m 3435[00m 0x5d1b96900700 [36mINFO   [00m [00;32m        GST_TYPEFIND gsttypefind.c:72:gst_type_find_register:[00m registering typefind function for video/x-h265
0:00:00.098867646 [34m 3435[00m 0x5d1b96900700 [36mINFO   [00m [00;32m        GST_TYPEFIND gsttypefind.c:72:gst_type_find_register:[00m registering typefind function for video/x-nuv
0:00:00.098875832 [34m 3435[00m 0x5d1b96900700 [36mINFO   [00m [00;32m        GST_TYPEFIND gsttypefind.c:72:gst_type_find_register:[00m registering typefind function for audio/x-m4a
0:00:00.098884184 [34m 3435[00m 0x5d1b96900700 [36mINFO   [00m [00;32m        GST_TYPEFIND gsttypefind.c:72:gst_type_find_register:[00m registering typefind function for application/x-3gp
0:00:00.098892528 [34m 3435[00m 0x5d1b96900700 [36mINFO   [00m [00;32m        GST_TYPEFIND gsttypefind.c:72:gst_type_find_register:[00m registering typefind function for video/quicktime
0:00:00.098901206 [34m 3435[00m 0x5d1b96900700 [36mINFO   [00m [00;32m        GST_TYPEFIND gsttypefind.c:72:gst_type_find_register:[00m registering typefind function for image/x-quicktime
0:00:00.098913993 [34m 3435[00m 0x5d1b96900700 [36mINFO   [00m [00;32m        GST_TYPEFIND gsttypefind.c:72:gst_type_find_register:[00m registering typefind function for image/jp2
0:00:00.098922390 [34m 3435[00m 0x5d1b96900700 [36mINFO   [00m [00;32m        GST_TYPEFIND gsttypefind.c:72:gst_type_find_register:[00m registering typefind function for image/x-jpc
0:00:00.098930495 [34m 3435[00m 0x5d1b96900700 [36mINFO   [00m [00;32m        GST_TYPEFIND gsttypefind.c:72:gst_type_find_register:[00m registering typefind function for video/mj2
0:00:00.098939378 [34m 3435[00m 0x5d1b96900700 [36mINFO   [00m [00;32m        GST_TYPEFIND gsttypefind.c:72:gst_type_find_register:[00m registering typefind function for text/html
0:00:00.098954294 [34m 3435[00m 0x5d1b96900700 [36mINFO   [00m [00;32m        GST_TYPEFIND gsttypefind.c:72:gst_type_find_register:[00m registering typefind function for application/x-shockwave-flash
0:00:00.098962946 [34m 3435[00m 0x5d1b96900700 [36mINFO   [00m [00;32m        GST_TYPEFIND gsttypefind.c:72:gst_type_find_register:[00m registering typefind function for application/xges
0:00:00.098971340 [34m 3435[00m 0x5d1b96900700 [36mINFO   [00m [00;32m        GST_TYPEFIND gsttypefind.c:72:gst_type_find_register:[00m registering typefind function for application/vnd.apple-xmeml+xml
0:00:00.098982985 [34m 3435[00m 0x5d1b96900700 [36mINFO   [00m [00;32m        GST_TYPEFIND gsttypefind.c:72:gst_type_find_register:[00m registering typefind function for application/vnd.apple-fcp+xml
0:00:00.098992223 [34m 3435[00m 0x5d1b96900700 [36mINFO   [00m [00;32m        GST_TYPEFIND gsttypefind.c:72:gst_type_find_register:[00m registering typefind function for application/vnd.pixar.opentimelineio+json
0:00:00.099004713 [34m 3435[00m 0x5d1b96900700 [36mINFO   [00m [00;32m        GST_TYPEFIND gsttypefind.c:72:gst_type_find_register:[00m registering typefind function for application/dash+xml
0:00:00.099013204 [34m 3435[00m 0x5d1b96900700 [36mINFO   [00m [00;32m        GST_TYPEFIND gsttypefind.c:72:gst_type_find_register:[00m registering typefind function for application/vnd.ms-sstr+xml
0:00:00.099021318 [34m 3435[00m 0x5d1b96900700 [36mINFO   [00m [00;32m        GST_TYPEFIND gsttypefind.c:72:gst_type_find_register:[00m registering typefind function for text/plain
0:00:00.099030965 [34m 3435[00m 0x5d1b96900700 [36mINFO   [00m [00;32m        GST_TYPEFIND gsttypefind.c:72:gst_type_find_register:[00m registering typefind function for text/utf-16
0:00:00.099039185 [34m 3435[00m 0x5d1b96900700 [36mINFO   [00m [00;32m        GST_TYPEFIND gsttypefind.c:72:gst_type_find_register:[00m registering typefind function for text/utf-32
0:00:00.099047283 [34m 3435[00m 0x5d1b96900700 [36mINFO   [00m [00;32m        GST_TYPEFIND gsttypefind.c:72:gst_type_find_register:[00m registering typefind function for text/uri-list
0:00:00.099058201 [34m 3435[00m 0x5d1b96900700 [36mINFO   [00m [00;32m        GST_TYPEFIND gsttypefind.c:72:gst_type_find_register:[00m registering typefind function for application/itc
0:00:00.099066703 [34m 3435[00m 0x5d1b96900700 [36mINFO   [00m [00;32m        GST_TYPEFIND gsttypefind.c:72:gst_type_find_register:[00m registering typefind function for application/x-hls
0:00:00.099074804 [34m 3435[00m 0x5d1b96900700 [36mINFO   [00m [00;32m        GST_TYPEFIND gsttypefind.c:72:gst_type_find_register:[00m registering typefind function for application/sdp
0:00:00.099082702 [34m 3435[00m 0x5d1b96900700 [36mINFO   [00m [00;32m        GST_TYPEFIND gsttypefind.c:72:gst_type_find_register:[00m registering typefind function for application/smil
0:00:00.099090737 [34m 3435[00m 0x5d1b96900700 [36mINFO   [00m [00;32m        GST_TYPEFIND gsttypefind.c:72:gst_type_find_register:[00m registering typefind function for application/ttml+xml
0:00:00.099099037 [34m 3435[00m 0x5d1b96900700 [36mINFO   [00m [00;32m        GST_TYPEFIND gsttypefind.c:72:gst_type_find_register:[00m registering typefind function for application/xml
0:00:00.099128169 [34m 3435[00m 0x5d1b96900700 [36mINFO   [00m [00;32m        GST_TYPEFIND gsttypefind.c:72:gst_type_find_register:[00m registering typefind function for audio/x-aiff
0:00:00.099140619 [34m 3435[00m 0x5d1b96900700 [36mINFO   [00m [00;32m        GST_TYPEFIND gsttypefind.c:72:gst_type_find_register:[00m registering typefind function for audio/x-svx
0:00:00.099149716 [34m 3435[00m 0x5d1b96900700 [36mINFO   [00m [00;32m        GST_TYPEFIND gsttypefind.c:72:gst_type_find_register:[00m registering typefind function for audio/x-paris
0:00:00.099158596 [34m 3435[00m 0x5d1b96900700 [36mINFO   [00m [00;32m        GST_TYPEFIND gsttypefind.c:72:gst_type_find_register:[00m registering typefind function for audio/x-sds
0:00:00.099170805 [34m 3435[00m 0x5d1b96900700 [36mINFO   [00m [00;32m        GST_TYPEFIND gsttypefind.c:72:gst_type_find_register:[00m registering typefind function for audio/x-ircam
0:00:00.099182921 [34m 3435[00m 0x5d1b96900700 [36mINFO   [00m [00;32m        GST_TYPEFIND gsttypefind.c:72:gst_type_find_register:[00m registering typefind function for audio/x-shorten
0:00:00.099191504 [34m 3435[00m 0x5d1b96900700 [36mINFO   [00m [00;32m        GST_TYPEFIND gsttypefind.c:72:gst_type_find_register:[00m registering typefind function for application/x-ape
0:00:00.099205419 [34m 3435[00m 0x5d1b96900700 [36mINFO   [00m [00;32m        GST_TYPEFIND gsttypefind.c:72:gst_type_find_register:[00m registering typefind function for image/jpeg
0:00:00.099217936 [34m 3435[00m 0x5d1b96900700 [36mINFO   [00m [00;32m        GST_TYPEFIND gsttypefind.c:72:gst_type_find_register:[00m registering typefind function for image/bmp
0:00:00.099234771 [34m 3435[00m 0x5d1b96900700 [36mINFO   [00m [00;32m        GST_TYPEFIND gsttypefind.c:72:gst_type_find_register:[00m registering typefind function for image/tiff
0:00:00.099257797 [34m 3435[00m 0x5d1b96900700 [36mINFO   [00m [00;32m        GST_TYPEFIND gsttypefind.c:72:gst_type_find_register:[00m registering typefind function for image/x-exr
0:00:00.099267627 [34m 3435[00m 0x5d1b96900700 [36mINFO   [00m [00;32m        GST_TYPEFIND gsttypefind.c:72:gst_type_find_register:[00m registering typefind function for image/x-portable-pixmap
0:00:00.099279830 [34m 3435[00m 0x5d1b96900700 [36mINFO   [00m [00;32m        GST_TYPEFIND gsttypefind.c:72:gst_type_find_register:[00m registering typefind function for video/x-matroska
0:00:00.099289106 [34m 3435[00m 0x5d1b96900700 [36mINFO   [00m [00;32m        GST_TYPEFIND gsttypefind.c:72:gst_type_find_register:[00m registering typefind function for application/mxf
0:00:00.099300994 [34m 3435[00m 0x5d1b96900700 [36mINFO   [00m [00;32m        GST_TYPEFIND gsttypefind.c:72:gst_type_find_register:[00m registering typefind function for video/x-dv
0:00:00.099309928 [34m 3435[00m 0x5d1b96900700 [36mINFO   [00m [00;32m        GST_TYPEFIND gsttypefind.c:72:gst_type_find_register:[00m registering typefind function for audio/iLBC-sh
0:00:00.099331355 [34m 3435[00m 0x5d1b96900700 [36mINFO   [00m [00;32m        GST_TYPEFIND gsttypefind.c:72:gst_type_find_register:[00m registering typefind function for audio/x-sbc
0:00:00.099345567 [34m 3435[00m 0x5d1b96900700 [36mINFO   [00m [00;32m        GST_TYPEFIND gsttypefind.c:72:gst_type_find_register:[00m registering typefind function for subtitle/x-kate
0:00:00.099482158 [34m 3435[00m 0x5d1b96900700 [36mINFO   [00m [00;32m        GST_TYPEFIND gsttypefind.c:72:gst_type_find_register:[00m registering typefind function for application/x-subtitle-vtt
0:00:00.099501144 [34m 3435[00m 0x5d1b96900700 [36mINFO   [00m [00;32m        GST_TYPEFIND gsttypefind.c:72:gst_type_find_register:[00m registering typefind function for audio/x-flac
0:00:00.099510588 [34m 3435[00m 0x5d1b96900700 [36mINFO   [00m [00;32m        GST_TYPEFIND gsttypefind.c:72:gst_type_find_register:[00m registering typefind function for audio/x-vorbis
0:00:00.099551427 [34m 3435[00m 0x5d1b96900700 [36mINFO   [00m [00;32m        GST_TYPEFIND gsttypefind.c:72:gst_type_find_register:[00m registering typefind function for video/x-theora
0:00:00.099563912 [34m 3435[00m 0x5d1b96900700 [36mINFO   [00m [00;32m        GST_TYPEFIND gsttypefind.c:72:gst_type_find_register:[00m registering typefind function for application/x-ogm-video
0:00:00.099573457 [34m 3435[00m 0x5d1b96900700 [36mINFO   [00m [00;32m        GST_TYPEFIND gsttypefind.c:72:gst_type_find_register:[00m registering typefind function for application/x-ogm-audio
0:00:00.099600287 [34m 3435[00m 0x5d1b96900700 [36mINFO   [00m [00;32m        GST_TYPEFIND gsttypefind.c:72:gst_type_find_register:[00m registering typefind function for application/x-ogm-text
0:00:00.099613732 [34m 3435[00m 0x5d1b96900700 [36mINFO   [00m [00;32m        GST_TYPEFIND gsttypefind.c:72:gst_type_find_register:[00m registering typefind function for audio/x-speex
0:00:00.099623876 [34m 3435[00m 0x5d1b96900700 [36mINFO   [00m [00;32m        GST_TYPEFIND gsttypefind.c:72:gst_type_find_register:[00m registering typefind function for audio/x-celt
0:00:00.099633750 [34m 3435[00m 0x5d1b96900700 [36mINFO   [00m [00;32m        GST_TYPEFIND gsttypefind.c:72:gst_type_find_register:[00m registering typefind function for application/x-ogg-skeleton
0:00:00.099662822 [34m 3435[00m 0x5d1b96900700 [36mINFO   [00m [00;32m        GST_TYPEFIND gsttypefind.c:72:gst_type_find_register:[00m registering typefind function for text/x-cmml
0:00:00.099676614 [34m 3435[00m 0x5d1b96900700 [36mINFO   [00m [00;32m        GST_TYPEFIND gsttypefind.c:72:gst_type_find_register:[00m registering typefind function for audio/aac
0:00:00.099693967 [34m 3435[00m 0x5d1b96900700 [36mINFO   [00m [00;32m        GST_TYPEFIND gsttypefind.c:72:gst_type_find_register:[00m registering typefind function for audio/x-wavpack
0:00:00.099704508 [34m 3435[00m 0x5d1b96900700 [36mINFO   [00m [00;32m        GST_TYPEFIND gsttypefind.c:72:gst_type_find_register:[00m registering typefind function for audio/x-wavpack-correction
0:00:00.099713595 [34m 3435[00m 0x5d1b96900700 [36mINFO   [00m [00;32m        GST_TYPEFIND gsttypefind.c:72:gst_type_find_register:[00m registering typefind function for application/postscript
0:00:00.099740542 [34m 3435[00m 0x5d1b96900700 [36mINFO   [00m [00;32m        GST_TYPEFIND gsttypefind.c:72:gst_type_find_register:[00m registering typefind function for image/svg+xml
0:00:00.099754287 [34m 3435[00m 0x5d1b96900700 [36mINFO   [00m [00;32m        GST_TYPEFIND gsttypefind.c:72:gst_type_find_register:[00m registering typefind function for application/x-tar
0:00:00.099769115 [34m 3435[00m 0x5d1b96900700 [36mINFO   [00m [00;32m        GST_TYPEFIND gsttypefind.c:72:gst_type_find_register:[00m registering typefind function for application/x-ar
0:00:00.099779503 [34m 3435[00m 0x5d1b96900700 [36mINFO   [00m [00;32m        GST_TYPEFIND gsttypefind.c:72:gst_type_find_register:[00m registering typefind function for application/x-ms-dos-executable
0:00:00.099789244 [34m 3435[00m 0x5d1b96900700 [36mINFO   [00m [00;32m        GST_TYPEFIND gsttypefind.c:72:gst_type_find_register:[00m registering typefind function for video/x-dirac
0:00:00.099798209 [34m 3435[00m 0x5d1b96900700 [36mINFO   [00m [00;32m        GST_TYPEFIND gsttypefind.c:72:gst_type_find_register:[00m registering typefind function for multipart/x-mixed-replace
0:00:00.099806453 [34m 3435[00m 0x5d1b96900700 [36mINFO   [00m [00;32m        GST_TYPEFIND gsttypefind.c:72:gst_type_find_register:[00m registering typefind function for application/x-mmsh
0:00:00.099818925 [34m 3435[00m 0x5d1b96900700 [36mINFO   [00m [00;32m        GST_TYPEFIND gsttypefind.c:72:gst_type_find_register:[00m registering typefind function for video/vivo
0:00:00.099828722 [34m 3435[00m 0x5d1b96900700 [36mINFO   [00m [00;32m        GST_TYPEFIND gsttypefind.c:72:gst_type_find_register:[00m registering typefind function for image/vnd.wap.wbmp
0:00:00.099839635 [34m 3435[00m 0x5d1b96900700 [36mINFO   [00m [00;32m        GST_TYPEFIND gsttypefind.c:72:gst_type_find_register:[00m registering typefind function for application/x-yuv4mpeg
0:00:00.099847451 [34m 3435[00m 0x5d1b96900700 [36mINFO   [00m [00;32m        GST_TYPEFIND gsttypefind.c:72:gst_type_find_register:[00m registering typefind function for image/x-icon
0:00:00.099855121 [34m 3435[00m 0x5d1b96900700 [36mINFO   [00m [00;32m        GST_TYPEFIND gsttypefind.c:72:gst_type_find_register:[00m registering typefind function for image/x-degas
0:00:00.099862711 [34m 3435[00m 0x5d1b96900700 [36mINFO   [00m [00;32m        GST_TYPEFIND gsttypefind.c:72:gst_type_find_register:[00m registering typefind function for application/octet-stream
0:00:00.099874071 [34m 3435[00m 0x5d1b96900700 [36mINFO   [00m [00;32m        GST_TYPEFIND gsttypefind.c:72:gst_type_find_register:[00m registering typefind function for application/x-ssa
0:00:00.099882391 [34m 3435[00m 0x5d1b96900700 [36mINFO   [00m [00;32m        GST_TYPEFIND gsttypefind.c:72:gst_type_find_register:[00m registering typefind function for video/x-pva
0:00:00.099890503 [34m 3435[00m 0x5d1b96900700 [36mINFO   [00m [00;32m        GST_TYPEFIND gsttypefind.c:72:gst_type_find_register:[00m registering typefind function for audio/audible
0:00:00.099898830 [34m 3435[00m 0x5d1b96900700 [36mINFO   [00m [00;32m        GST_TYPEFIND gsttypefind.c:72:gst_type_find_register:[00m registering typefind function for audio/x-tap-tap
0:00:00.099908372 [34m 3435[00m 0x5d1b96900700 [36mINFO   [00m [00;01;36m  GST_PLUGIN_LOADING gstplugin.c:987:_priv_gst_plugin_load_file_for_registry:[00m plugin "/usr/lib/x86_64-linux-gnu/gstreamer-1.0/libgsttypefindfunctions.so" loaded
0:00:00.099968899 [34m 3435[00m 0x5d1b96900700 [36mINFO   [00m [00;01;34m           GST_EVENT gstevent.c:892:gst_event_new_caps:[00m creating caps event video/quicktime, variant=(string)iso
0:00:00.099986709 [34m 3435[00m 0x5d1b96900700 [36mINFO   [00m [00;01;37;41m    GST_ELEMENT_PADS gstelement.c:1016:gst_element_get_static_pad:[00m found pad typefind:src
0:00:00.099991464 [34m 3435[00m 0x5d1b96900700 [36mINFO   [00m [00;01;37;41m    GST_ELEMENT_PADS gstelement.c:1016:gst_element_get_static_pad:[00m found pad typefind:sink
0:00:00.100030050 [34m 3435[00m 0x5d1b96900700 [36mINFO   [00m [00;01;31;44m            GST_PADS gstpad.c:2382:gst_pad_link_prepare:[00m trying to link typefind:src and decodepad0:proxypad3
0:00:00.100036792 [34m 3435[00m 0x5d1b96900700 [36mINFO   [00m [00;01;31;44m            GST_PADS gstpad.c:2590:gst_pad_link_full:[00m linked typefind:src and decodepad0:proxypad3, successful
0:00:00.100039976 [34m 3435[00m 0x5d1b96900700 [36mINFO   [00m [00;01;34m           GST_EVENT gstevent.c:1660:gst_event_new_reconfigure:[00m creating reconfigure event
0:00:00.102128131 [34m 3435[00m 0x5d1b96900700 [36mINFO   [00m [00;01;37;41m    GST_ELEMENT_PADS gstpad.c:2137:gst_pad_unlink:[00m unlinking typefind:src(0x5d1b96904660) and decodepad0:proxypad3(0x5d1b969189f0)
0:00:00.102162766 [34m 3435[00m 0x5d1b96900700 [36mINFO   [00m [00;01;37;41m    GST_ELEMENT_PADS gstpad.c:2192:gst_pad_unlink:[00m unlinked typefind:src and decodepad0:proxypad3
0:00:00.102169934 [34m 3435[00m 0x5d1b96900700 [36mINFO   [00m [00;01;31;44m            GST_PADS gstpad.c:2382:gst_pad_link_prepare:[00m trying to link typefind:src and decodepad0:proxypad3
0:00:00.102174775 [34m 3435[00m 0x5d1b96900700 [36mINFO   [00m [00;01;31;44m            GST_PADS gstpad.c:2590:gst_pad_link_full:[00m linked typefind:src and decodepad0:proxypad3, successful
0:00:00.102178006 [34m 3435[00m 0x5d1b96900700 [36mINFO   [00m [00;01;34m           GST_EVENT gstevent.c:1660:gst_event_new_reconfigure:[00m creating reconfigure event
0:00:00.102194399 [34m 3435[00m 0x5d1b96900700 [36mINFO   [00m [00;01;37;41m    GST_ELEMENT_PADS gstpad.c:2137:gst_pad_unlink:[00m unlinking typefind:src(0x5d1b96904660) and decodepad0:proxypad3(0x5d1b969189f0)
0:00:00.102202780 [34m 3435[00m 0x5d1b96900700 [36mINFO   [00m [00;01;37;41m    GST_ELEMENT_PADS gstpad.c:2192:gst_pad_unlink:[00m unlinked typefind:src and decodepad0:proxypad3
0:00:00.103790270 [34m 3435[00m 0x5d1b96900700 [36mINFO   [00m [00;01;36m  GST_PLUGIN_LOADING gstplugin.c:987:_priv_gst_plugin_load_file_for_registry:[00m plugin "/usr/lib/x86_64-linux-gnu/gstreamer-1.0/libgstisomp4.so" loaded
0:00:00.103819563 [34m 3435[00m 0x5d1b96900700 [36mINFO   [00m [00;01;37;41m GST_ELEMENT_FACTORY gstelementfactory.c:489:gst_element_factory_create_with_properties:[00m creating element "qtdemux"
0:00:00.103969019 [34m 3435[00m 0x5d1b96900700 [36mINFO   [00m [00;01;37;41m    GST_ELEMENT_PADS gstelement.c:759:gst_element_add_pad:<GstQTDemux@0x771da40ac1c0>[00m adding pad 'sink'
0:00:00.104006631 [34m 3435[00m 0x5d1b96900700 [36mINFO   [00m [00;01;31;44m            GST_PADS gstpad.c:2382:gst_pad_link_prepare:[00m trying to link typefind:src and qtdemux0:sink
0:00:00.104013387 [34m 3435[00m 0x5d1b96900700 [36mINFO   [00m [00;01;31;44m            GST_PADS gstpad.c:2590:gst_pad_link_full:[00m linked typefind:src and qtdemux0:sink, successful
0:00:00.104016820 [34m 3435[00m 0x5d1b96900700 [36mINFO   [00m [00;01;34m           GST_EVENT gstevent.c:1660:gst_event_new_reconfigure:[00m creating reconfigure event
0:00:00.104146935 [34m 3435[00m 0x5d1b96900700 [36mINFO   [00m [00;01;31m          GST_STATES gstelement.c:2806:gst_element_continue_state:<qtdemux0>[00m completed state change to READY
0:00:00.104157891 [34m 3435[00m 0x5d1b96900700 [36mINFO   [00m [00;01;31m          GST_STATES gstelement.c:2706:_priv_gst_element_state_changed:<qtdemux0>[00m notifying about state-changed NULL to READY (VOID_PENDING pending)
0:00:00.104240492 [34m 3435[00m 0x5d1b96900700 [36mINFO   [00m [00;01;37;41m    GST_ELEMENT_PADS gstelement.c:1013:gst_element_get_static_pad:[00m no such pad 'video_%u' in element "qtdemux0"
0:00:00.104251934 [34m 3435[00m 0x5d1b96900700 [36mINFO   [00m [00;01;37;41m    GST_ELEMENT_PADS gstelement.c:1013:gst_element_get_static_pad:[00m no such pad 'audio_%u' in element "qtdemux0"
0:00:00.104256156 [34m 3435[00m 0x5d1b96900700 [36mINFO   [00m [00;01;37;41m    GST_ELEMENT_PADS gstelement.c:1013:gst_element_get_static_pad:[00m no such pad 'subtitle_%u' in element "qtdemux0"
0:00:00.104358767 [34m 3435[00m 0x5d1b96900700 [36mINFO   [00m [00m                task gsttask.c:516:gst_task_set_lock:[00m setting stream lock 0x5d1b96905df0 on task 0x5d1b96910830
0:00:00.104368116 [34m 3435[00m 0x5d1b96900700 [36mINFO   [00m [00;01;31;44m            GST_PADS gstpad.c:6291:gst_pad_start_task:<qtdemux0:sink>[00m created task 0x5d1b96910830
0:00:00.104486418 [34m 3435[00m 0x5d1b96900700 [36mINFO   [00m [00;01;31m          GST_STATES gstelement.c:2806:gst_element_continue_state:<qtdemux0>[00m completed state change to PAUSED
0:00:00.104496291 [34m 3435[00m 0x5d1b96900700 [36mINFO   [00m [00;01;31m          GST_STATES gstelement.c:2706:_priv_gst_element_state_changed:<qtdemux0>[00m notifying about state-changed READY to PAUSED (VOID_PENDING pending)
0:00:00.104513399 [34m 3435[00m 0x5d1b96900700 [36mINFO   [00m [00;32;43m            typefind gsttypefindelement.c:183:gst_type_find_element_have_type:<typefind>[00m found caps video/quicktime, variant=(string)iso, probability=100
0:00:00.104521044 [34m 3435[00m 0x5d1b96900700 [36mINFO   [00m [00m                task gsttask.c:368:gst_task_func:<typefind:sink>[00m Task going to paused
0:00:00.105194114 [34m 3435[00m 0x771dfc0022a0 [36mINFO   [00m [00m             qtdemux qtdemux.c:13827:qtdemux_parse_tree:<qtdemux0>[00m timescale: 1000
0:00:00.105261265 [34m 3435[00m 0x771dfc0022a0 [36mINFO   [00m [00m             qtdemux qtdemux.c:13828:qtdemux_parse_tree:<qtdemux0>[00m duration: 29568
0:00:00.105291137 [34m 3435[00m 0x771dfc0022a0 [33;01mWARN   [00m [00m             qtdemux qtdemux.c:3121:qtdemux_parse_trex:<qtdemux0>[00m failed to find fragment defaults for stream 1
0:00:00.105316184 [34m 3435[00m 0x771dfc0022a0 [36mINFO   [00m [00m             qtdemux qtdemux.c:12176:qtdemux_parse_trak:<qtdemux0>[00m type avc1 caps video/x-h264, stream-format=(string)avc, alignment=(string)au, level=(string)3.1, profile=(string)main, codec_data=(buffer)014d401fffe10017674d401fda014016ec0440000003004000000c83c60ca801000468ef3c80
0:00:00.105336424 [34m 3435[00m 0x771dfc0022a0 [33;01mWARN   [00m [00m             qtdemux qtdemux.c:3121:qtdemux_parse_trex:<qtdemux0>[00m failed to find fragment defaults for stream 2
0:00:00.105358519 [34m 3435[00m 0x771dfc0022a0 [36mINFO   [00m [00m             qtdemux qtdemux.c:13002:qtdemux_parse_trak:<qtdemux0>[00m type mp4a caps audio/mpeg, mpegversion=(int)4, framed=(boolean)true, stream-format=(string)raw, level=(string)4, base-profile=(string)lc, profile=(string)lc, codec_data=(buffer)11b0
0:00:00.105412171 [34m 3435[00m 0x771dfc0022a0 [36mINFO   [00m [00;01;35m      GST_SCHEDULING gstpad.c:5030:gst_pad_get_range_unchecked:<filesrc0:src>[00m getrange failed, flow: eos
0:00:00.105419153 [34m 3435[00m 0x771dfc0022a0 [36mINFO   [00m [00;01;35m      GST_SCHEDULING gstpad.c:5245:gst_pad_pull_range:<decodebin0:sink>[00m pullrange failed, flow: eos
0:00:00.105423133 [34m 3435[00m 0x771dfc0022a0 [36mINFO   [00m [00;01;35m      GST_SCHEDULING gstpad.c:5030:gst_pad_get_range_unchecked:<sink:proxypad0>[00m getrange failed, flow: eos
0:00:00.105426537 [34m 3435[00m 0x771dfc0022a0 [36mINFO   [00m [00;01;35m      GST_SCHEDULING gstpad.c:5245:gst_pad_pull_range:<typefind:sink>[00m pullrange failed, flow: eos
0:00:00.105429809 [34m 3435[00m 0x771dfc0022a0 [36mINFO   [00m [00;01;35m      GST_SCHEDULING gstpad.c:5030:gst_pad_get_range_unchecked:<typefind:src>[00m getrange failed, flow: eos
0:00:00.105439823 [34m 3435[00m 0x771dfc0022a0 [36mINFO   [00m [00;01;35m      GST_SCHEDULING gstpad.c:5245:gst_pad_pull_range:<qtdemux0:sink>[00m pullrange failed, flow: eos
0:00:00.105500101 [34m 3435[00m 0x771dfc0022a0 [36mINFO   [00m [00;01;34m           GST_EVENT gstevent.c:892:gst_event_new_caps:[00m creating caps event video/x-h264, stream-format=(string)avc, alignment=(string)au, level=(string)3.1, profile=(string)main, codec_data=(buffer)014d401fffe10017674d401fda014016ec0440000003004000000c83c60ca801000468ef3c80, width=(int)1280, height=(int)720, framerate=(fraction)25/1, pixel-aspect-ratio=(fraction)1/1
0:00:00.105508477 [34m 3435[00m 0x771dfc0022a0 [36mINFO   [00m [00;01;37;41m    GST_ELEMENT_PADS gstelement.c:759:gst_element_add_pad:<qtdemux0>[00m adding pad 'video_0'
0:00:00.105522794 [34m 3435[00m 0x771dfc0022a0 [36mINFO   [00m [00;01;37;41m GST_ELEMENT_FACTORY gstelementfactory.c:489:gst_element_factory_create_with_properties:[00m creating element "multiqueue"
0:00:00.105591290 [34m 3435[00m 0x771dfc0022a0 [36mINFO   [00m [00;01;37;41m    GST_ELEMENT_PADS gstelement.c:1016:gst_element_get_static_pad:[00m found pad qtdemux0:sink
0:00:00.105611506 [34m 3435[00m 0x771dfc0022a0 [36mINFO   [00m [00;01;31m          GST_STATES gstelement.c:2778:gst_element_continue_state:<multiqueue0>[00m committing state from NULL to READY, pending PAUSED, next PAUSED
0:00:00.105617325 [34m 3435[00m 0x771dfc0022a0 [36mINFO   [00m [00;01;31m          GST_STATES gstelement.c:2706:_priv_gst_element_state_changed:<multiqueue0>[00m notifying about state-changed NULL to READY (PAUSED pending)
0:00:00.105622528 [34m 3435[00m 0x771dfc0022a0 [36mINFO   [00m [00;01;31m          GST_STATES gstelement.c:2786:gst_element_continue_state:<multiqueue0>[00m continue state change READY to PAUSED, final PAUSED
0:00:00.105627372 [34m 3435[00m 0x771dfc0022a0 [36mINFO   [00m [00;01;31m          GST_STATES gstelement.c:2806:gst_element_continue_state:<multiqueue0>[00m completed state change to PAUSED
0:00:00.105631472 [34m 3435[00m 0x771dfc0022a0 [36mINFO   [00m [00;01;31m          GST_STATES gstelement.c:2706:_priv_gst_element_state_changed:<multiqueue0>[00m notifying about state-changed READY to PAUSED (VOID_PENDING pending)
0:00:00.105660619 [34m 3435[00m 0x771dfc0022a0 [36mINFO   [00m [00;01;31;44m            GST_PADS gstpad.c:2382:gst_pad_link_prepare:[00m trying to link qtdemux0:video_0 and decodepad1:proxypad4
0:00:00.105666756 [34m 3435[00m 0x771dfc0022a0 [36mINFO   [00m [00;01;31;44m            GST_PADS gstpad.c:2590:gst_pad_link_full:[00m linked qtdemux0:video_0 and decodepad1:proxypad4, successful
0:00:00.105670185 [34m 3435[00m 0x771dfc0022a0 [36mINFO   [00m [00;01;34m           GST_EVENT gstevent.c:1660:gst_event_new_reconfigure:[00m creating reconfigure event
0:00:00.105867282 [34m 3435[00m 0x771dfc0022a0 [36mINFO   [00m [00;01;37;41m    GST_ELEMENT_PADS gstpad.c:2137:gst_pad_unlink:[00m unlinking qtdemux0:video_0(0x771da40b0830) and decodepad1:proxypad4(0x5d1b969189f0)
0:00:00.105877290 [34m 3435[00m 0x771dfc0022a0 [36mINFO   [00m [00;01;37;41m    GST_ELEMENT_PADS gstpad.c:2192:gst_pad_unlink:[00m unlinked qtdemux0:video_0 and decodepad1:proxypad4
0:00:00.105928020 [34m 3435[00m 0x771dfc0022a0 [36mINFO   [00m [00;01;37;41m    GST_ELEMENT_PADS gstelement.c:759:gst_element_add_pad:<multiqueue0>[00m adding pad 'src_0'
0:00:00.105933862 [34m 3435[00m 0x771dfc0022a0 [36mINFO   [00m [00;01;37;41m    GST_ELEMENT_PADS gstelement.c:759:gst_element_add_pad:<multiqueue0>[00m adding pad 'sink_0'
0:00:00.105941979 [34m 3435[00m 0x771dfc0022a0 [36mINFO   [00m [00m                task gsttask.c:516:gst_task_set_lock:[00m setting stream lock 0x771da40b0d40 on task 0x771d98002050
0:00:00.105946433 [34m 3435[00m 0x771dfc0022a0 [36mINFO   [00m [00;01;31;44m            GST_PADS gstpad.c:6291:gst_pad_start_task:<multiqueue0:src_0>[00m created task 0x771d98002050
0:00:00.106248964 [34m 3435[00m 0x771dfc0022a0 [36mINFO   [00m [00;01;31;44m            GST_PADS gstpad.c:2382:gst_pad_link_prepare:[00m trying to link qtdemux0:video_0 and multiqueue0:sink_0
0:00:00.106271914 [34m 3435[00m 0x771dfc0022a0 [36mINFO   [00m [00;01;31;44m            GST_PADS gstpad.c:2590:gst_pad_link_full:[00m linked qtdemux0:video_0 and multiqueue0:sink_0, successful
0:00:00.106275885 [34m 3435[00m 0x771dfc0022a0 [36mINFO   [00m [00;01;34m           GST_EVENT gstevent.c:1660:gst_event_new_reconfigure:[00m creating reconfigure event
0:00:00.106315681 [34m 3435[00m 0x771dfc0022a0 [36mINFO   [00m [00;01;31;44m            GST_PADS gstpad.c:2382:gst_pad_link_prepare:[00m trying to link multiqueue0:src_0 and decodepad1:proxypad4
0:00:00.106324033 [34m 3435[00m 0x771dfc0022a0 [36mINFO   [00m [00;01;31;44m            GST_PADS gstpad.c:2590:gst_pad_link_full:[00m linked multiqueue0:src_0 and decodepad1:proxypad4, successful
0:00:00.106327758 [34m 3435[00m 0x771dfc0022a0 [36mINFO   [00m [00;01;34m           GST_EVENT gstevent.c:1660:gst_event_new_reconfigure:[00m creating reconfigure event
0:00:00.106337526 [34m 3435[00m 0x771dfc0022a0 [36mINFO   [00m [00;01;37;41m    GST_ELEMENT_PADS gstpad.c:2137:gst_pad_unlink:[00m unlinking multiqueue0:src_0(0x771da40b0cd0) and decodepad1:proxypad4(0x5d1b969189f0)
0:00:00.106342762 [34m 3435[00m 0x771dfc0022a0 [36mINFO   [00m [00;01;37;41m    GST_ELEMENT_PADS gstpad.c:2192:gst_pad_unlink:[00m unlinked multiqueue0:src_0 and decodepad1:proxypad4
0:00:00.106347782 [34m 3435[00m 0x771dfc0022a0 [36mINFO   [00m [00;01;31;44m            GST_PADS gstpad.c:2382:gst_pad_link_prepare:[00m trying to link multiqueue0:src_0 and decodepad1:proxypad4
0:00:00.106351786 [34m 3435[00m 0x771dfc0022a0 [36mINFO   [00m [00;01;31;44m            GST_PADS gstpad.c:2590:gst_pad_link_full:[00m linked multiqueue0:src_0 and decodepad1:proxypad4, successful
0:00:00.106354567 [34m 3435[00m 0x771dfc0022a0 [36mINFO   [00m [00;01;34m           GST_EVENT gstevent.c:1660:gst_event_new_reconfigure:[00m creating reconfigure event
0:00:00.106369397 [34m 3435[00m 0x771dfc0022a0 [36mINFO   [00m [00;01;37;41m    GST_ELEMENT_PADS gstpad.c:2137:gst_pad_unlink:[00m unlinking multiqueue0:src_0(0x771da40b0cd0) and decodepad1:proxypad4(0x5d1b969189f0)
0:00:00.106374327 [34m 3435[00m 0x771dfc0022a0 [36mINFO   [00m [00;01;37;41m    GST_ELEMENT_PADS gstpad.c:2192:gst_pad_unlink:[00m unlinked multiqueue0:src_0 and decodepad1:proxypad4
0:00:00.107071996 [34m 3435[00m 0x771dfc0022a0 [36mINFO   [00m [00;01;36m  GST_PLUGIN_LOADING gstplugin.c:987:_priv_gst_plugin_load_file_for_registry:[00m plugin "/usr/lib/x86_64-linux-gnu/gstreamer-1.0/libgstvideoparsersbad.so" loaded
0:00:00.107086541 [34m 3435[00m 0x771dfc0022a0 [36mINFO   [00m [00;01;37;41m GST_ELEMENT_FACTORY gstelementfactory.c:489:gst_element_factory_create_with_properties:[00m creating element "h264parse"
0:00:00.107135213 [34m 3435[00m 0x771dfc0022a0 [36mINFO   [00m [00;01;37;41m    GST_ELEMENT_PADS gstelement.c:759:gst_element_add_pad:<GstBaseParse@0x771d9802d1b0>[00m adding pad 'sink'
0:00:00.107143007 [34m 3435[00m 0x771dfc0022a0 [36mINFO   [00m [00;01;37;41m    GST_ELEMENT_PADS gstelement.c:759:gst_element_add_pad:<GstBaseParse@0x771d9802d1b0>[00m adding pad 'src'
0:00:00.107156220 [34m 3435[00m 0x771dfc0022a0 [36mINFO   [00m [00m           baseparse gstbaseparse.c:4046:gst_base_parse_set_pts_interpolation:<GstH264Parse@0x771d9802d1b0>[00m PTS interpolation: no
0:00:00.107216580 [34m 3435[00m 0x771dfc0022a0 [36mINFO   [00m [00m           baseparse gstbaseparse.c:4064:gst_base_parse_set_infer_ts:<GstH264Parse@0x771d9802d1b0>[00m TS inferring: no
0:00:00.107239007 [34m 3435[00m 0x771dfc0022a0 [36mINFO   [00m [00;01;31;44m            GST_PADS gstpad.c:2382:gst_pad_link_prepare:[00m trying to link multiqueue0:src_0 and h264parse0:sink
0:00:00.107245425 [34m 3435[00m 0x771dfc0022a0 [36mINFO   [00m [00;01;31;44m            GST_PADS gstpad.c:2590:gst_pad_link_full:[00m linked multiqueue0:src_0 and h264parse0:sink, successful
0:00:00.107253995 [34m 3435[00m 0x771dfc0022a0 [36mINFO   [00m [00;01;34m           GST_EVENT gstevent.c:1660:gst_event_new_reconfigure:[00m creating reconfigure event
0:00:00.107267566 [34m 3435[00m 0x771dfc0022a0 [36mINFO   [00m [00;01;31m          GST_STATES gstelement.c:2806:gst_element_continue_state:<h264parse0>[00m completed state change to READY
0:00:00.107272146 [34m 3435[00m 0x771dfc0022a0 [36mINFO   [00m [00;01;31m          GST_STATES gstelement.c:2706:_priv_gst_element_state_changed:<h264parse0>[00m notifying about state-changed NULL to READY (VOID_PENDING pending)
0:00:00.108403910 [34m 3435[00m 0x771dfc0022a0 [36mINFO   [00m [00;01;37;41m    GST_ELEMENT_PADS gstelement.c:1016:gst_element_get_static_pad:[00m found pad h264parse0:src
0:00:00.108428280 [34m 3435[00m 0x771dfc0022a0 [36mINFO   [00m [00;01;31;44m            GST_PADS gstpad.c:2382:gst_pad_link_prepare:[00m trying to link h264parse0:src and decodepad1:proxypad4
0:00:00.108433470 [34m 3435[00m 0x771dfc0022a0 [36mINFO   [00m [00;01;31;44m            GST_PADS gstpad.c:2590:gst_pad_link_full:[00m linked h264parse0:src and decodepad1:proxypad4, successful
0:00:00.108436726 [34m 3435[00m 0x771dfc0022a0 [36mINFO   [00m [00;01;34m           GST_EVENT gstevent.c:1660:gst_event_new_reconfigure:[00m creating reconfigure event
0:00:00.108440789 [34m 3435[00m 0x771dfc0022a0 [36mINFO   [00m [00;01;34m           GST_EVENT gstpad.c:5946:gst_pad_send_event_unchecked:<h264parse0:src>[00m Received event on flushing pad. Discarding
0:00:00.109176088 [34m 3435[00m 0x771dfc0022a0 [36mINFO   [00m [00;01;37;41m GST_ELEMENT_FACTORY gstelementfactory.c:489:gst_element_factory_create_with_properties:[00m creating element "capsfilter"
0:00:00.110871176 [34m 3435[00m 0x771dfc0022a0 [36mINFO   [00m [00;01;37;41m    GST_ELEMENT_PADS gstelement.c:759:gst_element_add_pad:<GstBaseTransform@0x771da40acf90>[00m adding pad 'sink'
0:00:00.110894734 [34m 3435[00m 0x771dfc0022a0 [36mINFO   [00m [00;01;37;41m    GST_ELEMENT_PADS gstelement.c:759:gst_element_add_pad:<GstBaseTransform@0x771da40acf90>[00m adding pad 'src'
0:00:00.110910172 [34m 3435[00m 0x771dfc0022a0 [36mINFO   [00m [00;01;34m           GST_EVENT gstevent.c:1660:gst_event_new_reconfigure:[00m creating reconfigure event
0:00:00.110923432 [34m 3435[00m 0x771dfc0022a0 [36mINFO   [00m [00;01;31m          GST_STATES gstelement.c:2778:gst_element_continue_state:<capsfilter0>[00m committing state from NULL to READY, pending PAUSED, next PAUSED
0:00:00.110930130 [34m 3435[00m 0x771dfc0022a0 [36mINFO   [00m [00;01;31m          GST_STATES gstelement.c:2706:_priv_gst_element_state_changed:<capsfilter0>[00m notifying about state-changed NULL to READY (PAUSED pending)
0:00:00.110955543 [34m 3435[00m 0x771dfc0022a0 [36mINFO   [00m [00;01;31m          GST_STATES gstelement.c:2786:gst_element_continue_state:<capsfilter0>[00m continue state change READY to PAUSED, final PAUSED
0:00:00.110967827 [34m 3435[00m 0x771dfc0022a0 [36mINFO   [00m [00;01;31m          GST_STATES gstelement.c:2806:gst_element_continue_state:<capsfilter0>[00m completed state change to PAUSED
0:00:00.110972991 [34m 3435[00m 0x771dfc0022a0 [36mINFO   [00m [00;01;31m          GST_STATES gstelement.c:2706:_priv_gst_element_state_changed:<capsfilter0>[00m notifying about state-changed READY to PAUSED (VOID_PENDING pending)
0:00:00.110993949 [34m 3435[00m 0x771dfc0022a0 [36mINFO   [00m [00;01;37;41m    GST_ELEMENT_PADS gstpad.c:2137:gst_pad_unlink:[00m unlinking h264parse0:src(0x771da40b1170) and decodepad1:proxypad4(0x5d1b969189f0)
0:00:00.111005983 [34m 3435[00m 0x771dfc0022a0 [36mINFO   [00m [00;01;37;41m    GST_ELEMENT_PADS gstpad.c:2192:gst_pad_unlink:[00m unlinked h264parse0:src and decodepad1:proxypad4
0:00:00.111013544 [34m 3435[00m 0x771dfc0022a0 [36mINFO   [00m [00;01;37;41m    GST_ELEMENT_PADS gstelement.c:1016:gst_element_get_static_pad:[00m found pad capsfilter0:sink
0:00:00.111021181 [34m 3435[00m 0x771dfc0022a0 [36mINFO   [00m [00;01;31;44m            GST_PADS gstpad.c:2382:gst_pad_link_prepare:[00m trying to link h264parse0:src and capsfilter0:sink
0:00:00.111036815 [34m 3435[00m 0x771dfc0022a0 [36mINFO   [00m [00;01;31;44m            GST_PADS gstpad.c:2590:gst_pad_link_full:[00m linked h264parse0:src and capsfilter0:sink, successful
0:00:00.111041397 [34m 3435[00m 0x771dfc0022a0 [36mINFO   [00m [00;01;34m           GST_EVENT gstevent.c:1660:gst_event_new_reconfigure:[00m creating reconfigure event
0:00:00.111047658 [34m 3435[00m 0x771dfc0022a0 [36mINFO   [00m [00;01;34m           GST_EVENT gstpad.c:5946:gst_pad_send_event_unchecked:<h264parse0:src>[00m Received event on flushing pad. Discarding
0:00:00.111054325 [34m 3435[00m 0x771dfc0022a0 [36mINFO   [00m [00;01;37;41m    GST_ELEMENT_PADS gstelement.c:1016:gst_element_get_static_pad:[00m found pad capsfilter0:src
0:00:00.111060680 [34m 3435[00m 0x771dfc0022a0 [36mINFO   [00m [00;01;31;44m            GST_PADS gstpad.c:2382:gst_pad_link_prepare:[00m trying to link capsfilter0:src and decodepad1:proxypad4
0:00:00.111065704 [34m 3435[00m 0x771dfc0022a0 [36mINFO   [00m [00;01;31;44m            GST_PADS gstpad.c:2590:gst_pad_link_full:[00m linked capsfilter0:src and decodepad1:proxypad4, successful
0:00:00.111069648 [34m 3435[00m 0x771dfc0022a0 [36mINFO   [00m [00;01;34m           GST_EVENT gstevent.c:1660:gst_event_new_reconfigure:[00m creating reconfigure event
0:00:00.111075577 [34m 3435[00m 0x771dfc0022a0 [36mINFO   [00m [00;01;34m           GST_EVENT gstpad.c:5946:gst_pad_send_event_unchecked:<h264parse0:src>[00m Received event on flushing pad. Discarding
0:00:00.111348778 [34m 3435[00m 0x771dfc0022a0 [36mINFO   [00m [00;01;31m          GST_STATES gstelement.c:2806:gst_element_continue_state:<h264parse0>[00m completed state change to PAUSED
0:00:00.111361706 [34m 3435[00m 0x771dfc0022a0 [36mINFO   [00m [00;01;31m          GST_STATES gstelement.c:2706:_priv_gst_element_state_changed:<h264parse0>[00m notifying about state-changed READY to PAUSED (VOID_PENDING pending)
0:00:00.111736251 [34m 3435[00m 0x771dfc0022a0 [36mINFO   [00m [00;01;31;44m            GST_PADS gstpad.c:4357:gst_pad_peer_query:<'':decodepad1>[00m pad has no peer
0:00:00.111782476 [34m 3435[00m 0x771dfc0022a0 [36mINFO   [00m [00m           h264parse gsth264parse.c:2113:gst_h264_parse_update_src_caps:<h264parse0>[00m pixel aspect ratio has been changed 1/1
0:00:00.111794581 [34m 3435[00m 0x771dfc0022a0 [36mINFO   [00m [00m           baseparse gstbaseparse.c:4088:gst_base_parse_set_latency:<h264parse0>[00m min/max latency 0:00:00.040000000, 0:00:00.040000000
0:00:00.111808044 [34m 3435[00m 0x771dfc0022a0 [36mINFO   [00m [00;01;31;44m            GST_PADS gstpad.c:4357:gst_pad_peer_query:<'':decodepad1>[00m pad has no peer
0:00:00.111835002 [34m 3435[00m 0x771dfc0022a0 [36mINFO   [00m [00;01;34m           GST_EVENT gstevent.c:892:gst_event_new_caps:[00m creating caps event video/x-h264, stream-format=(string)avc, alignment=(string)au, level=(string)3.1, profile=(string)main, codec_data=(buffer)014d401fffe10017674d401fda014016ec0440000003004000000c83c60ca801000468ef3c80, width=(int)1280, height=(int)720, framerate=(fraction)25/1, pixel-aspect-ratio=(fraction)1/1, chroma-format=(string)4:2:0, bit-depth-luma=(uint)8, bit-depth-chroma=(uint)8, parsed=(boolean)true
0:00:00.111857261 [34m 3435[00m 0x771dfc0022a0 [36mINFO   [00m [00;01;31;44m            GST_PADS gstpad.c:4357:gst_pad_peer_query:<'':decodepad1>[00m pad has no peer
0:00:00.111866662 [34m 3435[00m 0x771dfc0022a0 [36mINFO   [00m [00m       basetransform gstbasetransform.c:1325:gst_base_transform_setcaps:<capsfilter0>[00m reuse caps
0:00:00.111877270 [34m 3435[00m 0x771dfc0022a0 [36mINFO   [00m [00;01;34m           GST_EVENT gstevent.c:892:gst_event_new_caps:[00m creating caps event video/x-h264, stream-format=(string)avc, alignment=(string)au, level=(string)3.1, profile=(string)main, codec_data=(buffer)014d401fffe10017674d401fda014016ec0440000003004000000c83c60ca801000468ef3c80, width=(int)1280, height=(int)720, framerate=(fraction)25/1, pixel-aspect-ratio=(fraction)1/1, chroma-format=(string)4:2:0, bit-depth-luma=(uint)8, bit-depth-chroma=(uint)8, parsed=(boolean)true
0:00:00.111895940 [34m 3435[00m 0x771dfc0022a0 [36mINFO   [00m [00;01;37;41m    GST_ELEMENT_PADS gstpad.c:2137:gst_pad_unlink:[00m unlinking capsfilter0:src(0x771da40b1610) and decodepad1:proxypad4(0x5d1b969189f0)
0:00:00.111902893 [34m 3435[00m 0x771dfc0022a0 [36mINFO   [00m [00;01;37;41m    GST_ELEMENT_PADS gstpad.c:2192:gst_pad_unlink:[00m unlinked capsfilter0:src and decodepad1:proxypad4
0:00:00.111913928 [34m 3435[00m 0x771dfc0022a0 [36mINFO   [00m [00;01;31;44m            GST_PADS gstpad.c:2382:gst_pad_link_prepare:[00m trying to link capsfilter0:src and decodepad1:proxypad4
0:00:00.111918992 [34m 3435[00m 0x771dfc0022a0 [36mINFO   [00m [00;01;31;44m            GST_PADS gstpad.c:2590:gst_pad_link_full:[00m linked capsfilter0:src and decodepad1:proxypad4, successful
0:00:00.111922019 [34m 3435[00m 0x771dfc0022a0 [36mINFO   [00m [00;01;34m           GST_EVENT gstevent.c:1660:gst_event_new_reconfigure:[00m creating reconfigure event
0:00:00.112390780 [34m 3435[00m 0x771dfc0022a0 [36mINFO   [00m [00;01;37;41m    GST_ELEMENT_PADS gstpad.c:2137:gst_pad_unlink:[00m unlinking capsfilter0:src(0x771da40b1610) and decodepad1:proxypad4(0x5d1b969189f0)
0:00:00.112412344 [34m 3435[00m 0x771dfc0022a0 [36mINFO   [00m [00;01;37;41m    GST_ELEMENT_PADS gstpad.c:2192:gst_pad_unlink:[00m unlinked capsfilter0:src and decodepad1:proxypad4
0:00:00.112420400 [34m 3435[00m 0x771dfc0022a0 [36mINFO   [00m [00;01;31;44m            GST_PADS gstpad.c:2382:gst_pad_link_prepare:[00m trying to link capsfilter0:src and decodepad1:proxypad4
0:00:00.112426289 [34m 3435[00m 0x771dfc0022a0 [36mINFO   [00m [00;01;31;44m            GST_PADS gstpad.c:2590:gst_pad_link_full:[00m linked capsfilter0:src and decodepad1:proxypad4, successful
0:00:00.112430797 [34m 3435[00m 0x771dfc0022a0 [36mINFO   [00m [00;01;34m           GST_EVENT gstevent.c:1660:gst_event_new_reconfigure:[00m creating reconfigure event
0:00:00.112452905 [34m 3435[00m 0x771dfc0022a0 [36mINFO   [00m [00;01;37;41m    GST_ELEMENT_PADS gstpad.c:2137:gst_pad_unlink:[00m unlinking capsfilter0:src(0x771da40b1610) and decodepad1:proxypad4(0x5d1b969189f0)
0:00:00.112459655 [34m 3435[00m 0x771dfc0022a0 [36mINFO   [00m [00;01;37;41m    GST_ELEMENT_PADS gstpad.c:2192:gst_pad_unlink:[00m unlinked capsfilter0:src and decodepad1:proxypad4
0:00:00.112466315 [34m 3435[00m 0x771dfc0022a0 [36mINFO   [00m [00;01;31;44m            GST_PADS gstpad.c:2382:gst_pad_link_prepare:[00m trying to link capsfilter0:src and decodepad1:proxypad4
0:00:00.112471828 [34m 3435[00m 0x771dfc0022a0 [36mINFO   [00m [00;01;31;44m            GST_PADS gstpad.c:2590:gst_pad_link_full:[00m linked capsfilter0:src and decodepad1:proxypad4, successful
0:00:00.112475699 [34m 3435[00m 0x771dfc0022a0 [36mINFO   [00m [00;01;34m           GST_EVENT gstevent.c:1660:gst_event_new_reconfigure:[00m creating reconfigure event
0:00:00.112489684 [34m 3435[00m 0x771dfc0022a0 [36mINFO   [00m [00;01;37;41m    GST_ELEMENT_PADS gstpad.c:2137:gst_pad_unlink:[00m unlinking capsfilter0:src(0x771da40b1610) and decodepad1:proxypad4(0x5d1b969189f0)
0:00:00.112495874 [34m 3435[00m 0x771dfc0022a0 [36mINFO   [00m [00;01;37;41m    GST_ELEMENT_PADS gstpad.c:2192:gst_pad_unlink:[00m unlinked capsfilter0:src and decodepad1:proxypad4
0:00:00.156034049 [34m 3435[00m 0x771dfc0022a0 [36mINFO   [00m [00;32m        GST_TYPEFIND gsttypefind.c:72:gst_type_find_register:[00m registering typefind function for avtype_avs
0:00:00.156176415 [34m 3435[00m 0x771dfc0022a0 [36mINFO   [00m [00;32m        GST_TYPEFIND gsttypefind.c:72:gst_type_find_register:[00m registering typefind function for avtype_bfstm
0:00:00.156200547 [34m 3435[00m 0x771dfc0022a0 [36mINFO   [00m [00;32m        GST_TYPEFIND gsttypefind.c:72:gst_type_find_register:[00m registering typefind function for avtype_brstm
0:00:00.156280718 [34m 3435[00m 0x771dfc0022a0 [36mINFO   [00m [00;32m        GST_TYPEFIND gsttypefind.c:72:gst_type_find_register:[00m registering typefind function for avtype_daud
0:00:00.156307557 [34m 3435[00m 0x771dfc0022a0 [36mINFO   [00m [00;32m        GST_TYPEFIND gsttypefind.c:72:gst_type_find_register:[00m registering typefind function for avtype_dsf
0:00:00.156331219 [34m 3435[00m 0x771dfc0022a0 [36mINFO   [00m [00;32m        GST_TYPEFIND gsttypefind.c:72:gst_type_find_register:[00m registering typefind function for avtype_ea
0:00:00.156356769 [34m 3435[00m 0x771dfc0022a0 [36mINFO   [00m [00;32m        GST_TYPEFIND gsttypefind.c:72:gst_type_find_register:[00m registering typefind function for avtype_4xm
0:00:00.156392053 [34m 3435[00m 0x771dfc0022a0 [36mINFO   [00m [00;32m        GST_TYPEFIND gsttypefind.c:72:gst_type_find_register:[00m registering typefind function for avtype_gxf
0:00:00.156790058 [34m 3435[00m 0x771dfc0022a0 [36mINFO   [00m [00;32m        GST_TYPEFIND gsttypefind.c:72:gst_type_find_register:[00m registering typefind function for avtype_idcin
0:00:00.156841586 [34m 3435[00m 0x771dfc0022a0 [36mINFO   [00m [00;32m        GST_TYPEFIND gsttypefind.c:72:gst_type_find_register:[00m registering typefind function for avtype_iff
0:00:00.156885985 [34m 3435[00m 0x771dfc0022a0 [36mINFO   [00m [00;32m        GST_TYPEFIND gsttypefind.c:72:gst_type_find_register:[00m registering typefind function for avtype_ipmovie
0:00:00.156919582 [34m 3435[00m 0x771dfc0022a0 [36mINFO   [00m [00;32m        GST_TYPEFIND gsttypefind.c:72:gst_type_find_register:[00m registering typefind function for avtype_mm
0:00:00.156932941 [34m 3435[00m 0x771dfc0022a0 [36mINFO   [00m [00;32m        GST_TYPEFIND gsttypefind.c:72:gst_type_find_register:[00m registering typefind function for avtype_mmf
0:00:00.156998822 [34m 3435[00m 0x771dfc0022a0 [36mINFO   [00m [00;32m        GST_TYPEFIND gsttypefind.c:72:gst_type_find_register:[00m registering typefind function for avtype_nsv
0:00:00.157028999 [34m 3435[00m 0x771dfc0022a0 [36mINFO   [00m [00;32m        GST_TYPEFIND gsttypefind.c:72:gst_type_find_register:[00m registering typefind function for avtype_nut
0:00:00.157068563 [34m 3435[00m 0x771dfc0022a0 [36mINFO   [00m [00;32m        GST_TYPEFIND gsttypefind.c:72:gst_type_find_register:[00m registering typefind function for avtype_film_cpk
0:00:00.157087010 [34m 3435[00m 0x771dfc0022a0 [36mINFO   [00m [00;32m        GST_TYPEFIND gsttypefind.c:72:gst_type_find_register:[00m registering typefind function for avtype_smk
0:00:00.157103603 [34m 3435[00m 0x771dfc0022a0 [36mINFO   [00m [00;32m        GST_TYPEFIND gsttypefind.c:72:gst_type_find_register:[00m registering typefind function for avtype_sol
0:00:00.157353184 [34m 3435[00m 0x771dfc0022a0 [36mINFO   [00m [00;32m        GST_TYPEFIND gsttypefind.c:72:gst_type_find_register:[00m registering typefind function for avtype_psxstr
0:00:00.157385361 [34m 3435[00m 0x771dfc0022a0 [36mINFO   [00m [00;32m        GST_TYPEFIND gsttypefind.c:72:gst_type_find_register:[00m registering typefind function for avtype_vmd
0:00:00.157405413 [34m 3435[00m 0x771dfc0022a0 [36mINFO   [00m [00;32m        GST_TYPEFIND gsttypefind.c:72:gst_type_find_register:[00m registering typefind function for avtype_wc3movie
0:00:00.157421154 [34m 3435[00m 0x771dfc0022a0 [36mINFO   [00m [00;32m        GST_TYPEFIND gsttypefind.c:72:gst_type_find_register:[00m registering typefind function for avtype_wsaud
0:00:00.157440497 [34m 3435[00m 0x771dfc0022a0 [36mINFO   [00m [00;32m        GST_TYPEFIND gsttypefind.c:72:gst_type_find_register:[00m registering typefind function for avtype_wsvqa
0:00:00.157464731 [34m 3435[00m 0x771dfc0022a0 [36mINFO   [00m [00;32m        GST_TYPEFIND gsttypefind.c:72:gst_type_find_register:[00m registering typefind function for avtype_xwma
0:00:00.157479521 [34m 3435[00m 0x771dfc0022a0 [36mINFO   [00m [00;32m        GST_TYPEFIND gsttypefind.c:72:gst_type_find_register:[00m registering typefind function for avtype_yuv4mpegpipe
0:00:00.157952243 [34m 3435[00m 0x771dfc0022a0 [36mINFO   [00m [00;01;36m  GST_PLUGIN_LOADING gstplugin.c:987:_priv_gst_plugin_load_file_for_registry:[00m plugin "/usr/lib/x86_64-linux-gnu/gstreamer-1.0/libgstlibav.so" loaded
0:00:00.157967772 [34m 3435[00m 0x771dfc0022a0 [36mINFO   [00m [00;01;37;41m GST_ELEMENT_FACTORY gstelementfactory.c:489:gst_element_factory_create_with_properties:[00m creating element "avdec_h264"
0:00:00.158298756 [34m 3435[00m 0x771dfc0022a0 [36mINFO   [00m [00;01;37;41m    GST_ELEMENT_PADS gstelement.c:759:gst_element_add_pad:<GstVideoDecoder@0x771d98120cf0>[00m adding pad 'sink'
0:00:00.158330651 [34m 3435[00m 0x771dfc0022a0 [36mINFO   [00m [00;01;37;41m    GST_ELEMENT_PADS gstelement.c:759:gst_element_add_pad:<GstVideoDecoder@0x771d98120cf0>[00m adding pad 'src'
0:00:00.158427237 [34m 3435[00m 0x771dfc0022a0 [36mINFO   [00m [00;01;31;44m            GST_PADS gstpad.c:2382:gst_pad_link_prepare:[00m trying to link capsfilter0:src and avdec_h264-0:sink
0:00:00.158435530 [34m 3435[00m 0x771dfc0022a0 [36mINFO   [00m [00;01;31;44m            GST_PADS gstpad.c:2590:gst_pad_link_full:[00m linked capsfilter0:src and avdec_h264-0:sink, successful
0:00:00.158439300 [34m 3435[00m 0x771dfc0022a0 [36mINFO   [00m [00;01;34m           GST_EVENT gstevent.c:1660:gst_event_new_reconfigure:[00m creating reconfigure event
0:00:00.158465187 [34m 3435[00m 0x771dfc0022a0 [36mINFO   [00m [00;01;31m          GST_STATES gstelement.c:2806:gst_element_continue_state:<avdec_h264-0>[00m completed state change to READY
0:00:00.158474581 [34m 3435[00m 0x771dfc0022a0 [36mINFO   [00m [00;01;31m          GST_STATES gstelement.c:2706:_priv_gst_element_state_changed:<avdec_h264-0>[00m notifying about state-changed NULL to READY (VOID_PENDING pending)
0:00:00.158505535 [34m 3435[00m 0x771dfc0022a0 [36mINFO   [00m [00;01;37;41m    GST_ELEMENT_PADS gstelement.c:1016:gst_element_get_static_pad:[00m found pad avdec_h264-0:src
0:00:00.158515762 [34m 3435[00m 0x771dfc0022a0 [36mINFO   [00m [00;01;31;44m            GST_PADS gstpad.c:2382:gst_pad_link_prepare:[00m trying to link avdec_h264-0:src and decodepad1:proxypad4
0:00:00.158520805 [34m 3435[00m 0x771dfc0022a0 [36mINFO   [00m [00;01;31;44m            GST_PADS gstpad.c:2590:gst_pad_link_full:[00m linked avdec_h264-0:src and decodepad1:proxypad4, successful
0:00:00.158524406 [34m 3435[00m 0x771dfc0022a0 [36mINFO   [00m [00;01;34m           GST_EVENT gstevent.c:1660:gst_event_new_reconfigure:[00m creating reconfigure event
0:00:00.158528320 [34m 3435[00m 0x771dfc0022a0 [36mINFO   [00m [00;01;34m           GST_EVENT gstpad.c:5946:gst_pad_send_event_unchecked:<avdec_h264-0:src>[00m Received event on flushing pad. Discarding
0:00:00.158637809 [34m 3435[00m 0x771dfc0022a0 [36mINFO   [00m [00;01;31m          GST_STATES gstelement.c:2806:gst_element_continue_state:<avdec_h264-0>[00m completed state change to PAUSED
0:00:00.158646957 [34m 3435[00m 0x771dfc0022a0 [36mINFO   [00m [00;01;31m          GST_STATES gstelement.c:2706:_priv_gst_element_state_changed:<avdec_h264-0>[00m notifying about state-changed READY to PAUSED (VOID_PENDING pending)
0:00:00.158804937 [34m 3435[00m 0x771dfc0022a0 [36mINFO   [00m [00m               libav :0::[00m Requested frame threading with a custom get_buffer2() implementation which is not marked as thread safe. This is not supported anymore, make your callback thread-safe.
Redistribute latency...
0:00:00.160605350 [34m 3435[00m 0x5d1b96686000 [36mINFO   [00m [00;01;34m           GST_EVENT gstevent.c:1530:gst_event_new_latency:[00m creating latency event 0:00:00.000000000
0:00:00.160631408 [34m 3435[00m 0x5d1b96686000 [36mINFO   [00m [00;01m                 bin gstbin.c:2759:gst_bin_do_latency_func:<pipeline0>[00m configured latency of 0:00:00.000000000
0:00:00.161243781 [34m 3435[00m 0x771dfc0022a0 [36mINFO   [00m [00;01;34m           GST_EVENT gstevent.c:892:gst_event_new_caps:[00m creating caps event audio/mpeg, mpegversion=(int)4, framed=(boolean)true, stream-format=(string)raw, level=(string)4, base-profile=(string)lc, profile=(string)lc, codec_data=(buffer)11b0, rate=(int)48000, channels=(int)6, channel-mask=(bitmask)0x0000000000000000
0:00:00.161274846 [34m 3435[00m 0x771dfc0022a0 [36mINFO   [00m [00;01;37;41m    GST_ELEMENT_PADS gstelement.c:759:gst_element_add_pad:<qtdemux0>[00m adding pad 'audio_0'
0:00:00.161310250 [34m 3435[00m 0x771dfc0022a0 [36mINFO   [00m [00;01;31;44m            GST_PADS gstpad.c:2382:gst_pad_link_prepare:[00m trying to link qtdemux0:audio_0 and decodepad2:proxypad5
0:00:00.161317758 [34m 3435[00m 0x771dfc0022a0 [36mINFO   [00m [00;01;31;44m            GST_PADS gstpad.c:2590:gst_pad_link_full:[00m linked qtdemux0:audio_0 and decodepad2:proxypad5, successful
0:00:00.161321742 [34m 3435[00m 0x771dfc0022a0 [36mINFO   [00m [00;01;34m           GST_EVENT gstevent.c:1660:gst_event_new_reconfigure:[00m creating reconfigure event
0:00:00.162117185 [34m 3435[00m 0x771dfc0022a0 [36mINFO   [00m [00;01;37;41m    GST_ELEMENT_PADS gstpad.c:2137:gst_pad_unlink:[00m unlinking qtdemux0:audio_0(0x771da40b1d00) and decodepad2:proxypad5(0x5d1b96919370)
0:00:00.162142983 [34m 3435[00m 0x771dfc0022a0 [36mINFO   [00m [00;01;37;41m    GST_ELEMENT_PADS gstpad.c:2192:gst_pad_unlink:[00m unlinked qtdemux0:audio_0 and decodepad2:proxypad5
0:00:00.162198741 [34m 3435[00m 0x771dfc0022a0 [36mINFO   [00m [00;01;37;41m    GST_ELEMENT_PADS gstelement.c:759:gst_element_add_pad:<multiqueue0>[00m adding pad 'src_1'
0:00:00.162205920 [34m 3435[00m 0x771dfc0022a0 [36mINFO   [00m [00;01;37;41m    GST_ELEMENT_PADS gstelement.c:759:gst_element_add_pad:<multiqueue0>[00m adding pad 'sink_1'
0:00:00.162214403 [34m 3435[00m 0x771dfc0022a0 [36mINFO   [00m [00m                task gsttask.c:516:gst_task_set_lock:[00m setting stream lock 0x771d981223d0 on task 0x771d98002830
0:00:00.162219220 [34m 3435[00m 0x771dfc0022a0 [36mINFO   [00m [00;01;31;44m            GST_PADS gstpad.c:6291:gst_pad_start_task:<multiqueue0:src_1>[00m created task 0x771d98002830
0:00:00.162646839 [34m 3435[00m 0x771dfc0022a0 [36mINFO   [00m [00;01;31;44m            GST_PADS gstpad.c:2382:gst_pad_link_prepare:[00m trying to link qtdemux0:audio_0 and multiqueue0:sink_1
0:00:00.162684740 [34m 3435[00m 0x771dfc0022a0 [36mINFO   [00m [00;01;31;44m            GST_PADS gstpad.c:2590:gst_pad_link_full:[00m linked qtdemux0:audio_0 and multiqueue0:sink_1, successful
0:00:00.162689937 [34m 3435[00m 0x771dfc0022a0 [36mINFO   [00m [00;01;34m           GST_EVENT gstevent.c:1660:gst_event_new_reconfigure:[00m creating reconfigure event
0:00:00.162716040 [34m 3435[00m 0x771dfc0022a0 [36mINFO   [00m [00;01;31;44m            GST_PADS gstpad.c:2382:gst_pad_link_prepare:[00m trying to link multiqueue0:src_1 and decodepad2:proxypad5
0:00:00.162721501 [34m 3435[00m 0x771dfc0022a0 [36mINFO   [00m [00;01;31;44m            GST_PADS gstpad.c:2590:gst_pad_link_full:[00m linked multiqueue0:src_1 and decodepad2:proxypad5, successful
0:00:00.162724963 [34m 3435[00m 0x771dfc0022a0 [36mINFO   [00m [00;01;34m           GST_EVENT gstevent.c:1660:gst_event_new_reconfigure:[00m creating reconfigure event
0:00:00.162735691 [34m 3435[00m 0x771dfc0022a0 [36mINFO   [00m [00;01;37;41m    GST_ELEMENT_PADS gstpad.c:2137:gst_pad_unlink:[00m unlinking multiqueue0:src_1(0x771d98122360) and decodepad2:proxypad5(0x5d1b96919370)
0:00:00.162742491 [34m 3435[00m 0x771dfc0022a0 [36mINFO   [00m [00;01;37;41m    GST_ELEMENT_PADS gstpad.c:2192:gst_pad_unlink:[00m unlinked multiqueue0:src_1 and decodepad2:proxypad5
0:00:00.162748712 [34m 3435[00m 0x771dfc0022a0 [36mINFO   [00m [00;01;31;44m            GST_PADS gstpad.c:2382:gst_pad_link_prepare:[00m trying to link multiqueue0:src_1 and decodepad2:proxypad5
0:00:00.162753757 [34m 3435[00m 0x771dfc0022a0 [36mINFO   [00m [00;01;31;44m            GST_PADS gstpad.c:2590:gst_pad_link_full:[00m linked multiqueue0:src_1 and decodepad2:proxypad5, successful
0:00:00.163051899 [34m 3435[00m 0x771dfc0022a0 [36mINFO   [00m [00;01;34m           GST_EVENT gstevent.c:1660:gst_event_new_reconfigure:[00m creating reconfigure event
0:00:00.163084004 [34m 3435[00m 0x771dfc0022a0 [36mINFO   [00m [00;01;37;41m    GST_ELEMENT_PADS gstpad.c:2137:gst_pad_unlink:[00m unlinking multiqueue0:src_1(0x771d98122360) and decodepad2:proxypad5(0x5d1b96919370)
0:00:00.163091504 [34m 3435[00m 0x771dfc0022a0 [36mINFO   [00m [00;01;37;41m    GST_ELEMENT_PADS gstpad.c:2192:gst_pad_unlink:[00m unlinked multiqueue0:src_1 and decodepad2:proxypad5
0:00:00.163596390 [34m 3435[00m 0x771dfc0022a0 [36mINFO   [00m [00;01;36m  GST_PLUGIN_LOADING gstplugin.c:987:_priv_gst_plugin_load_file_for_registry:[00m plugin "/usr/lib/x86_64-linux-gnu/gstreamer-1.0/libgstaudioparsers.so" loaded
0:00:00.163610295 [34m 3435[00m 0x771dfc0022a0 [36mINFO   [00m [00;01;37;41m GST_ELEMENT_FACTORY gstelementfactory.c:489:gst_element_factory_create_with_properties:[00m creating element "aacparse"
0:00:00.163656242 [34m 3435[00m 0x771dfc0022a0 [36mINFO   [00m [00;01;37;41m    GST_ELEMENT_PADS gstelement.c:759:gst_element_add_pad:<GstBaseParse@0x771d981dab10>[00m adding pad 'sink'
0:00:00.163669765 [34m 3435[00m 0x771dfc0022a0 [36mINFO   [00m [00;01;37;41m    GST_ELEMENT_PADS gstelement.c:759:gst_element_add_pad:<GstBaseParse@0x771d981dab10>[00m adding pad 'src'
0:00:00.163690667 [34m 3435[00m 0x771dfc0022a0 [36mINFO   [00m [00;01;31;44m            GST_PADS gstpad.c:2382:gst_pad_link_prepare:[00m trying to link multiqueue0:src_1 and aacparse0:sink
0:00:00.163700361 [34m 3435[00m 0x771dfc0022a0 [36mINFO   [00m [00;01;31;44m            GST_PADS gstpad.c:2590:gst_pad_link_full:[00m linked multiqueue0:src_1 and aacparse0:sink, successful
0:00:00.163704435 [34m 3435[00m 0x771dfc0022a0 [36mINFO   [00m [00;01;34m           GST_EVENT gstevent.c:1660:gst_event_new_reconfigure:[00m creating reconfigure event
0:00:00.163716791 [34m 3435[00m 0x771dfc0022a0 [36mINFO   [00m [00;01;31m          GST_STATES gstelement.c:2806:gst_element_continue_state:<aacparse0>[00m completed state change to READY
0:00:00.163722573 [34m 3435[00m 0x771dfc0022a0 [36mINFO   [00m [00;01;31m          GST_STATES gstelement.c:2706:_priv_gst_element_state_changed:<aacparse0>[00m notifying about state-changed NULL to READY (VOID_PENDING pending)
0:00:00.163924604 [34m 3435[00m 0x771dfc0022a0 [36mINFO   [00m [00;01;37;41m    GST_ELEMENT_PADS gstelement.c:1016:gst_element_get_static_pad:[00m found pad aacparse0:src
0:00:00.163941202 [34m 3435[00m 0x771dfc0022a0 [36mINFO   [00m [00;01;31;44m            GST_PADS gstpad.c:2382:gst_pad_link_prepare:[00m trying to link aacparse0:src and decodepad2:proxypad5
0:00:00.163947849 [34m 3435[00m 0x771dfc0022a0 [36mINFO   [00m [00;01;31;44m            GST_PADS gstpad.c:2590:gst_pad_link_full:[00m linked aacparse0:src and decodepad2:proxypad5, successful
0:00:00.163951953 [34m 3435[00m 0x771dfc0022a0 [36mINFO   [00m [00;01;34m           GST_EVENT gstevent.c:1660:gst_event_new_reconfigure:[00m creating reconfigure event
0:00:00.163956909 [34m 3435[00m 0x771dfc0022a0 [36mINFO   [00m [00;01;34m           GST_EVENT gstpad.c:5946:gst_pad_send_event_unchecked:<aacparse0:src>[00m Received event on flushing pad. Discarding
0:00:00.163985624 [34m 3435[00m 0x771dfc0022a0 [36mINFO   [00m [00;01;31m          GST_STATES gstelement.c:2806:gst_element_continue_state:<aacparse0>[00m completed state change to PAUSED
0:00:00.163992474 [34m 3435[00m 0x771dfc0022a0 [36mINFO   [00m [00;01;31m          GST_STATES gstelement.c:2706:_priv_gst_element_state_changed:<aacparse0>[00m notifying about state-changed READY to PAUSED (VOID_PENDING pending)
0:00:00.164017566 [34m 3435[00m 0x771dfc0022a0 [36mINFO   [00m [00m            aacparse gstaacparse.c:608:gst_aac_parse_read_audio_specific_config:<aacparse0>[00m Parsed AudioSpecificConfig: 48000 Hz, 6 channels
0:00:00.164036126 [34m 3435[00m 0x771dfc0022a0 [36mINFO   [00m [00;01;31;44m            GST_PADS gstpad.c:4357:gst_pad_peer_query:<'':decodepad2>[00m pad has no peer
0:00:00.164208297 [34m 3435[00m 0x771dfc0022a0 [36mINFO   [00m [00;01;34m           GST_EVENT gstevent.c:892:gst_event_new_caps:[00m creating caps event audio/mpeg, mpegversion=(int)4, framed=(boolean)true, stream-format=(string)raw, level=(string)4, base-profile=(string)lc, profile=(string)lc, codec_data=(buffer)11b0, rate=(int)48000, channels=(int)6, channel-mask=(bitmask)0x0000000000000000
0:00:00.164222961 [34m 3435[00m 0x771dfc0022a0 [36mINFO   [00m [00;01;37;41m    GST_ELEMENT_PADS gstpad.c:2137:gst_pad_unlink:[00m unlinking aacparse0:src(0x771d98122800) and decodepad2:proxypad5(0x5d1b96919370)
0:00:00.164230875 [34m 3435[00m 0x771dfc0022a0 [36mINFO   [00m [00;01;37;41m    GST_ELEMENT_PADS gstpad.c:2192:gst_pad_unlink:[00m unlinked aacparse0:src and decodepad2:proxypad5
0:00:00.164241448 [34m 3435[00m 0x771dfc0022a0 [36mINFO   [00m [00;01;31;44m            GST_PADS gstpad.c:2382:gst_pad_link_prepare:[00m trying to link aacparse0:src and decodepad2:proxypad5
0:00:00.164246628 [34m 3435[00m 0x771dfc0022a0 [36mINFO   [00m [00;01;31;44m            GST_PADS gstpad.c:2590:gst_pad_link_full:[00m linked aacparse0:src and decodepad2:proxypad5, successful
0:00:00.164250448 [34m 3435[00m 0x771dfc0022a0 [36mINFO   [00m [00;01;34m           GST_EVENT gstevent.c:1660:gst_event_new_reconfigure:[00m creating reconfigure event
0:00:00.164396683 [34m 3435[00m 0x771dfc0022a0 [36mINFO   [00m [00;01;37;41m    GST_ELEMENT_PADS gstpad.c:2137:gst_pad_unlink:[00m unlinking aacparse0:src(0x771d98122800) and decodepad2:proxypad5(0x5d1b96919370)
0:00:00.164403651 [34m 3435[00m 0x771dfc0022a0 [36mINFO   [00m [00;01;37;41m    GST_ELEMENT_PADS gstpad.c:2192:gst_pad_unlink:[00m unlinked aacparse0:src and decodepad2:proxypad5
0:00:00.164409419 [34m 3435[00m 0x771dfc0022a0 [36mINFO   [00m [00;01;31;44m            GST_PADS gstpad.c:2382:gst_pad_link_prepare:[00m trying to link aacparse0:src and decodepad2:proxypad5
0:00:00.164414031 [34m 3435[00m 0x771dfc0022a0 [36mINFO   [00m [00;01;31;44m            GST_PADS gstpad.c:2590:gst_pad_link_full:[00m linked aacparse0:src and decodepad2:proxypad5, successful
0:00:00.164417534 [34m 3435[00m 0x771dfc0022a0 [36mINFO   [00m [00;01;34m           GST_EVENT gstevent.c:1660:gst_event_new_reconfigure:[00m creating reconfigure event
0:00:00.164427089 [34m 3435[00m 0x771dfc0022a0 [36mINFO   [00m [00;01;37;41m    GST_ELEMENT_PADS gstpad.c:2137:gst_pad_unlink:[00m unlinking aacparse0:src(0x771d98122800) and decodepad2:proxypad5(0x5d1b96919370)
0:00:00.164432423 [34m 3435[00m 0x771dfc0022a0 [36mINFO   [00m [00;01;37;41m    GST_ELEMENT_PADS gstpad.c:2192:gst_pad_unlink:[00m unlinked aacparse0:src and decodepad2:proxypad5
0:00:00.164438029 [34m 3435[00m 0x771dfc0022a0 [36mINFO   [00m [00;01;31;44m            GST_PADS gstpad.c:2382:gst_pad_link_prepare:[00m trying to link aacparse0:src and decodepad2:proxypad5
0:00:00.164442550 [34m 3435[00m 0x771dfc0022a0 [36mINFO   [00m [00;01;31;44m            GST_PADS gstpad.c:2590:gst_pad_link_full:[00m linked aacparse0:src and decodepad2:proxypad5, successful
0:00:00.164446025 [34m 3435[00m 0x771dfc0022a0 [36mINFO   [00m [00;01;34m           GST_EVENT gstevent.c:1660:gst_event_new_reconfigure:[00m creating reconfigure event
0:00:00.164455621 [34m 3435[00m 0x771dfc0022a0 [36mINFO   [00m [00;01;37;41m    GST_ELEMENT_PADS gstpad.c:2137:gst_pad_unlink:[00m unlinking aacparse0:src(0x771d98122800) and decodepad2:proxypad5(0x5d1b96919370)
0:00:00.164460937 [34m 3435[00m 0x771dfc0022a0 [36mINFO   [00m [00;01;37;41m    GST_ELEMENT_PADS gstpad.c:2192:gst_pad_unlink:[00m unlinked aacparse0:src and decodepad2:proxypad5
0:00:00.164466568 [34m 3435[00m 0x771dfc0022a0 [36mINFO   [00m [00;01;37;41m GST_ELEMENT_FACTORY gstelementfactory.c:489:gst_element_factory_create_with_properties:[00m creating element "avdec_aac"
0:00:00.164570450 [34m 3435[00m 0x771dfc0022a0 [36mINFO   [00m [00;01;37;41m    GST_ELEMENT_PADS gstelement.c:759:gst_element_add_pad:<GstAudioDecoder@0x771d981de2e0>[00m adding pad 'sink'
0:00:00.164586462 [34m 3435[00m 0x771dfc0022a0 [36mINFO   [00m [00;01;37;41m    GST_ELEMENT_PADS gstelement.c:759:gst_element_add_pad:<GstAudioDecoder@0x771d981de2e0>[00m adding pad 'src'
0:00:00.164655020 [34m 3435[00m 0x771dfc0022a0 [36mINFO   [00m [00;01;31;44m            GST_PADS gstpad.c:2382:gst_pad_link_prepare:[00m trying to link aacparse0:src and avdec_aac0:sink
0:00:00.164669006 [34m 3435[00m 0x771dfc0022a0 [36mINFO   [00m [00;01;31;44m            GST_PADS gstpad.c:2590:gst_pad_link_full:[00m linked aacparse0:src and avdec_aac0:sink, successful
0:00:00.164673469 [34m 3435[00m 0x771dfc0022a0 [36mINFO   [00m [00;01;34m           GST_EVENT gstevent.c:1660:gst_event_new_reconfigure:[00m creating reconfigure event
0:00:00.164684516 [34m 3435[00m 0x771dfc0022a0 [36mINFO   [00m [00;01;31m          GST_STATES gstelement.c:2806:gst_element_continue_state:<avdec_aac0>[00m completed state change to READY
0:00:00.164690097 [34m 3435[00m 0x771dfc0022a0 [36mINFO   [00m [00;01;31m          GST_STATES gstelement.c:2706:_priv_gst_element_state_changed:<avdec_aac0>[00m notifying about state-changed NULL to READY (VOID_PENDING pending)
0:00:00.164830817 [34m 3435[00m 0x771dfc0022a0 [36mINFO   [00m [00;01;37;41m    GST_ELEMENT_PADS gstelement.c:1016:gst_element_get_static_pad:[00m found pad avdec_aac0:src
0:00:00.164848791 [34m 3435[00m 0x771dfc0022a0 [36mINFO   [00m [00;01;31;44m            GST_PADS gstpad.c:2382:gst_pad_link_prepare:[00m trying to link avdec_aac0:src and decodepad2:proxypad5
0:00:00.164854432 [34m 3435[00m 0x771dfc0022a0 [36mINFO   [00m [00;01;31;44m            GST_PADS gstpad.c:2590:gst_pad_link_full:[00m linked avdec_aac0:src and decodepad2:proxypad5, successful
0:00:00.164858299 [34m 3435[00m 0x771dfc0022a0 [36mINFO   [00m [00;01;34m           GST_EVENT gstevent.c:1660:gst_event_new_reconfigure:[00m creating reconfigure event
0:00:00.164863001 [34m 3435[00m 0x771dfc0022a0 [36mINFO   [00m [00;01;34m           GST_EVENT gstpad.c:5946:gst_pad_send_event_unchecked:<avdec_aac0:src>[00m Received event on flushing pad. Discarding
0:00:00.164892882 [34m 3435[00m 0x771dfc0022a0 [36mINFO   [00m [00;01;31m          GST_STATES gstelement.c:2806:gst_element_continue_state:<avdec_aac0>[00m completed state change to PAUSED
0:00:00.164899881 [34m 3435[00m 0x771dfc0022a0 [36mINFO   [00m [00;01;31m          GST_STATES gstelement.c:2706:_priv_gst_element_state_changed:<avdec_aac0>[00m notifying about state-changed READY to PAUSED (VOID_PENDING pending)
0:00:00.167385548 [34m 3435[00m 0x771dfc0022a0 [36mINFO   [00m [00m           baseparse gstbaseparse.c:4028:gst_base_parse_set_passthrough:<aacparse0>[00m passthrough: yes
0:00:00.167470943 [34m 3435[00m 0x771dfc0022a0 [36mINFO   [00m [00;01;34m           GST_EVENT gstevent.c:972:gst_event_new_segment:[00m creating segment event time segment start=0:00:00.000000000, offset=0:00:00.000000000, stop=0:00:29.560000000, rate=1.000000, applied_rate=1.000000, flags=0x00, time=0:00:00.000000000, base=0:00:00.000000000, position 0:00:00.000000000, duration 99:99:99.999999999
0:00:00.168054018 [34m 3435[00m 0x771dec002240 [36mINFO   [00m [00;01;31;44m            GST_PADS gstpad.c:4357:gst_pad_peer_query:<'':decodepad1>[00m pad has no peer
0:00:00.168129588 [34m 3435[00m 0x771dec002240 [36mINFO   [00m [00m           baseparse gstbaseparse.c:4088:gst_base_parse_set_latency:<h264parse0>[00m min/max latency 0:00:00.000000000, 0:00:00.000000000
0:00:00.168153361 [34m 3435[00m 0x771dec002240 [36mINFO   [00m [00m           baseparse gstbaseparse.c:4864:gst_base_parse_set_upstream_tags:<h264parse0>[00m upstream tags: taglist, video-codec=(string)"H.264\ /\ AVC", bitrate=(uint)1032686;
0:00:00.168173224 [34m 3435[00m 0x771dfc0022a0 [36mINFO   [00m [00;01;34m           GST_EVENT gstevent.c:972:gst_event_new_segment:[00m creating segment event time segment start=0:00:00.000000000, offset=0:00:00.000000000, stop=0:00:29.568000000, rate=1.000000, applied_rate=1.000000, flags=0x00, time=0:00:00.000000000, base=0:00:00.000000000, position 0:00:00.000000000, duration 99:99:99.999999999
0:00:00.168228909 [34m 3435[00m 0x771dec002240 [36mINFO   [00m [00m           baseparse gstbaseparse.c:4088:gst_base_parse_set_latency:<h264parse0>[00m min/max latency 0:00:00.000000000, 0:00:00.000000000
0:00:00.168314487 [34m 3435[00m 0x771dec002240 [36mINFO   [00m [00m        videodecoder gstvideodecoder.c:1633:gst_video_decoder_sink_event_default:<avdec_h264-0>[00m upstream tags: taglist, video-codec=(string)"H.264\ /\ AVC", bitrate=(uint)1032686;
0:00:00.168398169 [34m 3435[00m 0x771dec002240 [36mINFO   [00m [00m           videometa gstvideometa.c:1072:gst_video_time_code_meta_api_get_type:[00m registering
0:00:00.168415634 [34m 3435[00m 0x771dec002240 [36mINFO   [00m [00m        videodecoder gstvideodecoder.c:1633:gst_video_decoder_sink_event_default:<avdec_h264-0>[00m upstream tags: taglist, video-codec=(string)"H.264\ \(Main\ Profile\)", bitrate=(uint)1032686;
0:00:00.168437066 [34m 3435[00m 0x771dec002240 [36mINFO   [00m [00m       basetransform gstbasetransform.c:1325:gst_base_transform_setcaps:<capsfilter0>[00m reuse caps
0:00:00.168780810 [34m 3435[00m 0x771d9800a460 [36mINFO   [00m [00m            aacparse gstaacparse.c:608:gst_aac_parse_read_audio_specific_config:<aacparse0>[00m Parsed AudioSpecificConfig: 48000 Hz, 6 channels
0:00:00.168821257 [34m 3435[00m 0x771d9800a460 [36mINFO   [00m [00;01;31;44m            GST_PADS gstpad.c:4357:gst_pad_peer_query:<'':decodepad2>[00m pad has no peer
0:00:00.168847154 [34m 3435[00m 0x771d9800a460 [36mINFO   [00m [00;01;34m           GST_EVENT gstevent.c:892:gst_event_new_caps:[00m creating caps event audio/mpeg, mpegversion=(int)4, framed=(boolean)true, stream-format=(string)raw, level=(string)4, base-profile=(string)lc, profile=(string)lc, codec_data=(buffer)11b0, rate=(int)48000, channels=(int)6, channel-mask=(bitmask)0x0000000000000000
0:00:00.168865114 [34m 3435[00m 0x771d9800a460 [36mINFO   [00m [00m           baseparse gstbaseparse.c:4028:gst_base_parse_set_passthrough:<aacparse0>[00m passthrough: yes
0:00:00.169082882 [34m 3435[00m 0x771d9800a460 [36mINFO   [00m [00m           baseparse gstbaseparse.c:4864:gst_base_parse_set_upstream_tags:<aacparse0>[00m upstream tags: taglist, audio-codec=(string)"MPEG-4\ AAC\ audio", maximum-bitrate=(uint)416704, bitrate=(uint)383961;
0:00:00.169102183 [34m 3435[00m 0x771d9800a460 [36mINFO   [00m [00m        audiodecoder gstaudiodecoder.c:2521:gst_audio_decoder_sink_eventfunc:<avdec_aac0>[00m upstream stream tags: taglist, audio-codec=(string)"MPEG-4\ AAC\ audio", maximum-bitrate=(uint)416704, bitrate=(uint)383961;
0:00:00.169150876 [34m 3435[00m 0x771d9800a460 [36mINFO   [00m [00m        audiodecoder gstaudiodecoder.c:2521:gst_audio_decoder_sink_eventfunc:<avdec_aac0>[00m upstream stream tags: taglist, audio-codec=(string)"MPEG-4\ AAC", maximum-bitrate=(uint)416704, bitrate=(uint)383961;
0:00:00.169415039 [34m 3435[00m 0x771d9800a460 [36mINFO   [00m [00;01;34m           GST_EVENT gstevent.c:892:gst_event_new_caps:[00m creating caps event audio/x-raw, format=(string)F32LE, layout=(string)non-interleaved, rate=(int)48000, channels=(int)6, channel-mask=(bitmask)0x000000000000003f
0:00:00.169445373 [34m 3435[00m 0x771d9800a460 [36mINFO   [00m [00;01;31;44m            GST_PADS gstpad.c:4357:gst_pad_peer_query:<'':decodepad2>[00m pad has no peer
0:00:00.169330421 [34m 3435[00m 0x771d8c004b00 [36mINFO   [00m [00m               libav :0::[00m Reinit context to 1280x720, pix_fmt: yuv420p
0:00:00.189255859 [34m 3435[00m 0x771dec002240 [36mINFO   [00m [00;01;34m           GST_EVENT gstevent.c:892:gst_event_new_caps:[00m creating caps event video/x-raw, format=(string)I420, width=(int)1280, height=(int)720, interlace-mode=(string)progressive, pixel-aspect-ratio=(fraction)1/1, chroma-site=(string)mpeg2, framerate=(fraction)25/1
0:00:00.189325880 [34m 3435[00m 0x771dec002240 [36mINFO   [00m [00;01;37;41m    GST_ELEMENT_PADS gstelement.c:759:gst_element_add_pad:<decodebin0>[00m adding pad 'src_0'
0:00:00.189369314 [34m 3435[00m 0x771dec002240 [36mINFO   [00m [00;01;37;41m        GST_PIPELINE gst/parse/grammar.y:554:gst_parse_found_pad:[00m trying delayed linking one pad some pad of GstDecodeBin named decodebin0 to some pad of GstAutoVideoSink named autovideosink0
0:00:00.189376906 [34m 3435[00m 0x771dec002240 [36mINFO   [00m [00;01;37;41m    GST_ELEMENT_PADS gstutils.c:1816:gst_element_link_pads_full:[00m trying to link element decodebin0:(any) to element autovideosink0:(any)
0:00:00.189385077 [34m 3435[00m 0x771dec002240 [36mINFO   [00m [00;01;31;44m            GST_PADS gstutils.c:1079:gst_pad_check_link:[00m trying to link decodebin0:src_0 and autovideosink0:sink
0:00:00.189484027 [34m 3435[00m 0x771dec002240 [36mINFO   [00m [00m        glbasefilter gstglbasefilter.c:567:gst_gl_base_filter_find_gl_context_unlocked:<glcolorconvertelement0>[00m found OpenGL context <glcontextegl1>
0:00:00.189512747 [34m 3435[00m 0x5d1b96906120 [36mINFO   [00m [00m        glbasefilter gstglbasefilter.c:354:gst_gl_base_filter_gl_start:<glcolorconvertelement0>[00m starting
0:00:00.189923664 [34m 3435[00m 0x771dec002240 [36mINFO   [00m [00m        glbasefilter gstglbasefilter.c:567:gst_gl_base_filter_find_gl_context_unlocked:<gluploadelement0>[00m found OpenGL context <glcontextegl1>
0:00:00.190703965 [34m 3435[00m 0x5d1b96906120 [36mINFO   [00m [00m        glbasefilter gstglbasefilter.c:354:gst_gl_base_filter_gl_start:<gluploadelement0>[00m starting
0:00:00.191281009 [34m 3435[00m 0x771dec002240 [36mINFO   [00m [00;01;31;44m            GST_PADS gstutils.c:1632:prepare_link_maybe_ghosting:[00m decodebin0 and autovideosink0 in same bin, no need for ghost pads
0:00:00.191312689 [34m 3435[00m 0x771dec002240 [36mINFO   [00m [00;01;31;44m            GST_PADS gstpad.c:2382:gst_pad_link_prepare:[00m trying to link decodebin0:src_0 and autovideosink0:sink
0:00:00.191350976 [34m 3435[00m 0x771dec002240 [36mINFO   [00m [00m        glbasefilter gstglbasefilter.c:567:gst_gl_base_filter_find_gl_context_unlocked:<glcolorconvertelement0>[00m found OpenGL context <glcontextegl1>
0:00:00.191411806 [34m 3435[00m 0x771dec002240 [36mINFO   [00m [00m        glbasefilter gstglbasefilter.c:567:gst_gl_base_filter_find_gl_context_unlocked:<gluploadelement0>[00m found OpenGL context <glcontextegl1>
0:00:00.191700034 [34m 3435[00m 0x771dec002240 [36mINFO   [00m [00;01;31;44m            GST_PADS gstpad.c:2590:gst_pad_link_full:[00m linked decodebin0:src_0 and autovideosink0:sink, successful
0:00:00.191710664 [34m 3435[00m 0x771dec002240 [36mINFO   [00m [00;01;34m           GST_EVENT gstevent.c:1660:gst_event_new_reconfigure:[00m creating reconfigure event
0:00:00.191741129 [34m 3435[00m 0x771dec002240 [36mINFO   [00m [00m           decodebin gstdecodebin2.c:4809:gst_decode_bin_expose:<decodebin0:src_0>[00m added new decoded pad
0:00:00.191749041 [34m 3435[00m 0x771dec002240 [36mINFO   [00m [00;01;37;41m    GST_ELEMENT_PADS gstelement.c:759:gst_element_add_pad:<decodebin0>[00m adding pad 'src_1'
0:00:00.191754522 [34m 3435[00m 0x771dec002240 [36mINFO   [00m [00m           decodebin gstdecodebin2.c:4809:gst_decode_bin_expose:<decodebin0:src_1>[00m added new decoded pad
0:00:00.191833680 [34m 3435[00m 0x771dec002240 [36mINFO   [00m [00;01;31m          GST_STATES gstbin.c:3397:bin_handle_async_done:<decodebin0>[00m committing state from READY to PAUSED, old pending PAUSED
0:00:00.191843026 [34m 3435[00m 0x771dec002240 [36mINFO   [00m [00;01;31m          GST_STATES gstbin.c:3420:bin_handle_async_done:<decodebin0>[00m completed state change, pending VOID
0:00:00.191848966 [34m 3435[00m 0x771dec002240 [36mINFO   [00m [00;01;31m          GST_STATES gstelement.c:2706:_priv_gst_element_state_changed:<decodebin0>[00m notifying about state-changed READY to PAUSED (VOID_PENDING pending)
0:00:00.192034555 [34m 3435[00m 0x771dec002240 [36mINFO   [00m [00m        glbasefilter gstglbasefilter.c:567:gst_gl_base_filter_find_gl_context_unlocked:<gluploadelement0>[00m found OpenGL context <glcontextegl1>
0:00:00.192104429 [34m 3435[00m 0x771d9800a460 [36mINFO   [00m [00;01;31;44m            GST_PADS gstpad.c:4357:gst_pad_peer_query:<decodebin0:src_1>[00m pad has no peer
0:00:00.192561130 [34m 3435[00m 0x771dec002240 [36mINFO   [00m [00m        glbasefilter gstglbasefilter.c:567:gst_gl_base_filter_find_gl_context_unlocked:<gluploadelement0>[00m found OpenGL context <glcontextegl1>
0:00:00.192732482 [34m 3435[00m 0x771dec002240 [36mINFO   [00m [00m        glbasefilter gstglbasefilter.c:567:gst_gl_base_filter_find_gl_context_unlocked:<gluploadelement0>[00m found OpenGL context <glcontextegl1>
0:00:00.192963117 [34m 3435[00m 0x771dec002240 [36mINFO   [00m [00m        glbasefilter gstglbasefilter.c:567:gst_gl_base_filter_find_gl_context_unlocked:<gluploadelement0>[00m found OpenGL context <glcontextegl1>
0:00:00.192993631 [34m 3435[00m 0x771dec002240 [36mINFO   [00m [00m        glbasefilter gstglbasefilter.c:567:gst_gl_base_filter_find_gl_context_unlocked:<gluploadelement0>[00m found OpenGL context <glcontextegl1>
0:00:00.193025038 [34m 3435[00m 0x771dec002240 [36mINFO   [00m [00m        glbasefilter gstglbasefilter.c:567:gst_gl_base_filter_find_gl_context_unlocked:<glcolorconvertelement0>[00m found OpenGL context <glcontextegl1>
0:00:00.193094869 [34m 3435[00m 0x771dec002240 [36mINFO   [00m [00m        glbasefilter gstglbasefilter.c:567:gst_gl_base_filter_find_gl_context_unlocked:<glcolorconvertelement0>[00m found OpenGL context <glcontextegl1>
0:00:00.193448680 [34m 3435[00m 0x771dec002240 [36mINFO   [00m [00m        glbasefilter gstglbasefilter.c:567:gst_gl_base_filter_find_gl_context_unlocked:<glcolorconvertelement0>[00m found OpenGL context <glcontextegl1>
0:00:00.193620244 [34m 3435[00m 0x771d9800a460 [36mINFO   [00m [00m        audiodecoder gstaudiodecoder.c:2521:gst_audio_decoder_sink_eventfunc:<avdec_aac0>[00m upstream stream tags: taglist, audio-codec=(string)"MPEG-4\ AAC", maximum-bitrate=(uint)416704, bitrate=(uint)383961, minimum-bitrate=(uint)375000;
0:00:00.193683199 [34m 3435[00m 0x771dec002240 [36mINFO   [00m [00;01;34m           GST_EVENT gstevent.c:892:gst_event_new_caps:[00m creating caps event video/x-raw(memory:GLMemory), format=(string)RGBA, width=(int)1280, height=(int)720, interlace-mode=(string)progressive, pixel-aspect-ratio=(fraction)1/1, framerate=(fraction)25/1, texture-target=(string)2D
0:00:00.193701391 [34m 3435[00m 0x771dec002240 [36mINFO   [00m [00m        glbasefilter gstglbasefilter.c:567:gst_gl_base_filter_find_gl_context_unlocked:<glcolorconvertelement0>[00m found OpenGL context <glcontextegl1>
0:00:00.193736467 [34m 3435[00m 0x771dec002240 [36mINFO   [00m [00m        glbasefilter gstglbasefilter.c:567:gst_gl_base_filter_find_gl_context_unlocked:<glcolorconvertelement0>[00m found OpenGL context <glcontextegl1>
0:00:00.193811500 [34m 3435[00m 0x771dec002240 [36mINFO   [00m [00m       basetransform gstbasetransform.c:1325:gst_base_transform_setcaps:<glcolorconvertelement0>[00m reuse caps
0:00:00.193824788 [34m 3435[00m 0x771d9800a460 [36mINFO   [00m [00m        audiodecoder gstaudiodecoder.c:2521:gst_audio_decoder_sink_eventfunc:<avdec_aac0>[00m upstream stream tags: taglist, audio-codec=(string)"MPEG-4\ AAC", maximum-bitrate=(uint)416704, bitrate=(uint)383961, minimum-bitrate=(uint)371624;
0:00:00.193954077 [34m 3435[00m 0x771d9800a460 [36mINFO   [00m [00m        audiodecoder gstaudiodecoder.c:2521:gst_audio_decoder_sink_eventfunc:<avdec_aac0>[00m upstream stream tags: taglist, audio-codec=(string)"MPEG-4\ AAC", maximum-bitrate=(uint)416704, bitrate=(uint)383961, minimum-bitrate=(uint)371249;
0:00:00.193997043 [34m 3435[00m 0x771d9800a460 [36mINFO   [00m [00m        audiodecoder gstaudiodecoder.c:2521:gst_audio_decoder_sink_eventfunc:<avdec_aac0>[00m upstream stream tags: taglist, audio-codec=(string)"MPEG-4\ AAC", maximum-bitrate=(uint)416704, bitrate=(uint)383961, minimum-bitrate=(uint)369375;
0:00:00.193824152 [34m 3435[00m 0x771dec002240 [36mINFO   [00m [00;01;34m           GST_EVENT gstevent.c:892:gst_event_new_caps:[00m creating caps event video/x-raw(memory:GLMemory), format=(string)RGBA, width=(int)1280, height=(int)720, interlace-mode=(string)progressive, pixel-aspect-ratio=(fraction)1/1, framerate=(fraction)25/1, texture-target=(string)2D
0:00:00.194282602 [34m 3435[00m 0x771dec002240 [36mINFO   [00m [00m       basetransform gstbasetransform.c:1325:gst_base_transform_setcaps:<glcolorbalance0>[00m reuse caps
0:00:00.194315724 [34m 3435[00m 0x771dec002240 [36mINFO   [00m [00;01;34m           GST_EVENT gstevent.c:892:gst_event_new_caps:[00m creating caps event video/x-raw(memory:GLMemory), format=(string)RGBA, width=(int)1280, height=(int)720, interlace-mode=(string)progressive, pixel-aspect-ratio=(fraction)1/1, framerate=(fraction)25/1, texture-target=(string)2D
0:00:00.194749652 [34m 3435[00m 0x771dec002240 [33;01mWARN   [00m [00m           structure gststructure.c:2091:priv_gst_structure_append_to_gstring:[00m No value transform to serialize field 'params' of type 'GstAllocationParams'
0:00:00.194775156 [34m 3435[00m 0x771dec002240 [36mINFO   [00m [00m           structure gststructure.c:2917:gst_structure_get_valist:[00m Expected field 'gl-allocation-params' in structure: GstBufferPoolConfig, caps=(GstCaps)"video/x-raw\(memory:GLMemory\)\,\ format\=\(string\)RGBA\,\ width\=\(int\)1280\,\ height\=\(int\)720\,\ interlace-mode\=\(string\)progressive\,\ pixel-aspect-ratio\=\(fraction\)1/1\,\ framerate\=\(fraction\)25/1\,\ texture-target\=\(string\)2D", size=(uint)3686400, min-buffers=(uint)0, max-buffers=(uint)0, allocator=(GstAllocator)"NULL", params=(GstAllocationParams)NULL, options=(string)< GstBufferPoolOptionGLSyncMeta >;
0:00:00.194798205 [34m 3435[00m 0x771dec002240 [36mINFO   [00m [00m        glbasefilter gstglbasefilter.c:567:gst_gl_base_filter_find_gl_context_unlocked:<gluploadelement0>[00m found OpenGL context <glcontextegl1>
0:00:00.194815729 [34m 3435[00m 0x771dec002240 [33;01mWARN   [00m [00m           structure gststructure.c:2091:priv_gst_structure_append_to_gstring:[00m No value transform to serialize field 'params' of type 'GstAllocationParams'
0:00:00.194821136 [34m 3435[00m 0x771dec002240 [36mINFO   [00m [00m           structure gststructure.c:2917:gst_structure_get_valist:[00m Expected field 'gl-allocation-params' in structure: GstBufferPoolConfig, caps=(GstCaps)"video/x-raw\(memory:GLMemory\)\,\ format\=\(string\)RGBA\,\ width\=\(int\)1280\,\ height\=\(int\)720\,\ interlace-mode\=\(string\)progressive\,\ pixel-aspect-ratio\=\(fraction\)1/1\,\ framerate\=\(fraction\)25/1\,\ texture-target\=\(string\)2D", size=(uint)3686400, min-buffers=(uint)2, max-buffers=(uint)0, allocator=(GstAllocator)"NULL", params=(GstAllocationParams)NULL, options=(string)< GstBufferPoolOptionGLSyncMeta >;
0:00:00.194887123 [34m 3435[00m 0x771dec002240 [33;01mWARN   [00m [00m           structure gststructure.c:2091:priv_gst_structure_append_to_gstring:[00m No value transform to serialize field 'params' of type 'GstAllocationParams'
0:00:00.194895132 [34m 3435[00m 0x771dec002240 [36mINFO   [00m [00m           structure gststructure.c:2917:gst_structure_get_valist:[00m Expected field 'gl-allocation-params' in structure: GstBufferPoolConfig, caps=(GstCaps)"video/x-raw\,\ format\=\(string\)I420\,\ width\=\(int\)1280\,\ height\=\(int\)720\,\ interlace-mode\=\(string\)progressive\,\ pixel-aspect-ratio\=\(fraction\)1/1\,\ chroma-site\=\(string\)mpeg2\,\ framerate\=\(fraction\)25/1", size=(uint)1382400, min-buffers=(uint)0, max-buffers=(uint)0, allocator=(GstAllocator)"NULL", params=(GstAllocationParams)NULL, options=(string)< GstBufferPoolOptionGLSyncMeta, GstBufferPoolOptionGLTextureTarget2D >;
0:00:00.194924208 [34m 3435[00m 0x771dec002240 [33;01mWARN   [00m [00m           structure gststructure.c:2091:priv_gst_structure_append_to_gstring:[00m No value transform to serialize field 'params' of type 'GstAllocationParams'
0:00:00.194936647 [34m 3435[00m 0x771dec002240 [36mINFO   [00m [00m           structure gststructure.c:2917:gst_structure_get_valist:[00m Expected field 'gl-allocation-params' in structure: GstBufferPoolConfig, caps=(GstCaps)"video/x-raw\,\ format\=\(string\)I420\,\ width\=\(int\)1280\,\ height\=\(int\)720\,\ interlace-mode\=\(string\)progressive\,\ pixel-aspect-ratio\=\(fraction\)1/1\,\ chroma-site\=\(string\)mpeg2\,\ framerate\=\(fraction\)25/1", size=(uint)1382400, min-buffers=(uint)1, max-buffers=(uint)0, allocator=(GstAllocator)"NULL", params=(GstAllocationParams)NULL, options=(string)< GstBufferPoolOptionGLSyncMeta, GstBufferPoolOptionGLTextureTarget2D >;
0:00:00.194957277 [34m 3435[00m 0x771dec002240 [33;01mWARN   [00m [00m           structure gststructure.c:2091:priv_gst_structure_append_to_gstring:[00m No value transform to serialize field 'params' of type 'GstAllocationParams'
0:00:00.194965842 [34m 3435[00m 0x771dec002240 [36mINFO   [00m [00m           structure gststructure.c:2917:gst_structure_get_valist:[00m Expected field 'gl-allocation-params' in structure: GstBufferPoolConfig, caps=(GstCaps)"video/x-raw\,\ format\=\(string\)I420\,\ width\=\(int\)1280\,\ height\=\(int\)720\,\ interlace-mode\=\(string\)progressive\,\ pixel-aspect-ratio\=\(fraction\)1/1\,\ chroma-site\=\(string\)mpeg2\,\ framerate\=\(fraction\)25/1", size=(uint)1382400, min-buffers=(uint)1, max-buffers=(uint)0, allocator=(GstAllocator)"NULL", params=(GstAllocationParams)NULL, options=(string)< GstBufferPoolOptionGLSyncMeta, GstBufferPoolOptionGLTextureTarget2D, GstBufferPoolOptionVideoMeta, GstBufferPoolOptionVideoAlignment >, padding-top=(uint)0, padding-bottom=(uint)19, padding-left=(uint)0, padding-right=(uint)0, stride-align0=(uint)63, stride-align1=(uint)63, stride-align2=(uint)63, stride-align3=(uint)63;
Redistribute latency...
0:00:00.197373957 [34m 3435[00m 0x771dec002240 [33;01mWARN   [00m [00m           structure gststructure.c:2091:priv_gst_structure_append_to_gstring:[00m No value transform to serialize field 'params' of type 'GstAllocationParams'
0:00:00.197387798 [34m 3435[00m 0x771dec002240 [36mINFO   [00m [00m           structure gststructure.c:2917:gst_structure_get_valist:[00m Expected field 'gl-allocation-params' in structure: GstBufferPoolConfig, caps=(GstCaps)"video/x-raw\,\ format\=\(string\)I420\,\ width\=\(int\)1280\,\ height\=\(int\)720\,\ interlace-mode\=\(string\)progressive\,\ pixel-aspect-ratio\=\(fraction\)1/1\,\ chroma-site\=\(string\)mpeg2\,\ framerate\=\(fraction\)25/1", size=(uint)1382400, min-buffers=(uint)0, max-buffers=(uint)0, allocator=(GstAllocator)"NULL", params=(GstAllocationParams)NULL, options=(string)< GstBufferPoolOptionGLSyncMeta, GstBufferPoolOptionGLTextureTarget2D >;
0:00:00.197379503 [34m 3435[00m 0x5d1b96686000 [36mINFO   [00m [00;01;34m           GST_EVENT gstevent.c:1530:gst_event_new_latency:[00m creating latency event 0:00:00.000000000
0:00:00.197396946 [34m 3435[00m 0x5d1b96686000 [36mINFO   [00m [00;01m                 bin gstbin.c:2759:gst_bin_do_latency_func:<pipeline0>[00m configured latency of 0:00:00.000000000
0:00:00.197419608 [34m 3435[00m 0x771dec002240 [33;01mWARN   [00m [00m           structure gststructure.c:2091:priv_gst_structure_append_to_gstring:[00m No value transform to serialize field 'params' of type 'GstAllocationParams'
0:00:00.197425660 [34m 3435[00m 0x771dec002240 [36mINFO   [00m [00m           structure gststructure.c:2917:gst_structure_get_valist:[00m Expected field 'gl-allocation-params' in structure: GstBufferPoolConfig, caps=(GstCaps)"video/x-raw\,\ format\=\(string\)I420\,\ width\=\(int\)1280\,\ height\=\(int\)720\,\ interlace-mode\=\(string\)progressive\,\ pixel-aspect-ratio\=\(fraction\)1/1\,\ chroma-site\=\(string\)mpeg2\,\ framerate\=\(fraction\)25/1", size=(uint)1382400, min-buffers=(uint)1, max-buffers=(uint)0, allocator=(GstAllocator)"NULL", params=(GstAllocationParams)NULL, options=(string)< GstBufferPoolOptionGLSyncMeta, GstBufferPoolOptionGLTextureTarget2D >;
0:00:00.197484392 [34m 3435[00m 0x771dec002240 [33;01mWARN   [00m [00m           structure gststructure.c:2091:priv_gst_structure_append_to_gstring:[00m No value transform to serialize field 'params' of type 'GstAllocationParams'
0:00:00.197494985 [34m 3435[00m 0x771dec002240 [36mINFO   [00m [00m           structure gststructure.c:2917:gst_structure_get_valist:[00m Expected field 'gl-allocation-params' in structure: GstBufferPoolConfig, caps=(GstCaps)"video/x-raw\,\ format\=\(string\)I420\,\ width\=\(int\)1280\,\ height\=\(int\)720\,\ interlace-mode\=\(string\)progressive\,\ pixel-aspect-ratio\=\(fraction\)1/1\,\ chroma-site\=\(string\)mpeg2\,\ framerate\=\(fraction\)25/1", size=(uint)1382400, min-buffers=(uint)1, max-buffers=(uint)0, allocator=(GstAllocator)"NULL", params=(GstAllocationParams)NULL, options=(string)< GstBufferPoolOptionGLSyncMeta, GstBufferPoolOptionGLTextureTarget2D, GstBufferPoolOptionVideoMeta, GstBufferPoolOptionVideoAlignment >, padding-top=(uint)0, padding-bottom=(uint)19, padding-left=(uint)0, padding-right=(uint)0, stride-align0=(uint)63, stride-align1=(uint)63, stride-align2=(uint)63, stride-align3=(uint)63;
0:00:00.199874862 [34m 3435[00m 0x771dec002240 [36mINFO   [00m [00m        videodecoder gstvideodecoder.c:3720:gst_video_decoder_clip_and_push_buf:<avdec_h264-0>[00m First buffer since flush took 0:00:00.041326406 to produce
0:00:00.199986387 [34m 3435[00m 0x771dec002240 [36mINFO   [00m [00;01;34m           GST_EVENT gstevent.c:892:gst_event_new_caps:[00m creating caps event video/x-raw, format=(string)I420, width=(int)1280, height=(int)720, interlace-mode=(string)progressive, pixel-aspect-ratio=(fraction)1/1, chroma-site=(string)mpeg2, framerate=(fraction)25/1
0:00:00.200196724 [34m 3435[00m 0x771dec002240 [36mINFO   [00m [00m        glbasefilter gstglbasefilter.c:567:gst_gl_base_filter_find_gl_context_unlocked:<gluploadelement0>[00m found OpenGL context <glcontextegl1>
0:00:00.200245859 [34m 3435[00m 0x771dec002240 [36mINFO   [00m [00m        glbasefilter gstglbasefilter.c:567:gst_gl_base_filter_find_gl_context_unlocked:<gluploadelement0>[00m found OpenGL context <glcontextegl1>
0:00:00.200264664 [34m 3435[00m 0x771dec002240 [36mINFO   [00m [00m        glbasefilter gstglbasefilter.c:567:gst_gl_base_filter_find_gl_context_unlocked:<glcolorconvertelement0>[00m found OpenGL context <glcontextegl1>
0:00:00.200327462 [34m 3435[00m 0x771dec002240 [36mINFO   [00m [00;01;34m           GST_EVENT gstevent.c:892:gst_event_new_caps:[00m creating caps event video/x-raw(memory:GLMemory), format=(string)I420, width=(int)1280, height=(int)720, interlace-mode=(string)progressive, pixel-aspect-ratio=(fraction)1/1, chroma-site=(string)mpeg2, framerate=(fraction)25/1, texture-target=(string)2D
0:00:00.200341015 [34m 3435[00m 0x771dec002240 [36mINFO   [00m [00m        glbasefilter gstglbasefilter.c:567:gst_gl_base_filter_find_gl_context_unlocked:<glcolorconvertelement0>[00m found OpenGL context <glcontextegl1>
0:00:00.200372019 [34m 3435[00m 0x771dec002240 [36mINFO   [00m [00m        glbasefilter gstglbasefilter.c:567:gst_gl_base_filter_find_gl_context_unlocked:<glcolorconvertelement0>[00m found OpenGL context <glcontextegl1>
0:00:00.200626240 [34m 3435[00m 0x771dec002240 [33;01mWARN   [00m [00m           structure gststructure.c:2091:priv_gst_structure_append_to_gstring:[00m No value transform to serialize field 'params' of type 'GstAllocationParams'
0:00:00.200638119 [34m 3435[00m 0x771dec002240 [36mINFO   [00m [00m           structure gststructure.c:2917:gst_structure_get_valist:[00m Expected field 'gl-allocation-params' in structure: GstBufferPoolConfig, caps=(GstCaps)"video/x-raw\(memory:GLMemory\)\,\ format\=\(string\)RGBA\,\ width\=\(int\)1280\,\ height\=\(int\)720\,\ interlace-mode\=\(string\)progressive\,\ pixel-aspect-ratio\=\(fraction\)1/1\,\ framerate\=\(fraction\)25/1\,\ texture-target\=\(string\)2D", size=(uint)3686400, min-buffers=(uint)0, max-buffers=(uint)0, allocator=(GstAllocator)"NULL", params=(GstAllocationParams)NULL, options=(string)< GstBufferPoolOptionGLSyncMeta >;
0:00:00.200657291 [34m 3435[00m 0x771dec002240 [36mINFO   [00m [00m        glbasefilter gstglbasefilter.c:567:gst_gl_base_filter_find_gl_context_unlocked:<glcolorconvertelement0>[00m found OpenGL context <glcontextegl1>
0:00:00.200678759 [34m 3435[00m 0x5d1b96906120 [36mINFO   [00m [00m        glbasefilter gstglbasefilter.c:387:_gl_set_caps:<glcolorconvertelement0>[00m set GL caps input video/x-raw(memory:GLMemory), format=(string)I420, width=(int)1280, height=(int)720, interlace-mode=(string)progressive, pixel-aspect-ratio=(fraction)1/1, chroma-site=(string)mpeg2, framerate=(fraction)25/1, texture-target=(string)2D
0:00:00.200686648 [34m 3435[00m 0x5d1b96906120 [36mINFO   [00m [00m        glbasefilter gstglbasefilter.c:389:_gl_set_caps:<glcolorconvertelement0>[00m set GL caps output video/x-raw(memory:GLMemory), format=(string)RGBA, width=(int)1280, height=(int)720, interlace-mode=(string)progressive, pixel-aspect-ratio=(fraction)1/1, framerate=(fraction)25/1, texture-target=(string)2D
0:00:00.200710458 [34m 3435[00m 0x771dec002240 [33;01mWARN   [00m [00m           structure gststructure.c:2091:priv_gst_structure_append_to_gstring:[00m No value transform to serialize field 'params' of type 'GstAllocationParams'
0:00:00.200716084 [34m 3435[00m 0x771dec002240 [36mINFO   [00m [00m           structure gststructure.c:2917:gst_structure_get_valist:[00m Expected field 'gl-allocation-params' in structure: GstBufferPoolConfig, caps=(GstCaps)"video/x-raw\(memory:GLMemory\)\,\ format\=\(string\)RGBA\,\ width\=\(int\)1280\,\ height\=\(int\)720\,\ interlace-mode\=\(string\)progressive\,\ pixel-aspect-ratio\=\(fraction\)1/1\,\ framerate\=\(fraction\)25/1\,\ texture-target\=\(string\)2D", size=(uint)3686400, min-buffers=(uint)2, max-buffers=(uint)0, allocator=(GstAllocator)"NULL", params=(GstAllocationParams)NULL, options=(string)< GstBufferPoolOptionGLSyncMeta >;
0:00:00.200732486 [34m 3435[00m 0x771dec002240 [36mINFO   [00m [00m        glbasefilter gstglbasefilter.c:567:gst_gl_base_filter_find_gl_context_unlocked:<gluploadelement0>[00m found OpenGL context <glcontextegl1>
0:00:00.200789788 [34m 3435[00m 0x5d1b96906120 [36mINFO   [00m [00m           glconvert gstglcolorconvert.c:2512:_init_convert:[00m Initializing color conversion from I420 to RGBA
0:00:00.248552589 [34m 3435[00m 0x771dec002240 [36mINFO   [00m [00;01;31m          GST_STATES gstbin.c:3397:bin_handle_async_done:<autovideosink0-actual-sink-glimage>[00m committing state from READY to PAUSED, old pending PAUSED
0:00:00.248631168 [34m 3435[00m 0x771dec002240 [36mINFO   [00m [00;01;31m          GST_STATES gstbin.c:3420:bin_handle_async_done:<autovideosink0-actual-sink-glimage>[00m completed state change, pending VOID
0:00:00.248643784 [34m 3435[00m 0x771dec002240 [36mINFO   [00m [00;01;31m          GST_STATES gstelement.c:2706:_priv_gst_element_state_changed:<autovideosink0-actual-sink-glimage>[00m notifying about state-changed READY to PAUSED (VOID_PENDING pending)
0:00:00.248655250 [34m 3435[00m 0x771dec002240 [36mINFO   [00m [00;01;31m          GST_STATES gstbin.c:3397:bin_handle_async_done:<autovideosink0>[00m committing state from READY to PAUSED, old pending PAUSED
0:00:00.248660028 [34m 3435[00m 0x771dec002240 [36mINFO   [00m [00;01;31m          GST_STATES gstbin.c:3420:bin_handle_async_done:<autovideosink0>[00m completed state change, pending VOID
0:00:00.248665211 [34m 3435[00m 0x771dec002240 [36mINFO   [00m [00;01;31m          GST_STATES gstelement.c:2706:_priv_gst_element_state_changed:<autovideosink0>[00m notifying about state-changed READY to PAUSED (VOID_PENDING pending)
0:00:00.248673123 [34m 3435[00m 0x771dec002240 [36mINFO   [00m [00;01;31m          GST_STATES gstbin.c:3397:bin_handle_async_done:<pipeline0>[00m committing state from READY to PAUSED, old pending PAUSED
0:00:00.248677371 [34m 3435[00m 0x771dec002240 [36mINFO   [00m [00;01;31m          GST_STATES gstbin.c:3420:bin_handle_async_done:<pipeline0>[00m completed state change, pending VOID
0:00:00.248691679 [34m 3435[00m 0x771dec002240 [36mINFO   [00m [00;01;31m          GST_STATES gstelement.c:2706:_priv_gst_element_state_changed:<pipeline0>[00m notifying about state-changed READY to PAUSED (VOID_PENDING pending)
0:00:00.248791498 [34m 3435[00m 0x771dec002240 [36mINFO   [00m [00;01;31m          GST_STATES gstbin.c:2069:gst_bin_get_state_func:<pipeline0>[00m getting state
0:00:00.248827428 [34m 3435[00m 0x771dec002240 [36mINFO   [00m [00;01;31m          GST_STATES gstbin.c:2069:gst_bin_get_state_func:<autovideosink0>[00m getting state
0:00:00.248872523 [34m 3435[00m 0x771dec002240 [36mINFO   [00m [00;01;31m          GST_STATES gstbin.c:2069:gst_bin_get_state_func:<autovideosink0-actual-sink-glimage>[00m getting state
0:00:00.249268513 [34m 3435[00m 0x771dec002240 [36mINFO   [00m [00;01;31m          GST_STATES gstbin.c:2069:gst_bin_get_state_func:<decodebin0>[00m getting state
0:00:00.249876519 [34m 3435[00m 0x771dec002240 [36mINFO   [00m [00;04m             default gstdebugutils.c:879:gst_debug_bin_to_dot_file:[00m wrote bin graph to : '/home/vboxuser/Documents/logs/DOT/0.00.00.248698854-gst-launch.READY_PAUSED.dot'
Pipeline is PREROLLED ...
Setting pipeline to PLAYING ...
0:00:00.250214185 [34m 3435[00m 0x5d1b96686000 [36mINFO   [00m [00;01;34m           GST_EVENT gstevent.c:1530:gst_event_new_latency:[00m creating latency event 0:00:00.000000000
0:00:00.250244645 [34m 3435[00m 0x5d1b96686000 [36mINFO   [00m [00;01m                 bin gstbin.c:2759:gst_bin_do_latency_func:<pipeline0>[00m configured latency of 0:00:00.000000000
0:00:00.250256599 [34m 3435[00m 0x5d1b96686000 [36mINFO   [00m [00;01;31m          GST_STATES gstbin.c:2479:gst_bin_element_set_state:<autovideosink0>[00m current PAUSED pending VOID_PENDING, desired next PLAYING
0:00:00.250265520 [34m 3435[00m 0x5d1b96686000 [36mINFO   [00m [00;01;31m          GST_STATES gstbin.c:2479:gst_bin_element_set_state:<autovideosink0-actual-sink-glimage>[00m current PAUSED pending VOID_PENDING, desired next PLAYING
0:00:00.250274246 [34m 3435[00m 0x5d1b96686000 [36mINFO   [00m [00;01;31m          GST_STATES gstbin.c:2479:gst_bin_element_set_state:<sink>[00m current PAUSED pending VOID_PENDING, desired next PLAYING
0:00:00.250284300 [34m 3435[00m 0x5d1b96686000 [36mINFO   [00m [00;01;31m          GST_STATES gstelement.c:2806:gst_element_continue_state:<sink>[00m completed state change to PLAYING
0:00:00.250289881 [34m 3435[00m 0x5d1b96686000 [36mINFO   [00m [00;01;31m          GST_STATES gstelement.c:2706:_priv_gst_element_state_changed:<sink>[00m notifying about state-changed PAUSED to PLAYING (VOID_PENDING pending)
0:00:00.250297724 [34m 3435[00m 0x5d1b96686000 [36mINFO   [00m [00;01;31m          GST_STATES gstbin.c:2928:gst_bin_change_state_func:<autovideosink0-actual-sink-glimage>[00m child 'sink' changed state to 4(PLAYING) successfully
0:00:00.250303613 [34m 3435[00m 0x5d1b96686000 [36mINFO   [00m [00;01;31m          GST_STATES gstbin.c:2479:gst_bin_element_set_state:<glcolorbalance0>[00m current PAUSED pending VOID_PENDING, desired next PLAYING
0:00:00.250308984 [34m 3435[00m 0x5d1b96686000 [36mINFO   [00m [00;01;31m          GST_STATES gstelement.c:2806:gst_element_continue_state:<glcolorbalance0>[00m completed state change to PLAYING
0:00:00.250314430 [34m 3435[00m 0x5d1b96686000 [36mINFO   [00m [00;01;31m          GST_STATES gstelement.c:2706:_priv_gst_element_state_changed:<glcolorbalance0>[00m notifying about state-changed PAUSED to PLAYING (VOID_PENDING pending)
0:00:00.250320437 [34m 3435[00m 0x5d1b96686000 [36mINFO   [00m [00;01;31m          GST_STATES gstbin.c:2928:gst_bin_change_state_func:<autovideosink0-actual-sink-glimage>[00m child 'glcolorbalance0' changed state to 4(PLAYING) successfully
0:00:00.250326182 [34m 3435[00m 0x5d1b96686000 [36mINFO   [00m [00;01;31m          GST_STATES gstbin.c:2479:gst_bin_element_set_state:<glcolorconvertelement0>[00m current PAUSED pending VOID_PENDING, desired next PLAYING
0:00:00.250337617 [34m 3435[00m 0x5d1b96686000 [36mINFO   [00m [00;01;31m          GST_STATES gstelement.c:2806:gst_element_continue_state:<glcolorconvertelement0>[00m completed state change to PLAYING
0:00:00.250342946 [34m 3435[00m 0x5d1b96686000 [36mINFO   [00m [00;01;31m          GST_STATES gstelement.c:2706:_priv_gst_element_state_changed:<glcolorconvertelement0>[00m notifying about state-changed PAUSED to PLAYING (VOID_PENDING pending)
0:00:00.250349095 [34m 3435[00m 0x5d1b96686000 [36mINFO   [00m [00;01;31m          GST_STATES gstbin.c:2928:gst_bin_change_state_func:<autovideosink0-actual-sink-glimage>[00m child 'glcolorconvertelement0' changed state to 4(PLAYING) successfully
0:00:00.250354618 [34m 3435[00m 0x5d1b96686000 [36mINFO   [00m [00;01;31m          GST_STATES gstbin.c:2479:gst_bin_element_set_state:<gluploadelement0>[00m current PAUSED pending VOID_PENDING, desired next PLAYING
0:00:00.250359488 [34m 3435[00m 0x5d1b96686000 [36mINFO   [00m [00;01;31m          GST_STATES gstelement.c:2806:gst_element_continue_state:<gluploadelement0>[00m completed state change to PLAYING
0:00:00.250364095 [34m 3435[00m 0x5d1b96686000 [36mINFO   [00m [00;01;31m          GST_STATES gstelement.c:2706:_priv_gst_element_state_changed:<gluploadelement0>[00m notifying about state-changed PAUSED to PLAYING (VOID_PENDING pending)
0:00:00.250370061 [34m 3435[00m 0x5d1b96686000 [36mINFO   [00m [00;01;31m          GST_STATES gstbin.c:2928:gst_bin_change_state_func:<autovideosink0-actual-sink-glimage>[00m child 'gluploadelement0' changed state to 4(PLAYING) successfully
0:00:00.250375289 [34m 3435[00m 0x5d1b96686000 [36mINFO   [00m [00;01;31m          GST_STATES gstelement.c:2806:gst_element_continue_state:<autovideosink0-actual-sink-glimage>[00m completed state change to PLAYING
0:00:00.250380400 [34m 3435[00m 0x5d1b96686000 [36mINFO   [00m [00;01;31m          GST_STATES gstelement.c:2706:_priv_gst_element_state_changed:<autovideosink0-actual-sink-glimage>[00m notifying about state-changed PAUSED to PLAYING (VOID_PENDING pending)
0:00:00.250387098 [34m 3435[00m 0x5d1b96686000 [36mINFO   [00m [00;01;31m          GST_STATES gstbin.c:2928:gst_bin_change_state_func:<autovideosink0>[00m child 'autovideosink0-actual-sink-glimage' changed state to 4(PLAYING) successfully
0:00:00.250392146 [34m 3435[00m 0x5d1b96686000 [36mINFO   [00m [00;01;31m          GST_STATES gstelement.c:2806:gst_element_continue_state:<autovideosink0>[00m completed state change to PLAYING
0:00:00.250397298 [34m 3435[00m 0x5d1b96686000 [36mINFO   [00m [00;01;31m          GST_STATES gstelement.c:2706:_priv_gst_element_state_changed:<autovideosink0>[00m notifying about state-changed PAUSED to PLAYING (VOID_PENDING pending)
0:00:00.250403341 [34m 3435[00m 0x5d1b96686000 [36mINFO   [00m [00;01;31m          GST_STATES gstbin.c:2928:gst_bin_change_state_func:<pipeline0>[00m child 'autovideosink0' changed state to 4(PLAYING) successfully
0:00:00.250409010 [34m 3435[00m 0x5d1b96686000 [36mINFO   [00m [00;01;31m          GST_STATES gstbin.c:2479:gst_bin_element_set_state:<decodebin0>[00m current PAUSED pending VOID_PENDING, desired next PLAYING
0:00:00.250420807 [34m 3435[00m 0x5d1b96686000 [36mINFO   [00m [00;01;31m          GST_STATES gstbin.c:2479:gst_bin_element_set_state:<avdec_aac0>[00m current PAUSED pending VOID_PENDING, desired next PLAYING
0:00:00.250429243 [34m 3435[00m 0x5d1b96686000 [36mINFO   [00m [00;01;31m          GST_STATES gstelement.c:2806:gst_element_continue_state:<avdec_aac0>[00m completed state change to PLAYING
0:00:00.250436270 [34m 3435[00m 0x5d1b96686000 [36mINFO   [00m [00;01;31m          GST_STATES gstelement.c:2706:_priv_gst_element_state_changed:<avdec_aac0>[00m notifying about state-changed PAUSED to PLAYING (VOID_PENDING pending)
0:00:00.250444871 [34m 3435[00m 0x5d1b96686000 [36mINFO   [00m [00;01;31m          GST_STATES gstbin.c:2928:gst_bin_change_state_func:<decodebin0>[00m child 'avdec_aac0' changed state to 4(PLAYING) successfully
0:00:00.250456368 [34m 3435[00m 0x5d1b96686000 [36mINFO   [00m [00;01;31m          GST_STATES gstbin.c:2479:gst_bin_element_set_state:<aacparse0>[00m current PAUSED pending VOID_PENDING, desired next PLAYING
0:00:00.250463931 [34m 3435[00m 0x5d1b96686000 [36mINFO   [00m [00;01;31m          GST_STATES gstelement.c:2806:gst_element_continue_state:<aacparse0>[00m completed state change to PLAYING
0:00:00.250470519 [34m 3435[00m 0x5d1b96686000 [36mINFO   [00m [00;01;31m          GST_STATES gstelement.c:2706:_priv_gst_element_state_changed:<aacparse0>[00m notifying about state-changed PAUSED to PLAYING (VOID_PENDING pending)
0:00:00.250479044 [34m 3435[00m 0x5d1b96686000 [36mINFO   [00m [00;01;31m          GST_STATES gstbin.c:2928:gst_bin_change_state_func:<decodebin0>[00m child 'aacparse0' changed state to 4(PLAYING) successfully
0:00:00.250487944 [34m 3435[00m 0x5d1b96686000 [36mINFO   [00m [00;01;31m          GST_STATES gstbin.c:2479:gst_bin_element_set_state:<avdec_h264-0>[00m current PAUSED pending VOID_PENDING, desired next PLAYING
0:00:00.250495633 [34m 3435[00m 0x5d1b96686000 [36mINFO   [00m [00;01;31m          GST_STATES gstelement.c:2806:gst_element_continue_state:<avdec_h264-0>[00m completed state change to PLAYING
0:00:00.250502784 [34m 3435[00m 0x5d1b96686000 [36mINFO   [00m [00;01;31m          GST_STATES gstelement.c:2706:_priv_gst_element_state_changed:<avdec_h264-0>[00m notifying about state-changed PAUSED to PLAYING (VOID_PENDING pending)
0:00:00.250511516 [34m 3435[00m 0x5d1b96686000 [36mINFO   [00m [00;01;31m          GST_STATES gstbin.c:2928:gst_bin_change_state_func:<decodebin0>[00m child 'avdec_h264-0' changed state to 4(PLAYING) successfully
0:00:00.250519524 [34m 3435[00m 0x5d1b96686000 [36mINFO   [00m [00;01;31m          GST_STATES gstbin.c:2479:gst_bin_element_set_state:<capsfilter0>[00m current PAUSED pending VOID_PENDING, desired next PLAYING
0:00:00.250526035 [34m 3435[00m 0x5d1b96686000 [36mINFO   [00m [00;01;31m          GST_STATES gstelement.c:2806:gst_element_continue_state:<capsfilter0>[00m completed state change to PLAYING
0:00:00.250534387 [34m 3435[00m 0x5d1b96686000 [36mINFO   [00m [00;01;31m          GST_STATES gstelement.c:2706:_priv_gst_element_state_changed:<capsfilter0>[00m notifying about state-changed PAUSED to PLAYING (VOID_PENDING pending)
0:00:00.250543297 [34m 3435[00m 0x5d1b96686000 [36mINFO   [00m [00;01;31m          GST_STATES gstbin.c:2928:gst_bin_change_state_func:<decodebin0>[00m child 'capsfilter0' changed state to 4(PLAYING) successfully
0:00:00.250549792 [34m 3435[00m 0x5d1b96686000 [36mINFO   [00m [00;01;31m          GST_STATES gstbin.c:2479:gst_bin_element_set_state:<h264parse0>[00m current PAUSED pending VOID_PENDING, desired next PLAYING
0:00:00.250554545 [34m 3435[00m 0x5d1b96686000 [36mINFO   [00m [00;01;31m          GST_STATES gstelement.c:2806:gst_element_continue_state:<h264parse0>[00m completed state change to PLAYING
0:00:00.250559199 [34m 3435[00m 0x5d1b96686000 [36mINFO   [00m [00;01;31m          GST_STATES gstelement.c:2706:_priv_gst_element_state_changed:<h264parse0>[00m notifying about state-changed PAUSED to PLAYING (VOID_PENDING pending)
0:00:00.250565078 [34m 3435[00m 0x5d1b96686000 [36mINFO   [00m [00;01;31m          GST_STATES gstbin.c:2928:gst_bin_change_state_func:<decodebin0>[00m child 'h264parse0' changed state to 4(PLAYING) successfully
0:00:00.250571143 [34m 3435[00m 0x5d1b96686000 [36mINFO   [00m [00;01;31m          GST_STATES gstbin.c:2479:gst_bin_element_set_state:<multiqueue0>[00m current PAUSED pending VOID_PENDING, desired next PLAYING
0:00:00.250576238 [34m 3435[00m 0x5d1b96686000 [36mINFO   [00m [00;01;31m          GST_STATES gstelement.c:2806:gst_element_continue_state:<multiqueue0>[00m completed state change to PLAYING
0:00:00.250581086 [34m 3435[00m 0x5d1b96686000 [36mINFO   [00m [00;01;31m          GST_STATES gstelement.c:2706:_priv_gst_element_state_changed:<multiqueue0>[00m notifying about state-changed PAUSED to PLAYING (VOID_PENDING pending)
0:00:00.250589766 [34m 3435[00m 0x5d1b96686000 [36mINFO   [00m [00;01;31m          GST_STATES gstbin.c:2928:gst_bin_change_state_func:<decodebin0>[00m child 'multiqueue0' changed state to 4(PLAYING) successfully
0:00:00.250595954 [34m 3435[00m 0x5d1b96686000 [36mINFO   [00m [00;01;31m          GST_STATES gstbin.c:2479:gst_bin_element_set_state:<qtdemux0>[00m current PAUSED pending VOID_PENDING, desired next PLAYING
0:00:00.250601174 [34m 3435[00m 0x5d1b96686000 [36mINFO   [00m [00;01;31m          GST_STATES gstelement.c:2806:gst_element_continue_state:<qtdemux0>[00m completed state change to PLAYING
0:00:00.250605962 [34m 3435[00m 0x5d1b96686000 [36mINFO   [00m [00;01;31m          GST_STATES gstelement.c:2706:_priv_gst_element_state_changed:<qtdemux0>[00m notifying about state-changed PAUSED to PLAYING (VOID_PENDING pending)
0:00:00.250611644 [34m 3435[00m 0x5d1b96686000 [36mINFO   [00m [00;01;31m          GST_STATES gstbin.c:2928:gst_bin_change_state_func:<decodebin0>[00m child 'qtdemux0' changed state to 4(PLAYING) successfully
0:00:00.250617600 [34m 3435[00m 0x5d1b96686000 [36mINFO   [00m [00;01;31m          GST_STATES gstbin.c:2479:gst_bin_element_set_state:<typefind>[00m current PAUSED pending VOID_PENDING, desired next PLAYING
0:00:00.250622508 [34m 3435[00m 0x5d1b96686000 [36mINFO   [00m [00;01;31m          GST_STATES gstelement.c:2806:gst_element_continue_state:<typefind>[00m completed state change to PLAYING
0:00:00.250627121 [34m 3435[00m 0x5d1b96686000 [36mINFO   [00m [00;01;31m          GST_STATES gstelement.c:2706:_priv_gst_element_state_changed:<typefind>[00m notifying about state-changed PAUSED to PLAYING (VOID_PENDING pending)
0:00:00.250633062 [34m 3435[00m 0x5d1b96686000 [36mINFO   [00m [00;01;31m          GST_STATES gstbin.c:2928:gst_bin_change_state_func:<decodebin0>[00m child 'typefind' changed state to 4(PLAYING) successfully
0:00:00.250638633 [34m 3435[00m 0x5d1b96686000 [36mINFO   [00m [00;01;31m          GST_STATES gstelement.c:2806:gst_element_continue_state:<decodebin0>[00m completed state change to PLAYING
0:00:00.250643759 [34m 3435[00m 0x5d1b96686000 [36mINFO   [00m [00;01;31m          GST_STATES gstelement.c:2706:_priv_gst_element_state_changed:<decodebin0>[00m notifying about state-changed PAUSED to PLAYING (VOID_PENDING pending)
0:00:00.250650130 [34m 3435[00m 0x5d1b96686000 [36mINFO   [00m [00;01;31m          GST_STATES gstbin.c:2928:gst_bin_change_state_func:<pipeline0>[00m child 'decodebin0' changed state to 4(PLAYING) successfully
0:00:00.250655373 [34m 3435[00m 0x5d1b96686000 [36mINFO   [00m [00;01;31m          GST_STATES gstbin.c:2479:gst_bin_element_set_state:<filesrc0>[00m current PAUSED pending VOID_PENDING, desired next PLAYING
0:00:00.250660454 [34m 3435[00m 0x5d1b96686000 [36mINFO   [00m [00;01;31m          GST_STATES gstelement.c:2806:gst_element_continue_state:<filesrc0>[00m completed state change to PLAYING
0:00:00.250665742 [34m 3435[00m 0x5d1b96686000 [36mINFO   [00m [00;01;31m          GST_STATES gstelement.c:2706:_priv_gst_element_state_changed:<filesrc0>[00m notifying about state-changed PAUSED to PLAYING (VOID_PENDING pending)
0:00:00.250672050 [34m 3435[00m 0x5d1b96686000 [36mINFO   [00m [00;01;31m          GST_STATES gstbin.c:2928:gst_bin_change_state_func:<pipeline0>[00m child 'filesrc0' changed state to 4(PLAYING) successfully
0:00:00.250677266 [34m 3435[00m 0x5d1b96686000 [36mINFO   [00m [00;01;31m          GST_STATES gstelement.c:2806:gst_element_continue_state:<pipeline0>[00m completed state change to PLAYING
0:00:00.250682678 [34m 3435[00m 0x5d1b96686000 [36mINFO   [00m [00;01;31m          GST_STATES gstelement.c:2706:_priv_gst_element_state_changed:<pipeline0>[00m notifying about state-changed PAUSED to PLAYING (VOID_PENDING pending)
0:00:00.251275127 [34m 3435[00m 0x5d1b96686000 [36mINFO   [00m [00;01;31m          GST_STATES gstbin.c:2069:gst_bin_get_state_func:<pipeline0>[00m getting state
0:00:00.251321370 [34m 3435[00m 0x5d1b96686000 [36mINFO   [00m [00;01;31m          GST_STATES gstbin.c:2069:gst_bin_get_state_func:<autovideosink0>[00m getting state
0:00:00.251364876 [34m 3435[00m 0x5d1b96686000 [36mINFO   [00m [00;01;31m          GST_STATES gstbin.c:2069:gst_bin_get_state_func:<autovideosink0-actual-sink-glimage>[00m getting state
0:00:00.251697939 [34m 3435[00m 0x5d1b96686000 [36mINFO   [00m [00;01;31m          GST_STATES gstbin.c:2069:gst_bin_get_state_func:<decodebin0>[00m getting state
0:00:00.252587869 [34m 3435[00m 0x5d1b96686000 [36mINFO   [00m [00;04m             default gstdebugutils.c:879:gst_debug_bin_to_dot_file:[00m wrote bin graph to : '/home/vboxuser/Documents/logs/DOT/0.00.00.250688793-gst-launch.PAUSED_PLAYING.dot'
Redistribute latency...
0:00:00.252662874 [34m 3435[00m 0x5d1b96686000 [36mINFO   [00m [00;01;34m           GST_EVENT gstevent.c:1530:gst_event_new_latency:[00m creating latency event 0:00:00.000000000
0:00:00.252685465 [34m 3435[00m 0x5d1b96686000 [36mINFO   [00m [00;01m                 bin gstbin.c:2759:gst_bin_do_latency_func:<pipeline0>[00m configured latency of 0:00:00.000000000
New clock: GstSystemClock
0:00:00.292246969 [34m 3435[00m 0x771dec002240 [36mINFO   [00m [00m       basetransform gstbasetransform.c:1325:gst_base_transform_setcaps:<capsfilter0>[00m reuse caps
0:00:00.292393505 [34m 3435[00m 0x771d9800a460 [36mINFO   [00m [00m        audiodecoder gstaudiodecoder.c:2521:gst_audio_decoder_sink_eventfunc:<avdec_aac0>[00m upstream stream tags: taglist, audio-codec=(string)"MPEG-4\ AAC", maximum-bitrate=(uint)416704, bitrate=(uint)383961, minimum-bitrate=(uint)364125;
0:00:00.319176901 [34m 3435[00m 0x771dec002240 [36mINFO   [00m [00;01;34m           GST_EVENT gstevent.c:1660:gst_event_new_reconfigure:[00m creating reconfigure event
0:00:00.372265672 [34m 3435[00m 0x771dec002240 [36mINFO   [00m [00m       basetransform gstbasetransform.c:1325:gst_base_transform_setcaps:<capsfilter0>[00m reuse caps
0:00:00.379775499 [34m 3435[00m 0x771dec002240 [36mINFO   [00m [00m        glbasefilter gstglbasefilter.c:567:gst_gl_base_filter_find_gl_context_unlocked:<gluploadelement0>[00m found OpenGL context <glcontextegl1>
0:00:00.379898558 [34m 3435[00m 0x771dec002240 [36mINFO   [00m [00m        glbasefilter gstglbasefilter.c:567:gst_gl_base_filter_find_gl_context_unlocked:<glcolorconvertelement0>[00m found OpenGL context <glcontextegl1>
0:00:00.379964804 [34m 3435[00m 0x771dec002240 [36mINFO   [00m [00m        glbasefilter gstglbasefilter.c:567:gst_gl_base_filter_find_gl_context_unlocked:<glcolorconvertelement0>[00m found OpenGL context <glcontextegl1>
0:00:00.393368991 [34m 3435[00m 0x771dec002240 [33;01mWARN   [00m [00m           structure gststructure.c:2091:priv_gst_structure_append_to_gstring:[00m No value transform to serialize field 'params' of type 'GstAllocationParams'
0:00:00.393405494 [34m 3435[00m 0x771dec002240 [36mINFO   [00m [00m           structure gststructure.c:2917:gst_structure_get_valist:[00m Expected field 'gl-allocation-params' in structure: GstBufferPoolConfig, caps=(GstCaps)"video/x-raw\(memory:GLMemory\)\,\ format\=\(string\)RGBA\,\ width\=\(int\)1280\,\ height\=\(int\)720\,\ interlace-mode\=\(string\)progressive\,\ pixel-aspect-ratio\=\(fraction\)1/1\,\ framerate\=\(fraction\)25/1\,\ texture-target\=\(string\)2D", size=(uint)3686400, min-buffers=(uint)0, max-buffers=(uint)0, allocator=(GstAllocator)"NULL", params=(GstAllocationParams)NULL, options=(string)< GstBufferPoolOptionGLSyncMeta >;
0:00:00.393428878 [34m 3435[00m 0x771dec002240 [36mINFO   [00m [00m        glbasefilter gstglbasefilter.c:567:gst_gl_base_filter_find_gl_context_unlocked:<glcolorconvertelement0>[00m found OpenGL context <glcontextegl1>
0:00:00.393565334 [34m 3435[00m 0x5d1b96906120 [36mINFO   [00m [00m        glbasefilter gstglbasefilter.c:387:_gl_set_caps:<glcolorconvertelement0>[00m set GL caps input video/x-raw(memory:GLMemory), format=(string)I420, width=(int)1280, height=(int)720, interlace-mode=(string)progressive, pixel-aspect-ratio=(fraction)1/1, chroma-site=(string)mpeg2, framerate=(fraction)25/1, texture-target=(string)2D
0:00:00.393602233 [34m 3435[00m 0x5d1b96906120 [36mINFO   [00m [00m        glbasefilter gstglbasefilter.c:389:_gl_set_caps:<glcolorconvertelement0>[00m set GL caps output video/x-raw(memory:GLMemory), format=(string)RGBA, width=(int)1280, height=(int)720, interlace-mode=(string)progressive, pixel-aspect-ratio=(fraction)1/1, framerate=(fraction)25/1, texture-target=(string)2D
0:00:00.394233504 [34m 3435[00m 0x771dec002240 [33;01mWARN   [00m [00m           structure gststructure.c:2091:priv_gst_structure_append_to_gstring:[00m No value transform to serialize field 'params' of type 'GstAllocationParams'
0:00:00.394263393 [34m 3435[00m 0x771dec002240 [36mINFO   [00m [00m           structure gststructure.c:2917:gst_structure_get_valist:[00m Expected field 'gl-allocation-params' in structure: GstBufferPoolConfig, caps=(GstCaps)"video/x-raw\(memory:GLMemory\)\,\ format\=\(string\)RGBA\,\ width\=\(int\)1280\,\ height\=\(int\)720\,\ interlace-mode\=\(string\)progressive\,\ pixel-aspect-ratio\=\(fraction\)1/1\,\ framerate\=\(fraction\)25/1\,\ texture-target\=\(string\)2D", size=(uint)3686400, min-buffers=(uint)2, max-buffers=(uint)0, allocator=(GstAllocator)"NULL", params=(GstAllocationParams)NULL, options=(string)< GstBufferPoolOptionGLSyncMeta >;
0:00:00.394297505 [34m 3435[00m 0x771dec002240 [36mINFO   [00m [00m        glbasefilter gstglbasefilter.c:567:gst_gl_base_filter_find_gl_context_unlocked:<gluploadelement0>[00m found OpenGL context <glcontextegl1>
0:00:00.394357543 [34m 3435[00m 0x771dec002240 [33;01mWARN   [00m [00m           structure gststructure.c:2091:priv_gst_structure_append_to_gstring:[00m No value transform to serialize field 'params' of type 'GstAllocationParams'
0:00:00.394366010 [34m 3435[00m 0x771dec002240 [36mINFO   [00m [00m           structure gststructure.c:2917:gst_structure_get_valist:[00m Expected field 'gl-allocation-params' in structure: GstBufferPoolConfig, caps=(GstCaps)"video/x-raw\,\ format\=\(string\)I420\,\ width\=\(int\)1280\,\ height\=\(int\)720\,\ interlace-mode\=\(string\)progressive\,\ pixel-aspect-ratio\=\(fraction\)1/1\,\ chroma-site\=\(string\)mpeg2\,\ framerate\=\(fraction\)25/1", size=(uint)1382400, min-buffers=(uint)0, max-buffers=(uint)0, allocator=(GstAllocator)"NULL", params=(GstAllocationParams)NULL, options=(string)< GstBufferPoolOptionGLSyncMeta, GstBufferPoolOptionGLTextureTarget2D >;
0:00:00.394428913 [34m 3435[00m 0x771dec002240 [33;01mWARN   [00m [00m           structure gststructure.c:2091:priv_gst_structure_append_to_gstring:[00m No value transform to serialize field 'params' of type 'GstAllocationParams'
0:00:00.394438032 [34m 3435[00m 0x771dec002240 [36mINFO   [00m [00m           structure gststructure.c:2917:gst_structure_get_valist:[00m Expected field 'gl-allocation-params' in structure: GstBufferPoolConfig, caps=(GstCaps)"video/x-raw\,\ format\=\(string\)I420\,\ width\=\(int\)1280\,\ height\=\(int\)720\,\ interlace-mode\=\(string\)progressive\,\ pixel-aspect-ratio\=\(fraction\)1/1\,\ chroma-site\=\(string\)mpeg2\,\ framerate\=\(fraction\)25/1", size=(uint)1382400, min-buffers=(uint)1, max-buffers=(uint)0, allocator=(GstAllocator)"NULL", params=(GstAllocationParams)NULL, options=(string)< GstBufferPoolOptionGLSyncMeta, GstBufferPoolOptionGLTextureTarget2D >;
0:00:00.394468193 [34m 3435[00m 0x771dec002240 [33;01mWARN   [00m [00m           structure gststructure.c:2091:priv_gst_structure_append_to_gstring:[00m No value transform to serialize field 'params' of type 'GstAllocationParams'
0:00:00.394478540 [34m 3435[00m 0x771dec002240 [36mINFO   [00m [00m           structure gststructure.c:2917:gst_structure_get_valist:[00m Expected field 'gl-allocation-params' in structure: GstBufferPoolConfig, caps=(GstCaps)"video/x-raw\,\ format\=\(string\)I420\,\ width\=\(int\)1280\,\ height\=\(int\)720\,\ interlace-mode\=\(string\)progressive\,\ pixel-aspect-ratio\=\(fraction\)1/1\,\ chroma-site\=\(string\)mpeg2\,\ framerate\=\(fraction\)25/1", size=(uint)1382400, min-buffers=(uint)1, max-buffers=(uint)0, allocator=(GstAllocator)"NULL", params=(GstAllocationParams)NULL, options=(string)< GstBufferPoolOptionGLSyncMeta, GstBufferPoolOptionGLTextureTarget2D, GstBufferPoolOptionVideoMeta, GstBufferPoolOptionVideoAlignment >, padding-top=(uint)0, padding-bottom=(uint)19, padding-left=(uint)0, padding-right=(uint)0, stride-align0=(uint)63, stride-align1=(uint)63, stride-align2=(uint)63, stride-align3=(uint)63;
0:00:00.408777445 [34m 3435[00m 0x771dec002240 [33;01mWARN   [00m [00m        videodecoder gstvideodecoder.c:3670:gst_video_decoder_clip_and_push_buf:<avdec_h264-0>[00m Dropping frame due to QoS. start:0:00:00.080000000 deadline:0:00:00.080000000 earliest_time:0:00:00.140041764
0:00:00.434758998 [34m 3435[00m 0x771dec002240 [33;01mWARN   [00m [00m        videodecoder gstvideodecoder.c:3670:gst_video_decoder_clip_and_push_buf:<avdec_h264-0>[00m Dropping frame due to QoS. start:0:00:00.120000000 deadline:0:00:00.120000000 earliest_time:0:00:00.140041764
0:00:00.497665965 [34m 3435[00m 0x771dec002240 [36mINFO   [00m [00m       basetransform gstbasetransform.c:1325:gst_base_transform_setcaps:<glcolorbalance0>[00m reuse caps
0:00:00.552726267 [34m 3435[00m 0x771dec002240 [36mINFO   [00m [00m        videodecoder gstvideodecoder.c:1633:gst_video_decoder_sink_event_default:<avdec_h264-0>[00m upstream tags: taglist, video-codec=(string)"H.264\ \(Main\ Profile\)", bitrate=(uint)1032686, minimum-bitrate=(uint)793200, maximum-bitrate=(uint)793200;
0:00:00.564723212 [34m 3435[00m 0x771dec002240 [36mINFO   [00m [00m        videodecoder gstvideodecoder.c:1633:gst_video_decoder_sink_event_default:<avdec_h264-0>[00m upstream tags: taglist, video-codec=(string)"H.264\ \(Main\ Profile\)", bitrate=(uint)1032686, minimum-bitrate=(uint)793200, maximum-bitrate=(uint)816200;
0:00:00.581806588 [34m 3435[00m 0x771dec002240 [36mINFO   [00m [00m        videodecoder gstvideodecoder.c:1633:gst_video_decoder_sink_event_default:<avdec_h264-0>[00m upstream tags: taglist, video-codec=(string)"H.264\ \(Main\ Profile\)", bitrate=(uint)1032686, minimum-bitrate=(uint)793200, maximum-bitrate=(uint)926200;
0:00:00.602762430 [34m 3435[00m 0x771d9800a460 [36mINFO   [00m [00m        audiodecoder gstaudiodecoder.c:2521:gst_audio_decoder_sink_eventfunc:<avdec_aac0>[00m upstream stream tags: taglist, audio-codec=(string)"MPEG-4\ AAC", maximum-bitrate=(uint)416704, bitrate=(uint)383961, minimum-bitrate=(uint)363000;
0:00:00.633239120 [34m 3435[00m 0x771dec002240 [36mINFO   [00m [00m        videodecoder gstvideodecoder.c:1633:gst_video_decoder_sink_event_default:<avdec_h264-0>[00m upstream tags: taglist, video-codec=(string)"H.264\ \(Main\ Profile\)", bitrate=(uint)1032686, minimum-bitrate=(uint)793200, maximum-bitrate=(uint)999200;
0:00:00.648894625 [34m 3435[00m 0x771dec002240 [33;01mWARN   [00m [00m        videodecoder gstvideodecoder.c:3670:gst_video_decoder_clip_and_push_buf:<avdec_h264-0>[00m Dropping frame due to QoS. start:0:00:00.360000000 deadline:0:00:00.360000000 earliest_time:0:00:00.442733714
0:00:00.649254890 [34m 3435[00m 0x771dec002240 [36mINFO   [00m [00m        videodecoder gstvideodecoder.c:1633:gst_video_decoder_sink_event_default:<avdec_h264-0>[00m upstream tags: taglist, video-codec=(string)"H.264\ \(Main\ Profile\)", bitrate=(uint)1032686, minimum-bitrate=(uint)793200, maximum-bitrate=(uint)1181800;
0:00:00.652831757 [34m 3435[00m 0x771d9800a460 [36mINFO   [00m [00m        audiodecoder gstaudiodecoder.c:2521:gst_audio_decoder_sink_eventfunc:<avdec_aac0>[00m upstream stream tags: taglist, audio-codec=(string)"MPEG-4\ AAC", maximum-bitrate=(uint)416704, bitrate=(uint)383961, minimum-bitrate=(uint)362249;
0:00:00.655194080 [34m 3435[00m 0x771dec002240 [33;01mWARN   [00m [00m        videodecoder gstvideodecoder.c:3670:gst_video_decoder_clip_and_push_buf:<avdec_h264-0>[00m Dropping frame due to QoS. start:0:00:00.400000000 deadline:0:00:00.400000000 earliest_time:0:00:00.442733714
0:00:00.655502061 [34m 3435[00m 0x771dec002240 [36mINFO   [00m [00m        videodecoder gstvideodecoder.c:1633:gst_video_decoder_sink_event_default:<avdec_h264-0>[00m upstream tags: taglist, video-codec=(string)"H.264\ \(Main\ Profile\)", bitrate=(uint)1032686, minimum-bitrate=(uint)793200, maximum-bitrate=(uint)1199000;
0:00:00.655645927 [34m 3435[00m 0x771d9800a460 [36mINFO   [00m [00m        audiodecoder gstaudiodecoder.c:2521:gst_audio_decoder_sink_eventfunc:<avdec_aac0>[00m upstream stream tags: taglist, audio-codec=(string)"MPEG-4\ AAC", maximum-bitrate=(uint)416704, bitrate=(uint)383961, minimum-bitrate=(uint)356625;
0:00:00.693027116 [34m 3435[00m 0x771dec002240 [33;01mWARN   [00m [00m        videodecoder gstvideodecoder.c:3670:gst_video_decoder_clip_and_push_buf:<avdec_h264-0>[00m Dropping frame due to QoS. start:0:00:00.440000000 deadline:0:00:00.440000000 earliest_time:0:00:00.442733714
0:00:00.693397220 [34m 3435[00m 0x771dec002240 [36mINFO   [00m [00m        videodecoder gstvideodecoder.c:1633:gst_video_decoder_sink_event_default:<avdec_h264-0>[00m upstream tags: taglist, video-codec=(string)"H.264\ \(Main\ Profile\)", bitrate=(uint)1032686, minimum-bitrate=(uint)793200, maximum-bitrate=(uint)1283800;
0:00:00.783514534 [34m 3435[00m 0x771dec002240 [36mINFO   [00m [00m        videodecoder gstvideodecoder.c:1633:gst_video_decoder_sink_event_default:<avdec_h264-0>[00m upstream tags: taglist, video-codec=(string)"H.264\ \(Main\ Profile\)", bitrate=(uint)1032686, minimum-bitrate=(uint)793200, maximum-bitrate=(uint)1352400;
0:00:00.826550604 [34m 3435[00m 0x771d9800a460 [36mINFO   [00m [00m        audiodecoder gstaudiodecoder.c:2521:gst_audio_decoder_sink_eventfunc:<avdec_aac0>[00m upstream stream tags: taglist, audio-codec=(string)"MPEG-4\ AAC", maximum-bitrate=(uint)416704, bitrate=(uint)383961, minimum-bitrate=(uint)352499;
0:00:00.875186237 [34m 3435[00m 0x771dec002240 [36mINFO   [00m [00m        videodecoder gstvideodecoder.c:1633:gst_video_decoder_sink_event_default:<avdec_h264-0>[00m upstream tags: taglist, video-codec=(string)"H.264\ \(Main\ Profile\)", bitrate=(uint)1032686, minimum-bitrate=(uint)793200, maximum-bitrate=(uint)1380400;
0:00:00.889603510 [34m 3435[00m 0x771dec002240 [33;01mWARN   [00m [00m        videodecoder gstvideodecoder.c:3670:gst_video_decoder_clip_and_push_buf:<avdec_h264-0>[00m Dropping frame due to QoS. start:0:00:00.640000000 deadline:0:00:00.640000000 earliest_time:0:00:00.671720640
0:00:00.892973132 [34m 3435[00m 0x771dec002240 [36mINFO   [00m [00m        videodecoder gstvideodecoder.c:1633:gst_video_decoder_sink_event_default:<avdec_h264-0>[00m upstream tags: taglist, video-codec=(string)"H.264\ \(Main\ Profile\)", bitrate=(uint)1032686, minimum-bitrate=(uint)793200, maximum-bitrate=(uint)1383200;
0:00:00.956277372 [34m 3435[00m 0x771dec002240 [36mINFO   [00m [00m        videodecoder gstvideodecoder.c:1633:gst_video_decoder_sink_event_default:<avdec_h264-0>[00m upstream tags: taglist, video-codec=(string)"H.264\ \(Main\ Profile\)", bitrate=(uint)1032686, minimum-bitrate=(uint)793200, maximum-bitrate=(uint)1493800;
0:00:00.956562682 [34m 3435[00m 0x771d9800a460 [36mINFO   [00m [00m        audiodecoder gstaudiodecoder.c:2521:gst_audio_decoder_sink_eventfunc:<avdec_aac0>[00m upstream stream tags: taglist, audio-codec=(string)"MPEG-4\ AAC", maximum-bitrate=(uint)416704, bitrate=(uint)383961, minimum-bitrate=(uint)339750;
0:00:00.956684372 [34m 3435[00m 0x771d9800a460 [36mINFO   [00m [00m        audiodecoder gstaudiodecoder.c:2521:gst_audio_decoder_sink_eventfunc:<avdec_aac0>[00m upstream stream tags: taglist, audio-codec=(string)"MPEG-4\ AAC", maximum-bitrate=(uint)416704, bitrate=(uint)383961, minimum-bitrate=(uint)330749;
0:00:01.031958933 [34m 3435[00m 0x771dec002240 [36mINFO   [00m [00m        videodecoder gstvideodecoder.c:1633:gst_video_decoder_sink_event_default:<avdec_h264-0>[00m upstream tags: taglist, video-codec=(string)"H.264\ \(Main\ Profile\)", bitrate=(uint)1032686, minimum-bitrate=(uint)793200, maximum-bitrate=(uint)1521400;
0:00:01.075238103 [34m 3435[00m 0x771dec002240 [36mINFO   [00m [00m        videodecoder gstvideodecoder.c:1633:gst_video_decoder_sink_event_default:<avdec_h264-0>[00m upstream tags: taglist, video-codec=(string)"H.264\ \(Main\ Profile\)", bitrate=(uint)1032686, minimum-bitrate=(uint)793200, maximum-bitrate=(uint)1532600;
0:00:01.089663015 [34m 3435[00m 0x771dec002240 [33;01mWARN   [00m [00m        videodecoder gstvideodecoder.c:3670:gst_video_decoder_clip_and_push_buf:<avdec_h264-0>[00m Dropping frame due to QoS. start:0:00:00.840000000 deadline:0:00:00.840000000 earliest_time:0:00:00.868403830
0:00:01.207315234 [34m 3435[00m 0x771dec002240 [33;01mWARN   [00m [00m        videodecoder gstvideodecoder.c:3670:gst_video_decoder_clip_and_push_buf:<avdec_h264-0>[00m Dropping frame due to QoS. start:0:00:00.960000000 deadline:0:00:00.960000000 earliest_time:0:00:00.965182824
0:00:01.293621760 [34m 3435[00m 0x771dec002240 [36mINFO   [00m [00m        videodecoder gstvideodecoder.c:1633:gst_video_decoder_sink_event_default:<avdec_h264-0>[00m upstream tags: taglist, video-codec=(string)"H.264\ \(Main\ Profile\)", bitrate=(uint)1032686, minimum-bitrate=(uint)793200, maximum-bitrate=(uint)1535400;
0:00:01.362679040 [34m 3435[00m 0x771dec002240 [33;01mWARN   [00m [00m        videodecoder gstvideodecoder.c:3670:gst_video_decoder_clip_and_push_buf:<avdec_h264-0>[00m Dropping frame due to QoS. start:0:00:01.080000000 deadline:0:00:01.080000000 earliest_time:0:00:01.128059052
0:00:01.363305780 [34m 3435[00m 0x771dec002240 [36mINFO   [00m [00m        videodecoder gstvideodecoder.c:1633:gst_video_decoder_sink_event_default:<avdec_h264-0>[00m upstream tags: taglist, video-codec=(string)"H.264\ \(Main\ Profile\)", bitrate=(uint)1032686, minimum-bitrate=(uint)793200, maximum-bitrate=(uint)1624600;
0:00:01.368976634 [34m 3435[00m 0x771dec002240 [33;01mWARN   [00m [00m        videodecoder gstvideodecoder.c:3670:gst_video_decoder_clip_and_push_buf:<avdec_h264-0>[00m Dropping frame due to QoS. start:0:00:01.120000000 deadline:0:00:01.120000000 earliest_time:0:00:01.128059052
0:00:01.369144176 [34m 3435[00m 0x771dec002240 [36mINFO   [00m [00m        videodecoder gstvideodecoder.c:1633:gst_video_decoder_sink_event_default:<avdec_h264-0>[00m upstream tags: taglist, video-codec=(string)"H.264\ \(Main\ Profile\)", bitrate=(uint)1032686, minimum-bitrate=(uint)158200, maximum-bitrate=(uint)1624600;
0:00:01.494347976 [34m 3435[00m 0x771dec002240 [33;01mWARN   [00m [00m        videodecoder gstvideodecoder.c:3670:gst_video_decoder_clip_and_push_buf:<avdec_h264-0>[00m Dropping frame due to QoS. start:0:00:01.240000000 deadline:0:00:01.240000000 earliest_time:0:00:01.262672166
0:00:01.596924843 [34m 3435[00m 0x771dec002240 [33;01mWARN   [00m [00m        videodecoder gstvideodecoder.c:3670:gst_video_decoder_clip_and_push_buf:<avdec_h264-0>[00m Dropping frame due to QoS. start:0:00:01.360000000 deadline:0:00:01.360000000 earliest_time:0:00:01.369005982
0:00:01.597201662 [34m 3435[00m 0x771dec002240 [36mINFO   [00m [00m        videodecoder gstvideodecoder.c:1633:gst_video_decoder_sink_event_default:<avdec_h264-0>[00m upstream tags: taglist, video-codec=(string)"H.264\ \(Main\ Profile\)", bitrate=(uint)1032686, minimum-bitrate=(uint)158200, maximum-bitrate=(uint)1643600;
0:00:01.667959667 [34m 3435[00m 0x771dec002240 [36mINFO   [00m [00m        videodecoder gstvideodecoder.c:1633:gst_video_decoder_sink_event_default:<avdec_h264-0>[00m upstream tags: taglist, video-codec=(string)"H.264\ \(Main\ Profile\)", bitrate=(uint)1032686, minimum-bitrate=(uint)158200, maximum-bitrate=(uint)1651400;
0:00:01.706289443 [34m 3435[00m 0x771dec002240 [36mINFO   [00m [00m        videodecoder gstvideodecoder.c:1633:gst_video_decoder_sink_event_default:<avdec_h264-0>[00m upstream tags: taglist, video-codec=(string)"H.264\ \(Main\ Profile\)", bitrate=(uint)1032686, minimum-bitrate=(uint)158200, maximum-bitrate=(uint)1723800;
0:00:01.775661642 [34m 3435[00m 0x771dec002240 [33;01mWARN   [00m [00m        videodecoder gstvideodecoder.c:3670:gst_video_decoder_clip_and_push_buf:<avdec_h264-0>[00m Dropping frame due to QoS. start:0:00:01.520000000 deadline:0:00:01.520000000 earliest_time:0:00:01.545089844
0:00:01.887209498 [34m 3435[00m 0x771dec002240 [33;01mWARN   [00m [00m        videodecoder gstvideodecoder.c:3670:gst_video_decoder_clip_and_push_buf:<avdec_h264-0>[00m Dropping frame due to QoS. start:0:00:01.640000000 deadline:0:00:01.640000000 earliest_time:0:00:01.670524092
0:00:02.061841512 [34m 3435[00m 0x771dec002240 [33;01mWARN   [00m [00m        videodecoder gstvideodecoder.c:3670:gst_video_decoder_clip_and_push_buf:<avdec_h264-0>[00m Dropping frame due to QoS. start:0:00:01.800000000 deadline:0:00:01.800000000 earliest_time:0:00:01.851534626
0:00:02.073645224 [34m 3435[00m 0x771dec002240 [33;01mWARN   [00m [00m        videodecoder gstvideodecoder.c:3670:gst_video_decoder_clip_and_push_buf:<avdec_h264-0>[00m Dropping frame due to QoS. start:0:00:01.840000000 deadline:0:00:01.840000000 earliest_time:0:00:01.851534626
0:00:02.255663026 [34m 3435[00m 0x771dec002240 [33;01mWARN   [00m [00m        videodecoder gstvideodecoder.c:3670:gst_video_decoder_clip_and_push_buf:<avdec_h264-0>[00m Dropping frame due to QoS. start:0:00:02.000000000 deadline:0:00:02.000000000 earliest_time:0:00:02.056833928
0:00:02.259657792 [34m 3435[00m 0x771dec002240 [33;01mWARN   [00m [00m        videodecoder gstvideodecoder.c:3670:gst_video_decoder_clip_and_push_buf:<avdec_h264-0>[00m Dropping frame due to QoS. start:0:00:02.040000000 deadline:0:00:02.040000000 earliest_time:0:00:02.056833928
0:00:02.577116472 [34m 3435[00m 0x771dec002240 [36mINFO   [00m [00m        videodecoder gstvideodecoder.c:1633:gst_video_decoder_sink_event_default:<avdec_h264-0>[00m upstream tags: taglist, video-codec=(string)"H.264\ \(Main\ Profile\)", bitrate=(uint)1032686, minimum-bitrate=(uint)143600, maximum-bitrate=(uint)1723800;
0:00:02.732700228 [34m 3435[00m 0x771dec002240 [33;01mWARN   [00m [00m        videodecoder gstvideodecoder.c:3670:gst_video_decoder_clip_and_push_buf:<avdec_h264-0>[00m Dropping frame due to QoS. start:0:00:02.480000000 deadline:0:00:02.480000000 earliest_time:0:00:02.518560094
0:00:02.973837371 [34m 3435[00m 0x771dec002240 [33;01mWARN   [00m [00m        videodecoder gstvideodecoder.c:3670:gst_video_decoder_clip_and_push_buf:<avdec_h264-0>[00m Dropping frame due to QoS. start:0:00:02.720000000 deadline:0:00:02.720000000 earliest_time:0:00:02.728642334
0:00:03.130332603 [34m 3435[00m 0x771dec002240 [33;01mWARN   [00m [00m        videodecoder gstvideodecoder.c:3670:gst_video_decoder_clip_and_push_buf:<avdec_h264-0>[00m Dropping frame due to QoS. start:0:00:02.880000000 deadline:0:00:02.880000000 earliest_time:0:00:02.904666236
0:00:03.184427880 [34m 3435[00m 0x771dec002240 [36mINFO   [00m [00m        videodecoder gstvideodecoder.c:1633:gst_video_decoder_sink_event_default:<avdec_h264-0>[00m upstream tags: taglist, video-codec=(string)"H.264\ \(Main\ Profile\)", bitrate=(uint)1032686, minimum-bitrate=(uint)143600, maximum-bitrate=(uint)1730400;
0:00:03.352427051 [34m 3435[00m 0x771dec002240 [33;01mWARN   [00m [00m        videodecoder gstvideodecoder.c:3670:gst_video_decoder_clip_and_push_buf:<avdec_h264-0>[00m Dropping frame due to QoS. start:0:00:03.120000000 deadline:0:00:03.120000000 earliest_time:0:00:03.142703278
0:00:03.765433068 [34m 3435[00m 0x771dec002240 [33;01mWARN   [00m [00m        videodecoder gstvideodecoder.c:3670:gst_video_decoder_clip_and_push_buf:<avdec_h264-0>[00m Dropping frame due to QoS. start:0:00:03.480000000 deadline:0:00:03.480000000 earliest_time:0:00:03.561260066
0:00:03.771782064 [34m 3435[00m 0x771dec002240 [33;01mWARN   [00m [00m        videodecoder gstvideodecoder.c:3670:gst_video_decoder_clip_and_push_buf:<avdec_h264-0>[00m Dropping frame due to QoS. start:0:00:03.520000000 deadline:0:00:03.520000000 earliest_time:0:00:03.561260066
0:00:03.776768160 [34m 3435[00m 0x771dec002240 [33;01mWARN   [00m [00m        videodecoder gstvideodecoder.c:3670:gst_video_decoder_clip_and_push_buf:<avdec_h264-0>[00m Dropping frame due to QoS. start:0:00:03.560000000 deadline:0:00:03.560000000 earliest_time:0:00:03.561260066
0:00:03.937526412 [34m 3435[00m 0x771dec002240 [33;01mWARN   [00m [00m        videodecoder gstvideodecoder.c:3670:gst_video_decoder_clip_and_push_buf:<avdec_h264-0>[00m Dropping frame due to QoS. start:0:00:03.680000000 deadline:0:00:03.680000000 earliest_time:0:00:03.710465284
0:00:04.129711178 [34m 3435[00m 0x771dec002240 [33;01mWARN   [00m [00m        videodecoder gstvideodecoder.c:3670:gst_video_decoder_clip_and_push_buf:<avdec_h264-0>[00m Dropping frame due to QoS. start:0:00:03.840000000 deadline:0:00:03.840000000 earliest_time:0:00:03.921008044
0:00:04.139135660 [34m 3435[00m 0x771dec002240 [33;01mWARN   [00m [00m        videodecoder gstvideodecoder.c:3670:gst_video_decoder_clip_and_push_buf:<avdec_h264-0>[00m Dropping frame due to QoS. start:0:00:03.880000000 deadline:0:00:03.880000000 earliest_time:0:00:03.921008044
0:00:04.147859225 [34m 3435[00m 0x771dec002240 [33;01mWARN   [00m [00m        videodecoder gstvideodecoder.c:3670:gst_video_decoder_clip_and_push_buf:<avdec_h264-0>[00m Dropping frame due to QoS. start:0:00:03.920000000 deadline:0:00:03.920000000 earliest_time:0:00:03.921008044
0:00:04.305348415 [34m 3435[00m 0x771dec002240 [33;01mWARN   [00m [00m        videodecoder gstvideodecoder.c:3670:gst_video_decoder_clip_and_push_buf:<avdec_h264-0>[00m Dropping frame due to QoS. start:0:00:04.040000000 deadline:0:00:04.040000000 earliest_time:0:00:04.070315502
0:00:04.393747510 [34m 3435[00m 0x771dec002240 [33;01mWARN   [00m [00m        videodecoder gstvideodecoder.c:3670:gst_video_decoder_clip_and_push_buf:<avdec_h264-0>[00m Dropping frame due to QoS. start:0:00:04.160000000 deadline:0:00:04.160000000 earliest_time:0:00:04.176817094
0:00:04.535895516 [34m 3435[00m 0x771dec002240 [33;01mWARN   [00m [00m        videodecoder gstvideodecoder.c:3670:gst_video_decoder_clip_and_push_buf:<avdec_h264-0>[00m Dropping frame due to QoS. start:0:00:04.280000000 deadline:0:00:04.280000000 earliest_time:0:00:04.300012024
0:00:04.771589769 [34m 3435[00m 0x771dec002240 [33;01mWARN   [00m [00m        videodecoder gstvideodecoder.c:3670:gst_video_decoder_clip_and_push_buf:<avdec_h264-0>[00m Dropping frame due to QoS. start:0:00:04.520000000 deadline:0:00:04.520000000 earliest_time:0:00:04.565437588
0:00:04.797974699 [34m 3435[00m 0x771dec002240 [33;01mWARN   [00m [00m        videodecoder gstvideodecoder.c:3670:gst_video_decoder_clip_and_push_buf:<avdec_h264-0>[00m Dropping frame due to QoS. start:0:00:04.560000000 deadline:0:00:04.560000000 earliest_time:0:00:04.565437588
0:00:04.972774416 [34m 3435[00m 0x771dec002240 [33;01mWARN   [00m [00m        videodecoder gstvideodecoder.c:3670:gst_video_decoder_clip_and_push_buf:<avdec_h264-0>[00m Dropping frame due to QoS. start:0:00:04.680000000 deadline:0:00:04.680000000 earliest_time:0:00:04.774516852
0:00:04.982433429 [34m 3435[00m 0x771dec002240 [33;01mWARN   [00m [00m        videodecoder gstvideodecoder.c:3670:gst_video_decoder_clip_and_push_buf:<avdec_h264-0>[00m Dropping frame due to QoS. start:0:00:04.720000000 deadline:0:00:04.720000000 earliest_time:0:00:04.774516852
0:00:04.991775857 [34m 3435[00m 0x771dec002240 [33;01mWARN   [00m [00m        videodecoder gstvideodecoder.c:3670:gst_video_decoder_clip_and_push_buf:<avdec_h264-0>[00m Dropping frame due to QoS. start:0:00:04.760000000 deadline:0:00:04.760000000 earliest_time:0:00:04.774516852
0:00:05.160120603 [34m 3435[00m 0x771dec002240 [33;01mWARN   [00m [00m        videodecoder gstvideodecoder.c:3670:gst_video_decoder_clip_and_push_buf:<avdec_h264-0>[00m Dropping frame due to QoS. start:0:00:04.880000000 deadline:0:00:04.880000000 earliest_time:0:00:04.953391524
0:00:05.167256203 [34m 3435[00m 0x771dec002240 [33;01mWARN   [00m [00m        videodecoder gstvideodecoder.c:3670:gst_video_decoder_clip_and_push_buf:<avdec_h264-0>[00m Dropping frame due to QoS. start:0:00:04.920000000 deadline:0:00:04.920000000 earliest_time:0:00:04.953391524
0:00:05.323861524 [34m 3435[00m 0x771dec002240 [33;01mWARN   [00m [00m        videodecoder gstvideodecoder.c:3670:gst_video_decoder_clip_and_push_buf:<avdec_h264-0>[00m Dropping frame due to QoS. start:0:00:05.040000000 deadline:0:00:05.040000000 earliest_time:0:00:05.110018782
0:00:05.331814229 [34m 3435[00m 0x771dec002240 [33;01mWARN   [00m [00m        videodecoder gstvideodecoder.c:3670:gst_video_decoder_clip_and_push_buf:<avdec_h264-0>[00m Dropping frame due to QoS. start:0:00:05.080000000 deadline:0:00:05.080000000 earliest_time:0:00:05.110018782
0:00:05.517716074 [34m 3435[00m 0x771dec002240 [33;01mWARN   [00m [00m        videodecoder gstvideodecoder.c:3670:gst_video_decoder_clip_and_push_buf:<avdec_h264-0>[00m Dropping frame due to QoS. start:0:00:05.240000000 deadline:0:00:05.240000000 earliest_time:0:00:05.294937712
0:00:05.523832238 [34m 3435[00m 0x771dec002240 [33;01mWARN   [00m [00m        videodecoder gstvideodecoder.c:3670:gst_video_decoder_clip_and_push_buf:<avdec_h264-0>[00m Dropping frame due to QoS. start:0:00:05.280000000 deadline:0:00:05.280000000 earliest_time:0:00:05.294937712
0:00:05.647313765 [34m 3435[00m 0x771dec002240 [33;01mWARN   [00m [00m        videodecoder gstvideodecoder.c:3670:gst_video_decoder_clip_and_push_buf:<avdec_h264-0>[00m Dropping frame due to QoS. start:0:00:05.400000000 deadline:0:00:05.400000000 earliest_time:0:00:05.416765222
0:00:05.771786261 [34m 3435[00m 0x771dec002240 [33;01mWARN   [00m [00m        videodecoder gstvideodecoder.c:3670:gst_video_decoder_clip_and_push_buf:<avdec_h264-0>[00m Dropping frame due to QoS. start:0:00:05.520000000 deadline:0:00:05.520000000 earliest_time:0:00:05.537216208
0:00:05.946594593 [34m 3435[00m 0x771dec002240 [33;01mWARN   [00m [00m        videodecoder gstvideodecoder.c:3670:gst_video_decoder_clip_and_push_buf:<avdec_h264-0>[00m Dropping frame due to QoS. start:0:00:05.680000000 deadline:0:00:05.680000000 earliest_time:0:00:05.718871848
0:00:06.063240483 [34m 3435[00m 0x771dec002240 [33;01mWARN   [00m [00m        videodecoder gstvideodecoder.c:3670:gst_video_decoder_clip_and_push_buf:<avdec_h264-0>[00m Dropping frame due to QoS. start:0:00:05.800000000 deadline:0:00:05.800000000 earliest_time:0:00:05.833514184
0:00:06.169666847 [34m 3435[00m 0x771dec002240 [33;01mWARN   [00m [00m        videodecoder gstvideodecoder.c:3670:gst_video_decoder_clip_and_push_buf:<avdec_h264-0>[00m Dropping frame due to QoS. start:0:00:05.920000000 deadline:0:00:05.920000000 earliest_time:0:00:05.920501502
0:00:06.422984987 [34m 3435[00m 0x771dec002240 [36mINFO   [00m [00m        videodecoder gstvideodecoder.c:1633:gst_video_decoder_sink_event_default:<avdec_h264-0>[00m upstream tags: taglist, video-codec=(string)"H.264\ \(Main\ Profile\)", bitrate=(uint)1032686, minimum-bitrate=(uint)125200, maximum-bitrate=(uint)1730400;
0:00:06.444375943 [34m 3435[00m 0x771dec002240 [33;01mWARN   [00m [00m        videodecoder gstvideodecoder.c:3670:gst_video_decoder_clip_and_push_buf:<avdec_h264-0>[00m Dropping frame due to QoS. start:0:00:06.160000000 deadline:0:00:06.160000000 earliest_time:0:00:06.242485606
0:00:06.450810825 [34m 3435[00m 0x771dec002240 [33;01mWARN   [00m [00m        videodecoder gstvideodecoder.c:3670:gst_video_decoder_clip_and_push_buf:<avdec_h264-0>[00m Dropping frame due to QoS. start:0:00:06.200000000 deadline:0:00:06.200000000 earliest_time:0:00:06.242485606
0:00:06.456717558 [34m 3435[00m 0x771dec002240 [33;01mWARN   [00m [00m        videodecoder gstvideodecoder.c:3670:gst_video_decoder_clip_and_push_buf:<avdec_h264-0>[00m Dropping frame due to QoS. start:0:00:06.240000000 deadline:0:00:06.240000000 earliest_time:0:00:06.242485606
0:00:06.612285024 [34m 3435[00m 0x771dec002240 [33;01mWARN   [00m [00m        videodecoder gstvideodecoder.c:3670:gst_video_decoder_clip_and_push_buf:<avdec_h264-0>[00m Dropping frame due to QoS. start:0:00:06.360000000 deadline:0:00:06.360000000 earliest_time:0:00:06.370300432
0:00:06.725208558 [34m 3435[00m 0x771dec002240 [33;01mWARN   [00m [00m        videodecoder gstvideodecoder.c:3670:gst_video_decoder_clip_and_push_buf:<avdec_h264-0>[00m Dropping frame due to QoS. start:0:00:06.480000000 deadline:0:00:06.480000000 earliest_time:0:00:06.508802354
0:00:06.859348639 [34m 3435[00m 0x771dec002240 [33;01mWARN   [00m [00m        videodecoder gstvideodecoder.c:3670:gst_video_decoder_clip_and_push_buf:<avdec_h264-0>[00m Dropping frame due to QoS. start:0:00:06.600000000 deadline:0:00:06.600000000 earliest_time:0:00:06.656906742
0:00:06.876350543 [34m 3435[00m 0x771dec002240 [33;01mWARN   [00m [00m        videodecoder gstvideodecoder.c:3670:gst_video_decoder_clip_and_push_buf:<avdec_h264-0>[00m Dropping frame due to QoS. start:0:00:06.640000000 deadline:0:00:06.640000000 earliest_time:0:00:06.656906742
0:00:07.031645988 [34m 3435[00m 0x771dec002240 [33;01mWARN   [00m [00m        videodecoder gstvideodecoder.c:3670:gst_video_decoder_clip_and_push_buf:<avdec_h264-0>[00m Dropping frame due to QoS. start:0:00:06.760000000 deadline:0:00:06.760000000 earliest_time:0:00:06.812662280
0:00:07.036958194 [34m 3435[00m 0x771dec002240 [33;01mWARN   [00m [00m        videodecoder gstvideodecoder.c:3670:gst_video_decoder_clip_and_push_buf:<avdec_h264-0>[00m Dropping frame due to QoS. start:0:00:06.800000000 deadline:0:00:06.800000000 earliest_time:0:00:06.812662280
0:00:07.311026328 [34m 3435[00m 0x771d9800a460 [36mINFO   [00m [00m        audiodecoder gstaudiodecoder.c:2521:gst_audio_decoder_sink_eventfunc:<avdec_aac0>[00m upstream stream tags: taglist, audio-codec=(string)"MPEG-4\ AAC", maximum-bitrate=(uint)416704, bitrate=(uint)383961, minimum-bitrate=(uint)328875;
0:00:07.395423261 [34m 3435[00m 0x771dec002240 [33;01mWARN   [00m [00m        videodecoder gstvideodecoder.c:3670:gst_video_decoder_clip_and_push_buf:<avdec_h264-0>[00m Dropping frame due to QoS. start:0:00:07.120000000 deadline:0:00:07.120000000 earliest_time:0:00:07.137422158
0:00:07.396155565 [34m 3435[00m 0x771dec002240 [36mINFO   [00m [00m        videodecoder gstvideodecoder.c:1633:gst_video_decoder_sink_event_default:<avdec_h264-0>[00m upstream tags: taglist, video-codec=(string)"H.264\ \(Main\ Profile\)", bitrate=(uint)1032686, minimum-bitrate=(uint)103600, maximum-bitrate=(uint)1730400;
0:00:07.485477211 [34m 3435[00m 0x771dec002240 [33;01mWARN   [00m [00m        videodecoder gstvideodecoder.c:3670:gst_video_decoder_clip_and_push_buf:<avdec_h264-0>[00m Dropping frame due to QoS. start:0:00:07.240000000 deadline:0:00:07.240000000 earliest_time:0:00:07.244329488
0:00:07.551733030 [34m 3435[00m 0x771dec002240 [36mINFO   [00m [00m        videodecoder gstvideodecoder.c:1633:gst_video_decoder_sink_event_default:<avdec_h264-0>[00m upstream tags: taglist, video-codec=(string)"H.264\ \(Main\ Profile\)", bitrate=(uint)1032686, minimum-bitrate=(uint)103600, maximum-bitrate=(uint)1793200;
0:00:07.623949110 [34m 3435[00m 0x771dec002240 [33;01mWARN   [00m [00m        videodecoder gstvideodecoder.c:3670:gst_video_decoder_clip_and_push_buf:<avdec_h264-0>[00m Dropping frame due to QoS. start:0:00:07.360000000 deadline:0:00:07.360000000 earliest_time:0:00:07.371751848
0:00:07.624565638 [34m 3435[00m 0x771dec002240 [36mINFO   [00m [00m        videodecoder gstvideodecoder.c:1633:gst_video_decoder_sink_event_default:<avdec_h264-0>[00m upstream tags: taglist, video-codec=(string)"H.264\ \(Main\ Profile\)", bitrate=(uint)1032686, minimum-bitrate=(uint)103600, maximum-bitrate=(uint)1832000;
0:00:07.677295508 [34m 3435[00m 0x771dec002240 [36mINFO   [00m [00m        videodecoder gstvideodecoder.c:1633:gst_video_decoder_sink_event_default:<avdec_h264-0>[00m upstream tags: taglist, video-codec=(string)"H.264\ \(Main\ Profile\)", bitrate=(uint)1032686, minimum-bitrate=(uint)103600, maximum-bitrate=(uint)1982000;
0:00:07.749090815 [34m 3435[00m 0x771dec002240 [33;01mWARN   [00m [00m        videodecoder gstvideodecoder.c:3670:gst_video_decoder_clip_and_push_buf:<avdec_h264-0>[00m Dropping frame due to QoS. start:0:00:07.480000000 deadline:0:00:07.480000000 earliest_time:0:00:07.517788492
0:00:07.752783477 [34m 3435[00m 0x771d9800a460 [36mINFO   [00m [00m        audiodecoder gstaudiodecoder.c:2521:gst_audio_decoder_sink_eventfunc:<avdec_aac0>[00m upstream stream tags: taglist, audio-codec=(string)"MPEG-4\ AAC", maximum-bitrate=(uint)416704, bitrate=(uint)383961, minimum-bitrate=(uint)306000;
0:00:07.837547694 [34m 3435[00m 0x771d9800a460 [36mINFO   [00m [00m        audiodecoder gstaudiodecoder.c:2521:gst_audio_decoder_sink_eventfunc:<avdec_aac0>[00m upstream stream tags: taglist, audio-codec=(string)"MPEG-4\ AAC", maximum-bitrate=(uint)416704, bitrate=(uint)383961, minimum-bitrate=(uint)302250;
0:00:07.903288474 [34m 3435[00m 0x771dec002240 [33;01mWARN   [00m [00m        videodecoder gstvideodecoder.c:3670:gst_video_decoder_clip_and_push_buf:<avdec_h264-0>[00m Dropping frame due to QoS. start:0:00:07.640000000 deadline:0:00:07.640000000 earliest_time:0:00:07.688907588
0:00:07.913759764 [34m 3435[00m 0x771dec002240 [33;01mWARN   [00m [00m        videodecoder gstvideodecoder.c:3670:gst_video_decoder_clip_and_push_buf:<avdec_h264-0>[00m Dropping frame due to QoS. start:0:00:07.680000000 deadline:0:00:07.680000000 earliest_time:0:00:07.688907588
0:00:08.129443443 [34m 3435[00m 0x771dec002240 [33;01mWARN   [00m [00m        videodecoder gstvideodecoder.c:3670:gst_video_decoder_clip_and_push_buf:<avdec_h264-0>[00m Dropping frame due to QoS. start:0:00:07.840000000 deadline:0:00:07.840000000 earliest_time:0:00:07.933392074
0:00:08.134598646 [34m 3435[00m 0x771dec002240 [33;01mWARN   [00m [00m        videodecoder gstvideodecoder.c:3670:gst_video_decoder_clip_and_push_buf:<avdec_h264-0>[00m Dropping frame due to QoS. start:0:00:07.880000000 deadline:0:00:07.880000000 earliest_time:0:00:07.933392074
0:00:08.139680782 [34m 3435[00m 0x771dec002240 [33;01mWARN   [00m [00m        videodecoder gstvideodecoder.c:3670:gst_video_decoder_clip_and_push_buf:<avdec_h264-0>[00m Dropping frame due to QoS. start:0:00:07.920000000 deadline:0:00:07.920000000 earliest_time:0:00:07.933392074
0:00:08.343148399 [34m 3435[00m 0x771dec002240 [33;01mWARN   [00m [00m        videodecoder gstvideodecoder.c:3670:gst_video_decoder_clip_and_push_buf:<avdec_h264-0>[00m Dropping frame due to QoS. start:0:00:08.080000000 deadline:0:00:08.080000000 earliest_time:0:00:08.161023862
0:00:08.345657579 [34m 3435[00m 0x771dec002240 [33;01mWARN   [00m [00m        videodecoder gstvideodecoder.c:3670:gst_video_decoder_clip_and_push_buf:<avdec_h264-0>[00m Dropping frame due to QoS. start:0:00:08.120000000 deadline:0:00:08.120000000 earliest_time:0:00:08.161023862
0:00:08.346003080 [34m 3435[00m 0x771dec002240 [36mINFO   [00m [00m        videodecoder gstvideodecoder.c:1633:gst_video_decoder_sink_event_default:<avdec_h264-0>[00m upstream tags: taglist, video-codec=(string)"H.264\ \(Main\ Profile\)", bitrate=(uint)1032686, minimum-bitrate=(uint)25400, maximum-bitrate=(uint)1982000;
0:00:08.347806978 [34m 3435[00m 0x771dec002240 [33;01mWARN   [00m [00m        videodecoder gstvideodecoder.c:3670:gst_video_decoder_clip_and_push_buf:<avdec_h264-0>[00m Dropping frame due to QoS. start:0:00:08.160000000 deadline:0:00:08.160000000 earliest_time:0:00:08.161023862
0:00:08.510615366 [34m 3435[00m 0x771dec002240 [36mINFO   [00m [00m        videodecoder gstvideodecoder.c:1633:gst_video_decoder_sink_event_default:<avdec_h264-0>[00m upstream tags: taglist, video-codec=(string)"H.264\ \(Main\ Profile\)", bitrate=(uint)1032686, minimum-bitrate=(uint)25400, maximum-bitrate=(uint)7518800;
0:00:08.566396866 [34m 3435[00m 0x771dec002240 [33;01mWARN   [00m [00m        videodecoder gstvideodecoder.c:3670:gst_video_decoder_clip_and_push_buf:<avdec_h264-0>[00m Dropping frame due to QoS. start:0:00:08.320000000 deadline:0:00:08.320000000 earliest_time:0:00:08.339268256
0:00:08.823474610 [34m 3435[00m 0x771dec002240 [36mINFO   [00m [00m        videodecoder gstvideodecoder.c:1633:gst_video_decoder_sink_event_default:<avdec_h264-0>[00m upstream tags: taglist, video-codec=(string)"H.264\ \(Main\ Profile\)", bitrate=(uint)1032686, minimum-bitrate=(uint)21400, maximum-bitrate=(uint)7518800;
0:00:08.842469733 [34m 3435[00m 0x771dec002240 [36mINFO   [00m [00m        videodecoder gstvideodecoder.c:1633:gst_video_decoder_sink_event_default:<avdec_h264-0>[00m upstream tags: taglist, video-codec=(string)"H.264\ \(Main\ Profile\)", bitrate=(uint)1032686, minimum-bitrate=(uint)17800, maximum-bitrate=(uint)7518800;
0:00:08.850729342 [34m 3435[00m 0x771dec002240 [36mINFO   [00m [00m        videodecoder gstvideodecoder.c:1633:gst_video_decoder_sink_event_default:<avdec_h264-0>[00m upstream tags: taglist, video-codec=(string)"H.264\ \(Main\ Profile\)", bitrate=(uint)1032686, minimum-bitrate=(uint)17000, maximum-bitrate=(uint)7518800;
0:00:08.899164265 [34m 3435[00m 0x771dec002240 [33;01mWARN   [00m [00m        videodecoder gstvideodecoder.c:3670:gst_video_decoder_clip_and_push_buf:<avdec_h264-0>[00m Dropping frame due to QoS. start:0:00:08.640000000 deadline:0:00:08.640000000 earliest_time:0:00:08.690048712
0:00:08.907395489 [34m 3435[00m 0x771dec002240 [33;01mWARN   [00m [00m        videodecoder gstvideodecoder.c:3670:gst_video_decoder_clip_and_push_buf:<avdec_h264-0>[00m Dropping frame due to QoS. start:0:00:08.680000000 deadline:0:00:08.680000000 earliest_time:0:00:08.690048712
0:00:09.059517415 [34m 3435[00m 0x771dec002240 [33;01mWARN   [00m [00m        videodecoder gstvideodecoder.c:3670:gst_video_decoder_clip_and_push_buf:<avdec_h264-0>[00m Dropping frame due to QoS. start:0:00:08.800000000 deadline:0:00:08.800000000 earliest_time:0:00:08.837818614
0:00:09.157965565 [34m 3435[00m 0x771dec002240 [33;01mWARN   [00m [00m        videodecoder gstvideodecoder.c:3670:gst_video_decoder_clip_and_push_buf:<avdec_h264-0>[00m Dropping frame due to QoS. start:0:00:08.920000000 deadline:0:00:08.920000000 earliest_time:0:00:08.939512400
0:00:09.287100312 [34m 3435[00m 0x771dec002240 [33;01mWARN   [00m [00m        videodecoder gstvideodecoder.c:3670:gst_video_decoder_clip_and_push_buf:<avdec_h264-0>[00m Dropping frame due to QoS. start:0:00:09.040000000 deadline:0:00:09.040000000 earliest_time:0:00:09.049514504
0:00:09.425243562 [34m 3435[00m 0x771dec002240 [33;01mWARN   [00m [00m        videodecoder gstvideodecoder.c:3670:gst_video_decoder_clip_and_push_buf:<avdec_h264-0>[00m Dropping frame due to QoS. start:0:00:09.160000000 deadline:0:00:09.160000000 earliest_time:0:00:09.222314930
0:00:09.428396697 [34m 3435[00m 0x771dec002240 [33;01mWARN   [00m [00m        videodecoder gstvideodecoder.c:3670:gst_video_decoder_clip_and_push_buf:<avdec_h264-0>[00m Dropping frame due to QoS. start:0:00:09.200000000 deadline:0:00:09.200000000 earliest_time:0:00:09.222314930
0:00:09.613657668 [34m 3435[00m 0x771dec002240 [33;01mWARN   [00m [00m        videodecoder gstvideodecoder.c:3670:gst_video_decoder_clip_and_push_buf:<avdec_h264-0>[00m Dropping frame due to QoS. start:0:00:09.360000000 deadline:0:00:09.360000000 earliest_time:0:00:09.405361292
0:00:09.616448954 [34m 3435[00m 0x771dec002240 [33;01mWARN   [00m [00m        videodecoder gstvideodecoder.c:3670:gst_video_decoder_clip_and_push_buf:<avdec_h264-0>[00m Dropping frame due to QoS. start:0:00:09.400000000 deadline:0:00:09.400000000 earliest_time:0:00:09.405361292
0:00:10.226197756 [34m 3435[00m 0x771d9800a460 [36mINFO   [00m [00m        audiodecoder gstaudiodecoder.c:2521:gst_audio_decoder_sink_eventfunc:<avdec_aac0>[00m upstream stream tags: taglist, audio-codec=(string)"MPEG-4\ AAC", maximum-bitrate=(uint)416704, bitrate=(uint)383961, minimum-bitrate=(uint)299625;
0:00:10.484638535 [34m 3435[00m 0x771dec002240 [33;01mWARN   [00m [00m        videodecoder gstvideodecoder.c:3670:gst_video_decoder_clip_and_push_buf:<avdec_h264-0>[00m Dropping frame due to QoS. start:0:00:10.200000000 deadline:0:00:10.200000000 earliest_time:0:00:10.273915148
0:00:10.494917956 [34m 3435[00m 0x771dec002240 [33;01mWARN   [00m [00m        videodecoder gstvideodecoder.c:3670:gst_video_decoder_clip_and_push_buf:<avdec_h264-0>[00m Dropping frame due to QoS. start:0:00:10.240000000 deadline:0:00:10.240000000 earliest_time:0:00:10.273915148
0:00:10.660693615 [34m 3435[00m 0x771dec002240 [33;01mWARN   [00m [00m        videodecoder gstvideodecoder.c:3670:gst_video_decoder_clip_and_push_buf:<avdec_h264-0>[00m Dropping frame due to QoS. start:0:00:10.400000000 deadline:0:00:10.400000000 earliest_time:0:00:10.429960946
0:00:10.828888856 [34m 3435[00m 0x771dec002240 [33;01mWARN   [00m [00m        videodecoder gstvideodecoder.c:3670:gst_video_decoder_clip_and_push_buf:<avdec_h264-0>[00m Dropping frame due to QoS. start:0:00:10.600000000 deadline:0:00:10.600000000 earliest_time:0:00:10.614497990
0:00:11.040607554 [34m 3435[00m 0x771dec002240 [33;01mWARN   [00m [00m        videodecoder gstvideodecoder.c:3670:gst_video_decoder_clip_and_push_buf:<avdec_h264-0>[00m Dropping frame due to QoS. start:0:00:10.760000000 deadline:0:00:10.760000000 earliest_time:0:00:10.824639578
0:00:11.048913308 [34m 3435[00m 0x771dec002240 [33;01mWARN   [00m [00m        videodecoder gstvideodecoder.c:3670:gst_video_decoder_clip_and_push_buf:<avdec_h264-0>[00m Dropping frame due to QoS. start:0:00:10.800000000 deadline:0:00:10.800000000 earliest_time:0:00:10.824639578
0:00:11.168363028 [34m 3435[00m 0x771dec002240 [33;01mWARN   [00m [00m        videodecoder gstvideodecoder.c:3670:gst_video_decoder_clip_and_push_buf:<avdec_h264-0>[00m Dropping frame due to QoS. start:0:00:10.920000000 deadline:0:00:10.920000000 earliest_time:0:00:10.950043402
0:00:11.397965428 [34m 3435[00m 0x771dec002240 [33;01mWARN   [00m [00m        videodecoder gstvideodecoder.c:3670:gst_video_decoder_clip_and_push_buf:<avdec_h264-0>[00m Dropping frame due to QoS. start:0:00:11.120000000 deadline:0:00:11.120000000 earliest_time:0:00:11.205375090
0:00:11.405223434 [34m 3435[00m 0x771dec002240 [33;01mWARN   [00m [00m        videodecoder gstvideodecoder.c:3670:gst_video_decoder_clip_and_push_buf:<avdec_h264-0>[00m Dropping frame due to QoS. start:0:00:11.160000000 deadline:0:00:11.160000000 earliest_time:0:00:11.205375090
0:00:11.412702420 [34m 3435[00m 0x771dec002240 [33;01mWARN   [00m [00m        videodecoder gstvideodecoder.c:3670:gst_video_decoder_clip_and_push_buf:<avdec_h264-0>[00m Dropping frame due to QoS. start:0:00:11.200000000 deadline:0:00:11.200000000 earliest_time:0:00:11.205375090
0:00:11.590437770 [34m 3435[00m 0x771dec002240 [33;01mWARN   [00m [00m        videodecoder gstvideodecoder.c:3670:gst_video_decoder_clip_and_push_buf:<avdec_h264-0>[00m Dropping frame due to QoS. start:0:00:11.320000000 deadline:0:00:11.320000000 earliest_time:0:00:11.372182084
0:00:11.599121350 [34m 3435[00m 0x771dec002240 [33;01mWARN   [00m [00m        videodecoder gstvideodecoder.c:3670:gst_video_decoder_clip_and_push_buf:<avdec_h264-0>[00m Dropping frame due to QoS. start:0:00:11.360000000 deadline:0:00:11.360000000 earliest_time:0:00:11.372182084
0:00:11.739668249 [34m 3435[00m 0x771dec002240 [33;01mWARN   [00m [00m        videodecoder gstvideodecoder.c:3670:gst_video_decoder_clip_and_push_buf:<avdec_h264-0>[00m Dropping frame due to QoS. start:0:00:11.480000000 deadline:0:00:11.480000000 earliest_time:0:00:11.517213158
0:00:11.935605963 [34m 3435[00m 0x771dec002240 [33;01mWARN   [00m [00m        videodecoder gstvideodecoder.c:3670:gst_video_decoder_clip_and_push_buf:<avdec_h264-0>[00m Dropping frame due to QoS. start:0:00:11.640000000 deadline:0:00:11.640000000 earliest_time:0:00:11.710197394
0:00:11.943192994 [34m 3435[00m 0x771dec002240 [33;01mWARN   [00m [00m        videodecoder gstvideodecoder.c:3670:gst_video_decoder_clip_and_push_buf:<avdec_h264-0>[00m Dropping frame due to QoS. start:0:00:11.680000000 deadline:0:00:11.680000000 earliest_time:0:00:11.710197394
0:00:12.049937249 [34m 3435[00m 0x771dec002240 [33;01mWARN   [00m [00m        videodecoder gstvideodecoder.c:3670:gst_video_decoder_clip_and_push_buf:<avdec_h264-0>[00m Dropping frame due to QoS. start:0:00:11.800000000 deadline:0:00:11.800000000 earliest_time:0:00:11.858668920
0:00:12.057319642 [34m 3435[00m 0x771dec002240 [33;01mWARN   [00m [00m        videodecoder gstvideodecoder.c:3670:gst_video_decoder_clip_and_push_buf:<avdec_h264-0>[00m Dropping frame due to QoS. start:0:00:11.840000000 deadline:0:00:11.840000000 earliest_time:0:00:11.858668920
0:00:12.229265727 [34m 3435[00m 0x771dec002240 [33;01mWARN   [00m [00m        videodecoder gstvideodecoder.c:3670:gst_video_decoder_clip_and_push_buf:<avdec_h264-0>[00m Dropping frame due to QoS. start:0:00:11.960000000 deadline:0:00:11.960000000 earliest_time:0:00:12.012627648
0:00:12.232456259 [34m 3435[00m 0x771dec002240 [33;01mWARN   [00m [00m        videodecoder gstvideodecoder.c:3670:gst_video_decoder_clip_and_push_buf:<avdec_h264-0>[00m Dropping frame due to QoS. start:0:00:12.000000000 deadline:0:00:12.000000000 earliest_time:0:00:12.012627648
0:00:12.446123527 [34m 3435[00m 0x771dec002240 [33;01mWARN   [00m [00m        videodecoder gstvideodecoder.c:3670:gst_video_decoder_clip_and_push_buf:<avdec_h264-0>[00m Dropping frame due to QoS. start:0:00:12.200000000 deadline:0:00:12.200000000 earliest_time:0:00:12.217360506
0:00:12.628263327 [34m 3435[00m 0x771dec002240 [33;01mWARN   [00m [00m        videodecoder gstvideodecoder.c:3670:gst_video_decoder_clip_and_push_buf:<avdec_h264-0>[00m Dropping frame due to QoS. start:0:00:12.320000000 deadline:0:00:12.320000000 earliest_time:0:00:12.382802668
0:00:12.635267558 [34m 3435[00m 0x771dec002240 [33;01mWARN   [00m [00m        videodecoder gstvideodecoder.c:3670:gst_video_decoder_clip_and_push_buf:<avdec_h264-0>[00m Dropping frame due to QoS. start:0:00:12.360000000 deadline:0:00:12.360000000 earliest_time:0:00:12.382802668
0:00:12.798445854 [34m 3435[00m 0x771dec002240 [33;01mWARN   [00m [00m        videodecoder gstvideodecoder.c:3670:gst_video_decoder_clip_and_push_buf:<avdec_h264-0>[00m Dropping frame due to QoS. start:0:00:12.560000000 deadline:0:00:12.560000000 earliest_time:0:00:12.572764338
0:00:13.024686771 [34m 3435[00m 0x771dec002240 [33;01mWARN   [00m [00m        videodecoder gstvideodecoder.c:3670:gst_video_decoder_clip_and_push_buf:<avdec_h264-0>[00m Dropping frame due to QoS. start:0:00:12.760000000 deadline:0:00:12.760000000 earliest_time:0:00:12.830174006
0:00:13.037897720 [34m 3435[00m 0x771dec002240 [33;01mWARN   [00m [00m        videodecoder gstvideodecoder.c:3670:gst_video_decoder_clip_and_push_buf:<avdec_h264-0>[00m Dropping frame due to QoS. start:0:00:12.800000000 deadline:0:00:12.800000000 earliest_time:0:00:12.830174006
0:00:13.038473430 [34m 3435[00m 0x771dec002240 [36mINFO   [00m [00m        videodecoder gstvideodecoder.c:1633:gst_video_decoder_sink_event_default:<avdec_h264-0>[00m upstream tags: taglist, video-codec=(string)"H.264\ \(Main\ Profile\)", bitrate=(uint)1032686, minimum-bitrate=(uint)17000, maximum-bitrate=(uint)8979000;
0:00:13.694511893 [34m 3435[00m 0x771dec002240 [33;01mWARN   [00m [00m        videodecoder gstvideodecoder.c:3670:gst_video_decoder_clip_and_push_buf:<avdec_h264-0>[00m Dropping frame due to QoS. start:0:00:13.400000000 deadline:0:00:13.400000000 earliest_time:0:00:13.470195546
0:00:13.702015592 [34m 3435[00m 0x771dec002240 [33;01mWARN   [00m [00m        videodecoder gstvideodecoder.c:3670:gst_video_decoder_clip_and_push_buf:<avdec_h264-0>[00m Dropping frame due to QoS. start:0:00:13.440000000 deadline:0:00:13.440000000 earliest_time:0:00:13.470195546
0:00:13.803980686 [34m 3435[00m 0x771dec002240 [33;01mWARN   [00m [00m        videodecoder gstvideodecoder.c:3670:gst_video_decoder_clip_and_push_buf:<avdec_h264-0>[00m Dropping frame due to QoS. start:0:00:13.560000000 deadline:0:00:13.560000000 earliest_time:0:00:13.564549136
0:00:14.035730710 [34m 3435[00m 0x771dec002240 [33;01mWARN   [00m [00m        videodecoder gstvideodecoder.c:3670:gst_video_decoder_clip_and_push_buf:<avdec_h264-0>[00m Dropping frame due to QoS. start:0:00:13.760000000 deadline:0:00:13.760000000 earliest_time:0:00:13.830324180
0:00:14.043308240 [34m 3435[00m 0x771dec002240 [33;01mWARN   [00m [00m        videodecoder gstvideodecoder.c:3670:gst_video_decoder_clip_and_push_buf:<avdec_h264-0>[00m Dropping frame due to QoS. start:0:00:13.800000000 deadline:0:00:13.800000000 earliest_time:0:00:13.830324180
0:00:14.255286185 [34m 3435[00m 0x771dec002240 [33;01mWARN   [00m [00m        videodecoder gstvideodecoder.c:3670:gst_video_decoder_clip_and_push_buf:<avdec_h264-0>[00m Dropping frame due to QoS. start:0:00:14.000000000 deadline:0:00:14.000000000 earliest_time:0:00:14.040358318
0:00:14.257881756 [34m 3435[00m 0x771dec002240 [33;01mWARN   [00m [00m        videodecoder gstvideodecoder.c:3670:gst_video_decoder_clip_and_push_buf:<avdec_h264-0>[00m Dropping frame due to QoS. start:0:00:14.040000000 deadline:0:00:14.040000000 earliest_time:0:00:14.040358318
0:00:14.454918330 [34m 3435[00m 0x771dec002240 [33;01mWARN   [00m [00m        videodecoder gstvideodecoder.c:3670:gst_video_decoder_clip_and_push_buf:<avdec_h264-0>[00m Dropping frame due to QoS. start:0:00:14.160000000 deadline:0:00:14.160000000 earliest_time:0:00:14.223558276
0:00:14.460230030 [34m 3435[00m 0x771dec002240 [33;01mWARN   [00m [00m        videodecoder gstvideodecoder.c:3670:gst_video_decoder_clip_and_push_buf:<avdec_h264-0>[00m Dropping frame due to QoS. start:0:00:14.200000000 deadline:0:00:14.200000000 earliest_time:0:00:14.223558276
0:00:14.654683667 [34m 3435[00m 0x771dec002240 [33;01mWARN   [00m [00m        videodecoder gstvideodecoder.c:3670:gst_video_decoder_clip_and_push_buf:<avdec_h264-0>[00m Dropping frame due to QoS. start:0:00:14.360000000 deadline:0:00:14.360000000 earliest_time:0:00:14.427983912
0:00:14.665622792 [34m 3435[00m 0x771dec002240 [33;01mWARN   [00m [00m        videodecoder gstvideodecoder.c:3670:gst_video_decoder_clip_and_push_buf:<avdec_h264-0>[00m Dropping frame due to QoS. start:0:00:14.400000000 deadline:0:00:14.400000000 earliest_time:0:00:14.427983912
0:00:14.906834400 [34m 3435[00m 0x771dec002240 [33;01mWARN   [00m [00m        videodecoder gstvideodecoder.c:3670:gst_video_decoder_clip_and_push_buf:<avdec_h264-0>[00m Dropping frame due to QoS. start:0:00:14.640000000 deadline:0:00:14.640000000 earliest_time:0:00:14.697048270
0:00:14.911691208 [34m 3435[00m 0x771dec002240 [33;01mWARN   [00m [00m        videodecoder gstvideodecoder.c:3670:gst_video_decoder_clip_and_push_buf:<avdec_h264-0>[00m Dropping frame due to QoS. start:0:00:14.680000000 deadline:0:00:14.680000000 earliest_time:0:00:14.697048270
0:00:14.912235982 [34m 3435[00m 0x771d9800a460 [36mINFO   [00m [00m        audiodecoder gstaudiodecoder.c:2521:gst_audio_decoder_sink_eventfunc:<avdec_aac0>[00m upstream stream tags: taglist, audio-codec=(string)"MPEG-4\ AAC", maximum-bitrate=(uint)416704, bitrate=(uint)383961, minimum-bitrate=(uint)297000;
0:00:15.082369579 [34m 3435[00m 0x771d9800a460 [36mINFO   [00m [00m        audiodecoder gstaudiodecoder.c:2521:gst_audio_decoder_sink_eventfunc:<avdec_aac0>[00m upstream stream tags: taglist, audio-codec=(string)"MPEG-4\ AAC", maximum-bitrate=(uint)416704, bitrate=(uint)383961, minimum-bitrate=(uint)290249;
0:00:15.093192090 [34m 3435[00m 0x771dec002240 [33;01mWARN   [00m [00m        videodecoder gstvideodecoder.c:3670:gst_video_decoder_clip_and_push_buf:<avdec_h264-0>[00m Dropping frame due to QoS. start:0:00:14.800000000 deadline:0:00:14.800000000 earliest_time:0:00:14.872470538
0:00:15.097465808 [34m 3435[00m 0x771d9800a460 [36mINFO   [00m [00m        audiodecoder gstaudiodecoder.c:2521:gst_audio_decoder_sink_eventfunc:<avdec_aac0>[00m upstream stream tags: taglist, audio-codec=(string)"MPEG-4\ AAC", maximum-bitrate=(uint)416704, bitrate=(uint)383961, minimum-bitrate=(uint)286875;
0:00:15.111790231 [34m 3435[00m 0x771dec002240 [33;01mWARN   [00m [00m        videodecoder gstvideodecoder.c:3670:gst_video_decoder_clip_and_push_buf:<avdec_h264-0>[00m Dropping frame due to QoS. start:0:00:14.840000000 deadline:0:00:14.840000000 earliest_time:0:00:14.872470538
0:00:15.332882823 [34m 3435[00m 0x771dec002240 [33;01mWARN   [00m [00m        videodecoder gstvideodecoder.c:3670:gst_video_decoder_clip_and_push_buf:<avdec_h264-0>[00m Dropping frame due to QoS. start:0:00:15.080000000 deadline:0:00:15.080000000 earliest_time:0:00:15.104525698
0:00:15.491116536 [34m 3435[00m 0x771dec002240 [33;01mWARN   [00m [00m        videodecoder gstvideodecoder.c:3670:gst_video_decoder_clip_and_push_buf:<avdec_h264-0>[00m Dropping frame due to QoS. start:0:00:15.200000000 deadline:0:00:15.200000000 earliest_time:0:00:15.279032622
0:00:15.493643600 [34m 3435[00m 0x771dec002240 [33;01mWARN   [00m [00m        videodecoder gstvideodecoder.c:3670:gst_video_decoder_clip_and_push_buf:<avdec_h264-0>[00m Dropping frame due to QoS. start:0:00:15.240000000 deadline:0:00:15.240000000 earliest_time:0:00:15.279032622
0:00:15.594604913 [34m 3435[00m 0x771dec002240 [33;01mWARN   [00m [00m        videodecoder gstvideodecoder.c:3670:gst_video_decoder_clip_and_push_buf:<avdec_h264-0>[00m Dropping frame due to QoS. start:0:00:15.360000000 deadline:0:00:15.360000000 earliest_time:0:00:15.364321748
0:00:15.810502846 [34m 3435[00m 0x771dec002240 [33;01mWARN   [00m [00m        videodecoder gstvideodecoder.c:3670:gst_video_decoder_clip_and_push_buf:<avdec_h264-0>[00m Dropping frame due to QoS. start:0:00:15.560000000 deadline:0:00:15.560000000 earliest_time:0:00:15.575835700
0:00:15.935206945 [34m 3435[00m 0x771dec002240 [33;01mWARN   [00m [00m        videodecoder gstvideodecoder.c:3670:gst_video_decoder_clip_and_push_buf:<avdec_h264-0>[00m Dropping frame due to QoS. start:0:00:15.680000000 deadline:0:00:15.680000000 earliest_time:0:00:15.711211206
0:00:16.065020057 [34m 3435[00m 0x771dec002240 [33;01mWARN   [00m [00m        videodecoder gstvideodecoder.c:3670:gst_video_decoder_clip_and_push_buf:<avdec_h264-0>[00m Dropping frame due to QoS. start:0:00:15.800000000 deadline:0:00:15.800000000 earliest_time:0:00:15.832503216
0:00:16.204097657 [34m 3435[00m 0x771dec002240 [33;01mWARN   [00m [00m        videodecoder gstvideodecoder.c:3670:gst_video_decoder_clip_and_push_buf:<avdec_h264-0>[00m Dropping frame due to QoS. start:0:00:15.920000000 deadline:0:00:15.920000000 earliest_time:0:00:15.982538990
0:00:16.204575057 [34m 3435[00m 0x771dec002240 [36mINFO   [00m [00m        videodecoder gstvideodecoder.c:1633:gst_video_decoder_sink_event_default:<avdec_h264-0>[00m upstream tags: taglist, video-codec=(string)"H.264\ \(Main\ Profile\)", bitrate=(uint)1032686, minimum-bitrate=(uint)17000, maximum-bitrate=(uint)24492600;
0:00:16.209705042 [34m 3435[00m 0x771dec002240 [33;01mWARN   [00m [00m        videodecoder gstvideodecoder.c:3670:gst_video_decoder_clip_and_push_buf:<avdec_h264-0>[00m Dropping frame due to QoS. start:0:00:15.960000000 deadline:0:00:15.960000000 earliest_time:0:00:15.982538990
0:00:16.373876651 [34m 3435[00m 0x771dec002240 [33;01mWARN   [00m [00m        videodecoder gstvideodecoder.c:3670:gst_video_decoder_clip_and_push_buf:<avdec_h264-0>[00m Dropping frame due to QoS. start:0:00:16.080000000 deadline:0:00:16.080000000 earliest_time:0:00:16.177114720
0:00:16.380689484 [34m 3435[00m 0x771dec002240 [33;01mWARN   [00m [00m        videodecoder gstvideodecoder.c:3670:gst_video_decoder_clip_and_push_buf:<avdec_h264-0>[00m Dropping frame due to QoS. start:0:00:16.120000000 deadline:0:00:16.120000000 earliest_time:0:00:16.177114720
0:00:16.388347755 [34m 3435[00m 0x771dec002240 [33;01mWARN   [00m [00m        videodecoder gstvideodecoder.c:3670:gst_video_decoder_clip_and_push_buf:<avdec_h264-0>[00m Dropping frame due to QoS. start:0:00:16.160000000 deadline:0:00:16.160000000 earliest_time:0:00:16.177114720
0:00:16.554208170 [34m 3435[00m 0x771dec002240 [33;01mWARN   [00m [00m        videodecoder gstvideodecoder.c:3670:gst_video_decoder_clip_and_push_buf:<avdec_h264-0>[00m Dropping frame due to QoS. start:0:00:16.280000000 deadline:0:00:16.280000000 earliest_time:0:00:16.365963266
0:00:16.569786626 [34m 3435[00m 0x771dec002240 [33;01mWARN   [00m [00m        videodecoder gstvideodecoder.c:3670:gst_video_decoder_clip_and_push_buf:<avdec_h264-0>[00m Dropping frame due to QoS. start:0:00:16.320000000 deadline:0:00:16.320000000 earliest_time:0:00:16.365963266
0:00:16.577404655 [34m 3435[00m 0x771dec002240 [33;01mWARN   [00m [00m        videodecoder gstvideodecoder.c:3670:gst_video_decoder_clip_and_push_buf:<avdec_h264-0>[00m Dropping frame due to QoS. start:0:00:16.360000000 deadline:0:00:16.360000000 earliest_time:0:00:16.365963266
0:00:16.808273096 [34m 3435[00m 0x771dec002240 [33;01mWARN   [00m [00m        videodecoder gstvideodecoder.c:3670:gst_video_decoder_clip_and_push_buf:<avdec_h264-0>[00m Dropping frame due to QoS. start:0:00:16.520000000 deadline:0:00:16.520000000 earliest_time:0:00:16.610484432
0:00:16.812872152 [34m 3435[00m 0x771dec002240 [33;01mWARN   [00m [00m        videodecoder gstvideodecoder.c:3670:gst_video_decoder_clip_and_push_buf:<avdec_h264-0>[00m Dropping frame due to QoS. start:0:00:16.560000000 deadline:0:00:16.560000000 earliest_time:0:00:16.610484432
0:00:16.819120205 [34m 3435[00m 0x771dec002240 [33;01mWARN   [00m [00m        videodecoder gstvideodecoder.c:3670:gst_video_decoder_clip_and_push_buf:<avdec_h264-0>[00m Dropping frame due to QoS. start:0:00:16.600000000 deadline:0:00:16.600000000 earliest_time:0:00:16.610484432
0:00:16.977421207 [34m 3435[00m 0x771dec002240 [33;01mWARN   [00m [00m        videodecoder gstvideodecoder.c:3670:gst_video_decoder_clip_and_push_buf:<avdec_h264-0>[00m Dropping frame due to QoS. start:0:00:16.720000000 deadline:0:00:16.720000000 earliest_time:0:00:16.740942434
0:00:17.137591462 [34m 3435[00m 0x771dec002240 [33;01mWARN   [00m [00m        videodecoder gstvideodecoder.c:3670:gst_video_decoder_clip_and_push_buf:<avdec_h264-0>[00m Dropping frame due to QoS. start:0:00:16.880000000 deadline:0:00:16.880000000 earliest_time:0:00:16.887667982
0:00:17.277121864 [34m 3435[00m 0x771dec002240 [33;01mWARN   [00m [00m        videodecoder gstvideodecoder.c:3670:gst_video_decoder_clip_and_push_buf:<avdec_h264-0>[00m Dropping frame due to QoS. start:0:00:17.000000000 deadline:0:00:17.000000000 earliest_time:0:00:17.018412574
0:00:17.308690522 [34m 3435[00m 0x771dec002240 [33;01mWARN   [00m [00m        videodecoder gstvideodecoder.c:3670:gst_video_decoder_clip_and_push_buf:<avdec_h264-0>[00m Dropping frame due to QoS. start:0:00:17.080000000 deadline:0:00:17.080000000 earliest_time:0:00:17.089315930
0:00:17.436949707 [34m 3435[00m 0x771dec002240 [33;01mWARN   [00m [00m        videodecoder gstvideodecoder.c:3670:gst_video_decoder_clip_and_push_buf:<avdec_h264-0>[00m Dropping frame due to QoS. start:0:00:17.200000000 deadline:0:00:17.200000000 earliest_time:0:00:17.214907168
0:00:17.594338454 [34m 3435[00m 0x771dec002240 [33;01mWARN   [00m [00m        videodecoder gstvideodecoder.c:3670:gst_video_decoder_clip_and_push_buf:<avdec_h264-0>[00m Dropping frame due to QoS. start:0:00:17.320000000 deadline:0:00:17.320000000 earliest_time:0:00:17.380730926
0:00:17.601241142 [34m 3435[00m 0x771dec002240 [33;01mWARN   [00m [00m        videodecoder gstvideodecoder.c:3670:gst_video_decoder_clip_and_push_buf:<avdec_h264-0>[00m Dropping frame due to QoS. start:0:00:17.360000000 deadline:0:00:17.360000000 earliest_time:0:00:17.380730926
0:00:17.724215228 [34m 3435[00m 0x771dec002240 [33;01mWARN   [00m [00m        videodecoder gstvideodecoder.c:3670:gst_video_decoder_clip_and_push_buf:<avdec_h264-0>[00m Dropping frame due to QoS. start:0:00:17.480000000 deadline:0:00:17.480000000 earliest_time:0:00:17.516728660
0:00:17.969555691 [34m 3435[00m 0x771dec002240 [33;01mWARN   [00m [00m        videodecoder gstvideodecoder.c:3670:gst_video_decoder_clip_and_push_buf:<avdec_h264-0>[00m Dropping frame due to QoS. start:0:00:17.680000000 deadline:0:00:17.680000000 earliest_time:0:00:17.766228516
0:00:17.974533593 [34m 3435[00m 0x771dec002240 [33;01mWARN   [00m [00m        videodecoder gstvideodecoder.c:3670:gst_video_decoder_clip_and_push_buf:<avdec_h264-0>[00m Dropping frame due to QoS. start:0:00:17.720000000 deadline:0:00:17.720000000 earliest_time:0:00:17.766228516
0:00:17.979764386 [34m 3435[00m 0x771dec002240 [33;01mWARN   [00m [00m        videodecoder gstvideodecoder.c:3670:gst_video_decoder_clip_and_push_buf:<avdec_h264-0>[00m Dropping frame due to QoS. start:0:00:17.760000000 deadline:0:00:17.760000000 earliest_time:0:00:17.766228516
0:00:18.175690441 [34m 3435[00m 0x771dec002240 [33;01mWARN   [00m [00m        videodecoder gstvideodecoder.c:3670:gst_video_decoder_clip_and_push_buf:<avdec_h264-0>[00m Dropping frame due to QoS. start:0:00:17.920000000 deadline:0:00:17.920000000 earliest_time:0:00:17.948937596
0:00:18.490884466 [34m 3435[00m 0x771dec002240 [33;01mWARN   [00m [00m        videodecoder gstvideodecoder.c:3670:gst_video_decoder_clip_and_push_buf:<avdec_h264-0>[00m Dropping frame due to QoS. start:0:00:18.200000000 deadline:0:00:18.200000000 earliest_time:0:00:18.273435470
0:00:18.499682527 [34m 3435[00m 0x771dec002240 [33;01mWARN   [00m [00m        videodecoder gstvideodecoder.c:3670:gst_video_decoder_clip_and_push_buf:<avdec_h264-0>[00m Dropping frame due to QoS. start:0:00:18.240000000 deadline:0:00:18.240000000 earliest_time:0:00:18.273435470
0:00:18.612566622 [34m 3435[00m 0x771dec002240 [33;01mWARN   [00m [00m        videodecoder gstvideodecoder.c:3670:gst_video_decoder_clip_and_push_buf:<avdec_h264-0>[00m Dropping frame due to QoS. start:0:00:18.360000000 deadline:0:00:18.360000000 earliest_time:0:00:18.361750606
0:00:18.819231661 [34m 3435[00m 0x771dec002240 [33;01mWARN   [00m [00m        videodecoder gstvideodecoder.c:3670:gst_video_decoder_clip_and_push_buf:<avdec_h264-0>[00m Dropping frame due to QoS. start:0:00:18.560000000 deadline:0:00:18.560000000 earliest_time:0:00:18.594977514
0:00:18.936058008 [34m 3435[00m 0x771dec002240 [33;01mWARN   [00m [00m        videodecoder gstvideodecoder.c:3670:gst_video_decoder_clip_and_push_buf:<avdec_h264-0>[00m Dropping frame due to QoS. start:0:00:18.680000000 deadline:0:00:18.680000000 earliest_time:0:00:18.734853932
0:00:18.964007103 [34m 3435[00m 0x771dec002240 [33;01mWARN   [00m [00m        videodecoder gstvideodecoder.c:3670:gst_video_decoder_clip_and_push_buf:<avdec_h264-0>[00m Dropping frame due to QoS. start:0:00:18.720000000 deadline:0:00:18.720000000 earliest_time:0:00:18.734853932
0:00:19.140393803 [34m 3435[00m 0x771dec002240 [33;01mWARN   [00m [00m        videodecoder gstvideodecoder.c:3670:gst_video_decoder_clip_and_push_buf:<avdec_h264-0>[00m Dropping frame due to QoS. start:0:00:18.840000000 deadline:0:00:18.840000000 earliest_time:0:00:18.929826328
0:00:19.144373837 [34m 3435[00m 0x771dec002240 [33;01mWARN   [00m [00m        videodecoder gstvideodecoder.c:3670:gst_video_decoder_clip_and_push_buf:<avdec_h264-0>[00m Dropping frame due to QoS. start:0:00:18.880000000 deadline:0:00:18.880000000 earliest_time:0:00:18.929826328
0:00:19.146632060 [34m 3435[00m 0x771dec002240 [33;01mWARN   [00m [00m        videodecoder gstvideodecoder.c:3670:gst_video_decoder_clip_and_push_buf:<avdec_h264-0>[00m Dropping frame due to QoS. start:0:00:18.920000000 deadline:0:00:18.920000000 earliest_time:0:00:18.929826328
0:00:19.506025349 [34m 3435[00m 0x771dec002240 [33;01mWARN   [00m [00m        videodecoder gstvideodecoder.c:3670:gst_video_decoder_clip_and_push_buf:<avdec_h264-0>[00m Dropping frame due to QoS. start:0:00:19.240000000 deadline:0:00:19.240000000 earliest_time:0:00:19.283306394
0:00:19.512420018 [34m 3435[00m 0x771dec002240 [33;01mWARN   [00m [00m        videodecoder gstvideodecoder.c:3670:gst_video_decoder_clip_and_push_buf:<avdec_h264-0>[00m Dropping frame due to QoS. start:0:00:19.280000000 deadline:0:00:19.280000000 earliest_time:0:00:19.283306394
0:00:19.791789940 [34m 3435[00m 0x771dec002240 [33;01mWARN   [00m [00m        videodecoder gstvideodecoder.c:3670:gst_video_decoder_clip_and_push_buf:<avdec_h264-0>[00m Dropping frame due to QoS. start:0:00:19.520000000 deadline:0:00:19.520000000 earliest_time:0:00:19.588222452
0:00:19.812184417 [34m 3435[00m 0x771dec002240 [33;01mWARN   [00m [00m        videodecoder gstvideodecoder.c:3670:gst_video_decoder_clip_and_push_buf:<avdec_h264-0>[00m Dropping frame due to QoS. start:0:00:19.560000000 deadline:0:00:19.560000000 earliest_time:0:00:19.588222452
0:00:19.956711210 [34m 3435[00m 0x771dec002240 [33;01mWARN   [00m [00m        videodecoder gstvideodecoder.c:3670:gst_video_decoder_clip_and_push_buf:<avdec_h264-0>[00m Dropping frame due to QoS. start:0:00:19.680000000 deadline:0:00:19.680000000 earliest_time:0:00:19.734330686
0:00:19.962497880 [34m 3435[00m 0x771dec002240 [33;01mWARN   [00m [00m        videodecoder gstvideodecoder.c:3670:gst_video_decoder_clip_and_push_buf:<avdec_h264-0>[00m Dropping frame due to QoS. start:0:00:19.720000000 deadline:0:00:19.720000000 earliest_time:0:00:19.734330686
0:00:20.251389119 [34m 3435[00m 0x771dec002240 [33;01mWARN   [00m [00m        videodecoder gstvideodecoder.c:3670:gst_video_decoder_clip_and_push_buf:<avdec_h264-0>[00m Dropping frame due to QoS. start:0:00:19.960000000 deadline:0:00:19.960000000 earliest_time:0:00:20.007976430
0:00:20.259014809 [34m 3435[00m 0x771dec002240 [33;01mWARN   [00m [00m        videodecoder gstvideodecoder.c:3670:gst_video_decoder_clip_and_push_buf:<avdec_h264-0>[00m Dropping frame due to QoS. start:0:00:20.000000000 deadline:0:00:20.000000000 earliest_time:0:00:20.007976430
0:00:20.411365853 [34m 3435[00m 0x771dec002240 [33;01mWARN   [00m [00m        videodecoder gstvideodecoder.c:3670:gst_video_decoder_clip_and_push_buf:<avdec_h264-0>[00m Dropping frame due to QoS. start:0:00:20.120000000 deadline:0:00:20.120000000 earliest_time:0:00:20.196555330
0:00:20.429766868 [34m 3435[00m 0x771dec002240 [33;01mWARN   [00m [00m        videodecoder gstvideodecoder.c:3670:gst_video_decoder_clip_and_push_buf:<avdec_h264-0>[00m Dropping frame due to QoS. start:0:00:20.160000000 deadline:0:00:20.160000000 earliest_time:0:00:20.196555330
0:00:20.646836528 [34m 3435[00m 0x771dec002240 [33;01mWARN   [00m [00m        videodecoder gstvideodecoder.c:3670:gst_video_decoder_clip_and_push_buf:<avdec_h264-0>[00m Dropping frame due to QoS. start:0:00:20.400000000 deadline:0:00:20.400000000 earliest_time:0:00:20.430463076
0:00:20.784825235 [34m 3435[00m 0x771dec002240 [33;01mWARN   [00m [00m        videodecoder gstvideodecoder.c:3670:gst_video_decoder_clip_and_push_buf:<avdec_h264-0>[00m Dropping frame due to QoS. start:0:00:20.520000000 deadline:0:00:20.520000000 earliest_time:0:00:20.586160528
0:00:20.803630794 [34m 3435[00m 0x771dec002240 [33;01mWARN   [00m [00m        videodecoder gstvideodecoder.c:3670:gst_video_decoder_clip_and_push_buf:<avdec_h264-0>[00m Dropping frame due to QoS. start:0:00:20.560000000 deadline:0:00:20.560000000 earliest_time:0:00:20.586160528
0:00:20.961858145 [34m 3435[00m 0x771dec002240 [33;01mWARN   [00m [00m        videodecoder gstvideodecoder.c:3670:gst_video_decoder_clip_and_push_buf:<avdec_h264-0>[00m Dropping frame due to QoS. start:0:00:20.680000000 deadline:0:00:20.680000000 earliest_time:0:00:20.759950928
0:00:20.967699911 [34m 3435[00m 0x771dec002240 [33;01mWARN   [00m [00m        videodecoder gstvideodecoder.c:3670:gst_video_decoder_clip_and_push_buf:<avdec_h264-0>[00m Dropping frame due to QoS. start:0:00:20.720000000 deadline:0:00:20.720000000 earliest_time:0:00:20.759950928
0:00:21.233221640 [34m 3435[00m 0x771dec002240 [33;01mWARN   [00m [00m        videodecoder gstvideodecoder.c:3670:gst_video_decoder_clip_and_push_buf:<avdec_h264-0>[00m Dropping frame due to QoS. start:0:00:20.960000000 deadline:0:00:20.960000000 earliest_time:0:00:21.020775420
0:00:21.236292839 [34m 3435[00m 0x771dec002240 [33;01mWARN   [00m [00m        videodecoder gstvideodecoder.c:3670:gst_video_decoder_clip_and_push_buf:<avdec_h264-0>[00m Dropping frame due to QoS. start:0:00:21.000000000 deadline:0:00:21.000000000 earliest_time:0:00:21.020775420
0:00:22.096781878 [34m 3435[00m 0x771dec002240 [33;01mWARN   [00m [00m        videodecoder gstvideodecoder.c:3670:gst_video_decoder_clip_and_push_buf:<avdec_h264-0>[00m Dropping frame due to QoS. start:0:00:21.800000000 deadline:0:00:21.800000000 earliest_time:0:00:21.891202872
0:00:22.103033858 [34m 3435[00m 0x771dec002240 [33;01mWARN   [00m [00m        videodecoder gstvideodecoder.c:3670:gst_video_decoder_clip_and_push_buf:<avdec_h264-0>[00m Dropping frame due to QoS. start:0:00:21.840000000 deadline:0:00:21.840000000 earliest_time:0:00:21.891202872
0:00:22.109828384 [34m 3435[00m 0x771dec002240 [33;01mWARN   [00m [00m        videodecoder gstvideodecoder.c:3670:gst_video_decoder_clip_and_push_buf:<avdec_h264-0>[00m Dropping frame due to QoS. start:0:00:21.880000000 deadline:0:00:21.880000000 earliest_time:0:00:21.891202872
0:00:22.311421245 [34m 3435[00m 0x771dec002240 [33;01mWARN   [00m [00m        videodecoder gstvideodecoder.c:3670:gst_video_decoder_clip_and_push_buf:<avdec_h264-0>[00m Dropping frame due to QoS. start:0:00:22.040000000 deadline:0:00:22.040000000 earliest_time:0:00:22.104020076
0:00:22.313759919 [34m 3435[00m 0x771dec002240 [33;01mWARN   [00m [00m        videodecoder gstvideodecoder.c:3670:gst_video_decoder_clip_and_push_buf:<avdec_h264-0>[00m Dropping frame due to QoS. start:0:00:22.080000000 deadline:0:00:22.080000000 earliest_time:0:00:22.104020076
0:00:22.611360970 [34m 3435[00m 0x771dec002240 [33;01mWARN   [00m [00m        videodecoder gstvideodecoder.c:3670:gst_video_decoder_clip_and_push_buf:<avdec_h264-0>[00m Dropping frame due to QoS. start:0:00:22.360000000 deadline:0:00:22.360000000 earliest_time:0:00:22.379487302
0:00:22.796547197 [34m 3435[00m 0x771dec002240 [33;01mWARN   [00m [00m        videodecoder gstvideodecoder.c:3670:gst_video_decoder_clip_and_push_buf:<avdec_h264-0>[00m Dropping frame due to QoS. start:0:00:22.520000000 deadline:0:00:22.520000000 earliest_time:0:00:22.603929248
0:00:22.805220927 [34m 3435[00m 0x771dec002240 [33;01mWARN   [00m [00m        videodecoder gstvideodecoder.c:3670:gst_video_decoder_clip_and_push_buf:<avdec_h264-0>[00m Dropping frame due to QoS. start:0:00:22.560000000 deadline:0:00:22.560000000 earliest_time:0:00:22.603929248
0:00:22.819689282 [34m 3435[00m 0x771dec002240 [33;01mWARN   [00m [00m        videodecoder gstvideodecoder.c:3670:gst_video_decoder_clip_and_push_buf:<avdec_h264-0>[00m Dropping frame due to QoS. start:0:00:22.600000000 deadline:0:00:22.600000000 earliest_time:0:00:22.603929248
0:00:22.969681647 [34m 3435[00m 0x771dec002240 [33;01mWARN   [00m [00m        videodecoder gstvideodecoder.c:3670:gst_video_decoder_clip_and_push_buf:<avdec_h264-0>[00m Dropping frame due to QoS. start:0:00:22.720000000 deadline:0:00:22.720000000 earliest_time:0:00:22.741415986
0:00:23.100337131 [34m 3435[00m 0x771dec002240 [33;01mWARN   [00m [00m        videodecoder gstvideodecoder.c:3670:gst_video_decoder_clip_and_push_buf:<avdec_h264-0>[00m Dropping frame due to QoS. start:0:00:22.840000000 deadline:0:00:22.840000000 earliest_time:0:00:22.890255302
0:00:23.107320973 [34m 3435[00m 0x771dec002240 [33;01mWARN   [00m [00m        videodecoder gstvideodecoder.c:3670:gst_video_decoder_clip_and_push_buf:<avdec_h264-0>[00m Dropping frame due to QoS. start:0:00:22.880000000 deadline:0:00:22.880000000 earliest_time:0:00:22.890255302
0:00:23.530009362 [34m 3435[00m 0x771dec002240 [33;01mWARN   [00m [00m        videodecoder gstvideodecoder.c:3670:gst_video_decoder_clip_and_push_buf:<avdec_h264-0>[00m Dropping frame due to QoS. start:0:00:23.240000000 deadline:0:00:23.240000000 earliest_time:0:00:23.329730364
0:00:23.537179591 [34m 3435[00m 0x771dec002240 [33;01mWARN   [00m [00m        videodecoder gstvideodecoder.c:3670:gst_video_decoder_clip_and_push_buf:<avdec_h264-0>[00m Dropping frame due to QoS. start:0:00:23.280000000 deadline:0:00:23.280000000 earliest_time:0:00:23.329730364
0:00:23.542508479 [34m 3435[00m 0x771dec002240 [33;01mWARN   [00m [00m        videodecoder gstvideodecoder.c:3670:gst_video_decoder_clip_and_push_buf:<avdec_h264-0>[00m Dropping frame due to QoS. start:0:00:23.320000000 deadline:0:00:23.320000000 earliest_time:0:00:23.329730364
0:00:23.941543036 [34m 3435[00m 0x771dec002240 [36mINFO   [00m [00m        videodecoder gstvideodecoder.c:1633:gst_video_decoder_sink_event_default:<avdec_h264-0>[00m upstream tags: taglist, video-codec=(string)"H.264\ \(Main\ Profile\)", bitrate=(uint)1032686, minimum-bitrate=(uint)17000, maximum-bitrate=(uint)24518800;
0:00:24.049383205 [34m 3435[00m 0x771dec002240 [33;01mWARN   [00m [00m        videodecoder gstvideodecoder.c:3670:gst_video_decoder_clip_and_push_buf:<avdec_h264-0>[00m Dropping frame due to QoS. start:0:00:23.760000000 deadline:0:00:23.760000000 earliest_time:0:00:23.844898726
0:00:24.057870598 [34m 3435[00m 0x771dec002240 [33;01mWARN   [00m [00m        videodecoder gstvideodecoder.c:3670:gst_video_decoder_clip_and_push_buf:<avdec_h264-0>[00m Dropping frame due to QoS. start:0:00:23.800000000 deadline:0:00:23.800000000 earliest_time:0:00:23.844898726
0:00:24.064627586 [34m 3435[00m 0x771dec002240 [33;01mWARN   [00m [00m        videodecoder gstvideodecoder.c:3670:gst_video_decoder_clip_and_push_buf:<avdec_h264-0>[00m Dropping frame due to QoS. start:0:00:23.840000000 deadline:0:00:23.840000000 earliest_time:0:00:23.844898726
0:00:24.283635093 [34m 3435[00m 0x771dec002240 [33;01mWARN   [00m [00m        videodecoder gstvideodecoder.c:3670:gst_video_decoder_clip_and_push_buf:<avdec_h264-0>[00m Dropping frame due to QoS. start:0:00:24.040000000 deadline:0:00:24.040000000 earliest_time:0:00:24.057181188
0:00:24.509318838 [34m 3435[00m 0x771dec002240 [33;01mWARN   [00m [00m        videodecoder gstvideodecoder.c:3670:gst_video_decoder_clip_and_push_buf:<avdec_h264-0>[00m Dropping frame due to QoS. start:0:00:24.240000000 deadline:0:00:24.240000000 earliest_time:0:00:24.291275224
0:00:24.515039846 [34m 3435[00m 0x771dec002240 [33;01mWARN   [00m [00m        videodecoder gstvideodecoder.c:3670:gst_video_decoder_clip_and_push_buf:<avdec_h264-0>[00m Dropping frame due to QoS. start:0:00:24.280000000 deadline:0:00:24.280000000 earliest_time:0:00:24.291275224
0:00:24.825405628 [34m 3435[00m 0x771dec002240 [33;01mWARN   [00m [00m        videodecoder gstvideodecoder.c:3670:gst_video_decoder_clip_and_push_buf:<avdec_h264-0>[00m Dropping frame due to QoS. start:0:00:24.560000000 deadline:0:00:24.560000000 earliest_time:0:00:24.627379866
0:00:24.830328413 [34m 3435[00m 0x771dec002240 [33;01mWARN   [00m [00m        videodecoder gstvideodecoder.c:3670:gst_video_decoder_clip_and_push_buf:<avdec_h264-0>[00m Dropping frame due to QoS. start:0:00:24.600000000 deadline:0:00:24.600000000 earliest_time:0:00:24.627379866
0:00:25.057633585 [34m 3435[00m 0x771dec002240 [33;01mWARN   [00m [00m        videodecoder gstvideodecoder.c:3670:gst_video_decoder_clip_and_push_buf:<avdec_h264-0>[00m Dropping frame due to QoS. start:0:00:24.800000000 deadline:0:00:24.800000000 earliest_time:0:00:24.855749838
0:00:25.074249815 [34m 3435[00m 0x771dec002240 [33;01mWARN   [00m [00m        videodecoder gstvideodecoder.c:3670:gst_video_decoder_clip_and_push_buf:<avdec_h264-0>[00m Dropping frame due to QoS. start:0:00:24.840000000 deadline:0:00:24.840000000 earliest_time:0:00:24.855749838
0:00:25.195949628 [34m 3435[00m 0x771dec002240 [33;01mWARN   [00m [00m        videodecoder gstvideodecoder.c:3670:gst_video_decoder_clip_and_push_buf:<avdec_h264-0>[00m Dropping frame due to QoS. start:0:00:24.960000000 deadline:0:00:24.960000000 earliest_time:0:00:24.962316548
0:00:25.392966211 [34m 3435[00m 0x771dec002240 [33;01mWARN   [00m [00m        videodecoder gstvideodecoder.c:3670:gst_video_decoder_clip_and_push_buf:<avdec_h264-0>[00m Dropping frame due to QoS. start:0:00:25.120000000 deadline:0:00:25.120000000 earliest_time:0:00:25.197999764
0:00:25.396274602 [34m 3435[00m 0x771dec002240 [33;01mWARN   [00m [00m        videodecoder gstvideodecoder.c:3670:gst_video_decoder_clip_and_push_buf:<avdec_h264-0>[00m Dropping frame due to QoS. start:0:00:25.160000000 deadline:0:00:25.160000000 earliest_time:0:00:25.197999764
0:00:25.571492887 [34m 3435[00m 0x771dec002240 [33;01mWARN   [00m [00m        videodecoder gstvideodecoder.c:3670:gst_video_decoder_clip_and_push_buf:<avdec_h264-0>[00m Dropping frame due to QoS. start:0:00:25.320000000 deadline:0:00:25.320000000 earliest_time:0:00:25.323335164
0:00:25.784588966 [34m 3435[00m 0x771dec002240 [33;01mWARN   [00m [00m        videodecoder gstvideodecoder.c:3670:gst_video_decoder_clip_and_push_buf:<avdec_h264-0>[00m Dropping frame due to QoS. start:0:00:25.520000000 deadline:0:00:25.520000000 earliest_time:0:00:25.584670052
0:00:25.796058079 [34m 3435[00m 0x771dec002240 [33;01mWARN   [00m [00m        videodecoder gstvideodecoder.c:3670:gst_video_decoder_clip_and_push_buf:<avdec_h264-0>[00m Dropping frame due to QoS. start:0:00:25.560000000 deadline:0:00:25.560000000 earliest_time:0:00:25.584670052
0:00:25.972855035 [34m 3435[00m 0x771dec002240 [33;01mWARN   [00m [00m        videodecoder gstvideodecoder.c:3670:gst_video_decoder_clip_and_push_buf:<avdec_h264-0>[00m Dropping frame due to QoS. start:0:00:25.720000000 deadline:0:00:25.720000000 earliest_time:0:00:25.724257890
0:00:26.285283689 [34m 3435[00m 0x771dec002240 [33;01mWARN   [00m [00m        videodecoder gstvideodecoder.c:3670:gst_video_decoder_clip_and_push_buf:<avdec_h264-0>[00m Dropping frame due to QoS. start:0:00:26.000000000 deadline:0:00:26.000000000 earliest_time:0:00:26.069245294
0:00:26.292832545 [34m 3435[00m 0x771dec002240 [33;01mWARN   [00m [00m        videodecoder gstvideodecoder.c:3670:gst_video_decoder_clip_and_push_buf:<avdec_h264-0>[00m Dropping frame due to QoS. start:0:00:26.040000000 deadline:0:00:26.040000000 earliest_time:0:00:26.069245294
0:00:26.400136286 [34m 3435[00m 0x771dec002240 [33;01mWARN   [00m [00m        videodecoder gstvideodecoder.c:3670:gst_video_decoder_clip_and_push_buf:<avdec_h264-0>[00m Dropping frame due to QoS. start:0:00:26.160000000 deadline:0:00:26.160000000 earliest_time:0:00:26.166254682
0:00:26.579252959 [34m 3435[00m 0x771dec002240 [33;01mWARN   [00m [00m        videodecoder gstvideodecoder.c:3670:gst_video_decoder_clip_and_push_buf:<avdec_h264-0>[00m Dropping frame due to QoS. start:0:00:26.320000000 deadline:0:00:26.320000000 earliest_time:0:00:26.380497822
0:00:26.580376818 [34m 3435[00m 0x771dec002240 [33;01mWARN   [00m [00m        videodecoder gstvideodecoder.c:3670:gst_video_decoder_clip_and_push_buf:<avdec_h264-0>[00m Dropping frame due to QoS. start:0:00:26.360000000 deadline:0:00:26.360000000 earliest_time:0:00:26.380497822
0:00:26.819110217 [34m 3435[00m 0x771dec002240 [33;01mWARN   [00m [00m        videodecoder gstvideodecoder.c:3670:gst_video_decoder_clip_and_push_buf:<avdec_h264-0>[00m Dropping frame due to QoS. start:0:00:26.560000000 deadline:0:00:26.560000000 earliest_time:0:00:26.612623546
0:00:26.823115660 [34m 3435[00m 0x771dec002240 [33;01mWARN   [00m [00m        videodecoder gstvideodecoder.c:3670:gst_video_decoder_clip_and_push_buf:<avdec_h264-0>[00m Dropping frame due to QoS. start:0:00:26.600000000 deadline:0:00:26.600000000 earliest_time:0:00:26.612623546
0:00:27.053719769 [34m 3435[00m 0x771dec002240 [33;01mWARN   [00m [00m        videodecoder gstvideodecoder.c:3670:gst_video_decoder_clip_and_push_buf:<avdec_h264-0>[00m Dropping frame due to QoS. start:0:00:26.760000000 deadline:0:00:26.760000000 earliest_time:0:00:26.841025790
0:00:27.059142481 [34m 3435[00m 0x771dec002240 [33;01mWARN   [00m [00m        videodecoder gstvideodecoder.c:3670:gst_video_decoder_clip_and_push_buf:<avdec_h264-0>[00m Dropping frame due to QoS. start:0:00:26.800000000 deadline:0:00:26.800000000 earliest_time:0:00:26.841025790
0:00:27.060943925 [34m 3435[00m 0x771dec002240 [33;01mWARN   [00m [00m        videodecoder gstvideodecoder.c:3670:gst_video_decoder_clip_and_push_buf:<avdec_h264-0>[00m Dropping frame due to QoS. start:0:00:26.840000000 deadline:0:00:26.840000000 earliest_time:0:00:26.841025790
0:00:27.240946502 [34m 3435[00m 0x771dec002240 [33;01mWARN   [00m [00m        videodecoder gstvideodecoder.c:3670:gst_video_decoder_clip_and_push_buf:<avdec_h264-0>[00m Dropping frame due to QoS. start:0:00:26.960000000 deadline:0:00:26.960000000 earliest_time:0:00:27.035840860
0:00:27.243658797 [34m 3435[00m 0x771dec002240 [33;01mWARN   [00m [00m        videodecoder gstvideodecoder.c:3670:gst_video_decoder_clip_and_push_buf:<avdec_h264-0>[00m Dropping frame due to QoS. start:0:00:27.000000000 deadline:0:00:27.000000000 earliest_time:0:00:27.035840860
0:00:27.478320775 [34m 3435[00m 0x771dec002240 [33;01mWARN   [00m [00m        videodecoder gstvideodecoder.c:3670:gst_video_decoder_clip_and_push_buf:<avdec_h264-0>[00m Dropping frame due to QoS. start:0:00:27.240000000 deadline:0:00:27.240000000 earliest_time:0:00:27.263231822
0:00:27.670673059 [34m 3435[00m 0x771dec002240 [33;01mWARN   [00m [00m        videodecoder gstvideodecoder.c:3670:gst_video_decoder_clip_and_push_buf:<avdec_h264-0>[00m Dropping frame due to QoS. start:0:00:27.440000000 deadline:0:00:27.440000000 earliest_time:0:00:27.441566564
0:00:28.075276348 [34m 3435[00m 0x771dec002240 [33;01mWARN   [00m [00m        videodecoder gstvideodecoder.c:3670:gst_video_decoder_clip_and_push_buf:<avdec_h264-0>[00m Dropping frame due to QoS. start:0:00:27.800000000 deadline:0:00:27.800000000 earliest_time:0:00:27.874471776
0:00:28.077815304 [34m 3435[00m 0x771dec002240 [33;01mWARN   [00m [00m        videodecoder gstvideodecoder.c:3670:gst_video_decoder_clip_and_push_buf:<avdec_h264-0>[00m Dropping frame due to QoS. start:0:00:27.840000000 deadline:0:00:27.840000000 earliest_time:0:00:27.874471776
0:00:28.204268429 [34m 3435[00m 0x771dec002240 [33;01mWARN   [00m [00m        videodecoder gstvideodecoder.c:3670:gst_video_decoder_clip_and_push_buf:<avdec_h264-0>[00m Dropping frame due to QoS. start:0:00:27.960000000 deadline:0:00:27.960000000 earliest_time:0:00:28.003249434
0:00:28.207509934 [34m 3435[00m 0x771dec002240 [33;01mWARN   [00m [00m        videodecoder gstvideodecoder.c:3670:gst_video_decoder_clip_and_push_buf:<avdec_h264-0>[00m Dropping frame due to QoS. start:0:00:28.000000000 deadline:0:00:28.000000000 earliest_time:0:00:28.003249434
0:00:28.431123315 [34m 3435[00m 0x771dec002240 [33;01mWARN   [00m [00m        videodecoder gstvideodecoder.c:3670:gst_video_decoder_clip_and_push_buf:<avdec_h264-0>[00m Dropping frame due to QoS. start:0:00:28.160000000 deadline:0:00:28.160000000 earliest_time:0:00:28.238126480
0:00:28.432272287 [34m 3435[00m 0x771dec002240 [33;01mWARN   [00m [00m        videodecoder gstvideodecoder.c:3670:gst_video_decoder_clip_and_push_buf:<avdec_h264-0>[00m Dropping frame due to QoS. start:0:00:28.200000000 deadline:0:00:28.200000000 earliest_time:0:00:28.238126480
0:00:28.618964579 [34m 3435[00m 0x771dec002240 [33;01mWARN   [00m [00m        videodecoder gstvideodecoder.c:3670:gst_video_decoder_clip_and_push_buf:<avdec_h264-0>[00m Dropping frame due to QoS. start:0:00:28.320000000 deadline:0:00:28.320000000 earliest_time:0:00:28.415601170
0:00:28.625511743 [34m 3435[00m 0x771dec002240 [33;01mWARN   [00m [00m        videodecoder gstvideodecoder.c:3670:gst_video_decoder_clip_and_push_buf:<avdec_h264-0>[00m Dropping frame due to QoS. start:0:00:28.360000000 deadline:0:00:28.360000000 earliest_time:0:00:28.415601170
0:00:28.630403867 [34m 3435[00m 0x771dec002240 [33;01mWARN   [00m [00m        videodecoder gstvideodecoder.c:3670:gst_video_decoder_clip_and_push_buf:<avdec_h264-0>[00m Dropping frame due to QoS. start:0:00:28.400000000 deadline:0:00:28.400000000 earliest_time:0:00:28.415601170
0:00:29.075891588 [34m 3435[00m 0x771dec002240 [33;01mWARN   [00m [00m        videodecoder gstvideodecoder.c:3670:gst_video_decoder_clip_and_push_buf:<avdec_h264-0>[00m Dropping frame due to QoS. start:0:00:28.800000000 deadline:0:00:28.800000000 earliest_time:0:00:28.838585576
0:00:29.165467515 [34m 3435[00m 0x771dec002240 [33;01mWARN   [00m [00m        videodecoder gstvideodecoder.c:3670:gst_video_decoder_clip_and_push_buf:<avdec_h264-0>[00m Dropping frame due to QoS. start:0:00:28.920000000 deadline:0:00:28.920000000 earliest_time:0:00:28.924275022
0:00:29.312939499 [34m 3435[00m 0x771dec002240 [33;01mWARN   [00m [00m        videodecoder gstvideodecoder.c:3670:gst_video_decoder_clip_and_push_buf:<avdec_h264-0>[00m Dropping frame due to QoS. start:0:00:29.040000000 deadline:0:00:29.040000000 earliest_time:0:00:29.108751220
0:00:29.323572353 [34m 3435[00m 0x771dec002240 [33;01mWARN   [00m [00m        videodecoder gstvideodecoder.c:3670:gst_video_decoder_clip_and_push_buf:<avdec_h264-0>[00m Dropping frame due to QoS. start:0:00:29.080000000 deadline:0:00:29.080000000 earliest_time:0:00:29.108751220
0:00:29.460777403 [34m 3435[00m 0x771dec002240 [33;01mWARN   [00m [00m        videodecoder gstvideodecoder.c:3670:gst_video_decoder_clip_and_push_buf:<avdec_h264-0>[00m Dropping frame due to QoS. start:0:00:29.200000000 deadline:0:00:29.200000000 earliest_time:0:00:29.231338256
0:00:29.461483882 [34m 3435[00m 0x771dfc0022a0 [36mINFO   [00m [00m                task gsttask.c:368:gst_task_func:<qtdemux0:sink>[00m Task going to paused
0:00:29.573991038 [34m 3435[00m 0x771dec002240 [33;01mWARN   [00m [00m        videodecoder gstvideodecoder.c:3670:gst_video_decoder_clip_and_push_buf:<avdec_h264-0>[00m Dropping frame due to QoS. start:0:00:29.320000000 deadline:0:00:29.320000000 earliest_time:0:00:29.338288598
Got EOS from element "pipeline0".
Execution ended after 0:00:29.584510215
Setting pipeline to NULL ...
0:00:29.834720950 [34m 3435[00m 0x5d1b96686000 [36mINFO   [00m [00;01;31m          GST_STATES gstbin.c:2479:gst_bin_element_set_state:<autovideosink0>[00m current PLAYING pending VOID_PENDING, desired next PAUSED
0:00:29.834748846 [34m 3435[00m 0x5d1b96686000 [36mINFO   [00m [00;01;31m          GST_STATES gstbin.c:2479:gst_bin_element_set_state:<autovideosink0-actual-sink-glimage>[00m current PLAYING pending VOID_PENDING, desired next PAUSED
0:00:29.834767514 [34m 3435[00m 0x5d1b96686000 [36mINFO   [00m [00;01;31m          GST_STATES gstbin.c:2479:gst_bin_element_set_state:<sink>[00m current PLAYING pending VOID_PENDING, desired next PAUSED
0:00:29.835165850 [34m 3435[00m 0x5d1b96686000 [36mINFO   [00m [00;01;31m          GST_STATES gstelement.c:2806:gst_element_continue_state:<sink>[00m completed state change to PAUSED
0:00:29.835244337 [34m 3435[00m 0x5d1b96686000 [36mINFO   [00m [00;01;31m          GST_STATES gstelement.c:2706:_priv_gst_element_state_changed:<sink>[00m notifying about state-changed PLAYING to PAUSED (VOID_PENDING pending)
0:00:29.835277763 [34m 3435[00m 0x5d1b96686000 [36mINFO   [00m [00;01;31m          GST_STATES gstbin.c:2928:gst_bin_change_state_func:<autovideosink0-actual-sink-glimage>[00m child 'sink' changed state to 3(PAUSED) successfully
0:00:29.835291155 [34m 3435[00m 0x5d1b96686000 [36mINFO   [00m [00;01;31m          GST_STATES gstbin.c:2479:gst_bin_element_set_state:<glcolorbalance0>[00m current PLAYING pending VOID_PENDING, desired next PAUSED
0:00:29.835299390 [34m 3435[00m 0x5d1b96686000 [36mINFO   [00m [00;01;31m          GST_STATES gstelement.c:2806:gst_element_continue_state:<glcolorbalance0>[00m completed state change to PAUSED
0:00:29.835305737 [34m 3435[00m 0x5d1b96686000 [36mINFO   [00m [00;01;31m          GST_STATES gstelement.c:2706:_priv_gst_element_state_changed:<glcolorbalance0>[00m notifying about state-changed PLAYING to PAUSED (VOID_PENDING pending)
0:00:29.835313674 [34m 3435[00m 0x5d1b96686000 [36mINFO   [00m [00;01;31m          GST_STATES gstbin.c:2928:gst_bin_change_state_func:<autovideosink0-actual-sink-glimage>[00m child 'glcolorbalance0' changed state to 3(PAUSED) successfully
0:00:29.835322047 [34m 3435[00m 0x5d1b96686000 [36mINFO   [00m [00;01;31m          GST_STATES gstbin.c:2479:gst_bin_element_set_state:<glcolorconvertelement0>[00m current PLAYING pending VOID_PENDING, desired next PAUSED
0:00:29.835342597 [34m 3435[00m 0x5d1b96686000 [36mINFO   [00m [00;01;31m          GST_STATES gstelement.c:2806:gst_element_continue_state:<glcolorconvertelement0>[00m completed state change to PAUSED
0:00:29.835349060 [34m 3435[00m 0x5d1b96686000 [36mINFO   [00m [00;01;31m          GST_STATES gstelement.c:2706:_priv_gst_element_state_changed:<glcolorconvertelement0>[00m notifying about state-changed PLAYING to PAUSED (VOID_PENDING pending)
0:00:29.835356731 [34m 3435[00m 0x5d1b96686000 [36mINFO   [00m [00;01;31m          GST_STATES gstbin.c:2928:gst_bin_change_state_func:<autovideosink0-actual-sink-glimage>[00m child 'glcolorconvertelement0' changed state to 3(PAUSED) successfully
0:00:29.835364878 [34m 3435[00m 0x5d1b96686000 [36mINFO   [00m [00;01;31m          GST_STATES gstbin.c:2479:gst_bin_element_set_state:<gluploadelement0>[00m current PLAYING pending VOID_PENDING, desired next PAUSED
0:00:29.835371378 [34m 3435[00m 0x5d1b96686000 [36mINFO   [00m [00;01;31m          GST_STATES gstelement.c:2806:gst_element_continue_state:<gluploadelement0>[00m completed state change to PAUSED
0:00:29.835377373 [34m 3435[00m 0x5d1b96686000 [36mINFO   [00m [00;01;31m          GST_STATES gstelement.c:2706:_priv_gst_element_state_changed:<gluploadelement0>[00m notifying about state-changed PLAYING to PAUSED (VOID_PENDING pending)
0:00:29.835384418 [34m 3435[00m 0x5d1b96686000 [36mINFO   [00m [00;01;31m          GST_STATES gstbin.c:2928:gst_bin_change_state_func:<autovideosink0-actual-sink-glimage>[00m child 'gluploadelement0' changed state to 3(PAUSED) successfully
0:00:29.835391392 [34m 3435[00m 0x5d1b96686000 [36mINFO   [00m [00;01;31m          GST_STATES gstelement.c:2806:gst_element_continue_state:<autovideosink0-actual-sink-glimage>[00m completed state change to PAUSED
0:00:29.835397904 [34m 3435[00m 0x5d1b96686000 [36mINFO   [00m [00;01;31m          GST_STATES gstelement.c:2706:_priv_gst_element_state_changed:<autovideosink0-actual-sink-glimage>[00m notifying about state-changed PLAYING to PAUSED (VOID_PENDING pending)
0:00:29.835405893 [34m 3435[00m 0x5d1b96686000 [36mINFO   [00m [00;01;31m          GST_STATES gstbin.c:2928:gst_bin_change_state_func:<autovideosink0>[00m child 'autovideosink0-actual-sink-glimage' changed state to 3(PAUSED) successfully
0:00:29.835412899 [34m 3435[00m 0x5d1b96686000 [36mINFO   [00m [00;01;31m          GST_STATES gstelement.c:2806:gst_element_continue_state:<autovideosink0>[00m completed state change to PAUSED
0:00:29.835419035 [34m 3435[00m 0x5d1b96686000 [36mINFO   [00m [00;01;31m          GST_STATES gstelement.c:2706:_priv_gst_element_state_changed:<autovideosink0>[00m notifying about state-changed PLAYING to PAUSED (VOID_PENDING pending)
0:00:29.835426699 [34m 3435[00m 0x5d1b96686000 [36mINFO   [00m [00;01;31m          GST_STATES gstbin.c:2928:gst_bin_change_state_func:<pipeline0>[00m child 'autovideosink0' changed state to 3(PAUSED) successfully
0:00:29.835434799 [34m 3435[00m 0x5d1b96686000 [36mINFO   [00m [00;01;31m          GST_STATES gstbin.c:2479:gst_bin_element_set_state:<decodebin0>[00m current PLAYING pending VOID_PENDING, desired next PAUSED
0:00:29.835454810 [34m 3435[00m 0x5d1b96686000 [36mINFO   [00m [00;01;31m          GST_STATES gstbin.c:2479:gst_bin_element_set_state:<avdec_aac0>[00m current PLAYING pending VOID_PENDING, desired next PAUSED
0:00:29.835461518 [34m 3435[00m 0x5d1b96686000 [36mINFO   [00m [00;01;31m          GST_STATES gstelement.c:2806:gst_element_continue_state:<avdec_aac0>[00m completed state change to PAUSED
0:00:29.835467426 [34m 3435[00m 0x5d1b96686000 [36mINFO   [00m [00;01;31m          GST_STATES gstelement.c:2706:_priv_gst_element_state_changed:<avdec_aac0>[00m notifying about state-changed PLAYING to PAUSED (VOID_PENDING pending)
0:00:29.835475651 [34m 3435[00m 0x5d1b96686000 [36mINFO   [00m [00;01;31m          GST_STATES gstbin.c:2928:gst_bin_change_state_func:<decodebin0>[00m child 'avdec_aac0' changed state to 3(PAUSED) successfully
0:00:29.835487028 [34m 3435[00m 0x5d1b96686000 [36mINFO   [00m [00;01;31m          GST_STATES gstbin.c:2479:gst_bin_element_set_state:<aacparse0>[00m current PLAYING pending VOID_PENDING, desired next PAUSED
0:00:29.835493270 [34m 3435[00m 0x5d1b96686000 [36mINFO   [00m [00;01;31m          GST_STATES gstelement.c:2806:gst_element_continue_state:<aacparse0>[00m completed state change to PAUSED
0:00:29.835498921 [34m 3435[00m 0x5d1b96686000 [36mINFO   [00m [00;01;31m          GST_STATES gstelement.c:2706:_priv_gst_element_state_changed:<aacparse0>[00m notifying about state-changed PLAYING to PAUSED (VOID_PENDING pending)
0:00:29.835506086 [34m 3435[00m 0x5d1b96686000 [36mINFO   [00m [00;01;31m          GST_STATES gstbin.c:2928:gst_bin_change_state_func:<decodebin0>[00m child 'aacparse0' changed state to 3(PAUSED) successfully
0:00:29.835513329 [34m 3435[00m 0x5d1b96686000 [36mINFO   [00m [00;01;31m          GST_STATES gstbin.c:2479:gst_bin_element_set_state:<avdec_h264-0>[00m current PLAYING pending VOID_PENDING, desired next PAUSED
0:00:29.835519476 [34m 3435[00m 0x5d1b96686000 [36mINFO   [00m [00;01;31m          GST_STATES gstelement.c:2806:gst_element_continue_state:<avdec_h264-0>[00m completed state change to PAUSED
0:00:29.835525221 [34m 3435[00m 0x5d1b96686000 [36mINFO   [00m [00;01;31m          GST_STATES gstelement.c:2706:_priv_gst_element_state_changed:<avdec_h264-0>[00m notifying about state-changed PLAYING to PAUSED (VOID_PENDING pending)
0:00:29.835532109 [34m 3435[00m 0x5d1b96686000 [36mINFO   [00m [00;01;31m          GST_STATES gstbin.c:2928:gst_bin_change_state_func:<decodebin0>[00m child 'avdec_h264-0' changed state to 3(PAUSED) successfully
0:00:29.835538701 [34m 3435[00m 0x5d1b96686000 [36mINFO   [00m [00;01;31m          GST_STATES gstbin.c:2479:gst_bin_element_set_state:<capsfilter0>[00m current PLAYING pending VOID_PENDING, desired next PAUSED
0:00:29.835544276 [34m 3435[00m 0x5d1b96686000 [36mINFO   [00m [00;01;31m          GST_STATES gstelement.c:2806:gst_element_continue_state:<capsfilter0>[00m completed state change to PAUSED
0:00:29.835549831 [34m 3435[00m 0x5d1b96686000 [36mINFO   [00m [00;01;31m          GST_STATES gstelement.c:2706:_priv_gst_element_state_changed:<capsfilter0>[00m notifying about state-changed PLAYING to PAUSED (VOID_PENDING pending)
0:00:29.835557600 [34m 3435[00m 0x5d1b96686000 [36mINFO   [00m [00;01;31m          GST_STATES gstbin.c:2928:gst_bin_change_state_func:<decodebin0>[00m child 'capsfilter0' changed state to 3(PAUSED) successfully
0:00:29.835564416 [34m 3435[00m 0x5d1b96686000 [36mINFO   [00m [00;01;31m          GST_STATES gstbin.c:2479:gst_bin_element_set_state:<h264parse0>[00m current PLAYING pending VOID_PENDING, desired next PAUSED
0:00:29.835569915 [34m 3435[00m 0x5d1b96686000 [36mINFO   [00m [00;01;31m          GST_STATES gstelement.c:2806:gst_element_continue_state:<h264parse0>[00m completed state change to PAUSED
0:00:29.835575558 [34m 3435[00m 0x5d1b96686000 [36mINFO   [00m [00;01;31m          GST_STATES gstelement.c:2706:_priv_gst_element_state_changed:<h264parse0>[00m notifying about state-changed PLAYING to PAUSED (VOID_PENDING pending)
0:00:29.835582492 [34m 3435[00m 0x5d1b96686000 [36mINFO   [00m [00;01;31m          GST_STATES gstbin.c:2928:gst_bin_change_state_func:<decodebin0>[00m child 'h264parse0' changed state to 3(PAUSED) successfully
0:00:29.835589804 [34m 3435[00m 0x5d1b96686000 [36mINFO   [00m [00;01;31m          GST_STATES gstbin.c:2479:gst_bin_element_set_state:<multiqueue0>[00m current PLAYING pending VOID_PENDING, desired next PAUSED
0:00:29.835596058 [34m 3435[00m 0x5d1b96686000 [36mINFO   [00m [00;01;31m          GST_STATES gstelement.c:2806:gst_element_continue_state:<multiqueue0>[00m completed state change to PAUSED
0:00:29.835601729 [34m 3435[00m 0x5d1b96686000 [36mINFO   [00m [00;01;31m          GST_STATES gstelement.c:2706:_priv_gst_element_state_changed:<multiqueue0>[00m notifying about state-changed PLAYING to PAUSED (VOID_PENDING pending)
0:00:29.835611556 [34m 3435[00m 0x5d1b96686000 [36mINFO   [00m [00;01;31m          GST_STATES gstbin.c:2928:gst_bin_change_state_func:<decodebin0>[00m child 'multiqueue0' changed state to 3(PAUSED) successfully
0:00:29.835619145 [34m 3435[00m 0x5d1b96686000 [36mINFO   [00m [00;01;31m          GST_STATES gstbin.c:2479:gst_bin_element_set_state:<qtdemux0>[00m current PLAYING pending VOID_PENDING, desired next PAUSED
0:00:29.835625392 [34m 3435[00m 0x5d1b96686000 [36mINFO   [00m [00;01;31m          GST_STATES gstelement.c:2806:gst_element_continue_state:<qtdemux0>[00m completed state change to PAUSED
0:00:29.835630997 [34m 3435[00m 0x5d1b96686000 [36mINFO   [00m [00;01;31m          GST_STATES gstelement.c:2706:_priv_gst_element_state_changed:<qtdemux0>[00m notifying about state-changed PLAYING to PAUSED (VOID_PENDING pending)
0:00:29.835638049 [34m 3435[00m 0x5d1b96686000 [36mINFO   [00m [00;01;31m          GST_STATES gstbin.c:2928:gst_bin_change_state_func:<decodebin0>[00m child 'qtdemux0' changed state to 3(PAUSED) successfully
0:00:29.835644705 [34m 3435[00m 0x5d1b96686000 [36mINFO   [00m [00;01;31m          GST_STATES gstbin.c:2479:gst_bin_element_set_state:<typefind>[00m current PLAYING pending VOID_PENDING, desired next PAUSED
0:00:29.835650491 [34m 3435[00m 0x5d1b96686000 [36mINFO   [00m [00;01;31m          GST_STATES gstelement.c:2806:gst_element_continue_state:<typefind>[00m completed state change to PAUSED
0:00:29.835656107 [34m 3435[00m 0x5d1b96686000 [36mINFO   [00m [00;01;31m          GST_STATES gstelement.c:2706:_priv_gst_element_state_changed:<typefind>[00m notifying about state-changed PLAYING to PAUSED (VOID_PENDING pending)
0:00:29.835663077 [34m 3435[00m 0x5d1b96686000 [36mINFO   [00m [00;01;31m          GST_STATES gstbin.c:2928:gst_bin_change_state_func:<decodebin0>[00m child 'typefind' changed state to 3(PAUSED) successfully
0:00:29.835669513 [34m 3435[00m 0x5d1b96686000 [36mINFO   [00m [00;01;31m          GST_STATES gstelement.c:2806:gst_element_continue_state:<decodebin0>[00m completed state change to PAUSED
0:00:29.835675612 [34m 3435[00m 0x5d1b96686000 [36mINFO   [00m [00;01;31m          GST_STATES gstelement.c:2706:_priv_gst_element_state_changed:<decodebin0>[00m notifying about state-changed PLAYING to PAUSED (VOID_PENDING pending)
0:00:29.835682677 [34m 3435[00m 0x5d1b96686000 [36mINFO   [00m [00;01;31m          GST_STATES gstbin.c:2928:gst_bin_change_state_func:<pipeline0>[00m child 'decodebin0' changed state to 3(PAUSED) successfully
0:00:29.835689486 [34m 3435[00m 0x5d1b96686000 [36mINFO   [00m [00;01;31m          GST_STATES gstbin.c:2479:gst_bin_element_set_state:<filesrc0>[00m current PLAYING pending VOID_PENDING, desired next PAUSED
0:00:29.835695940 [34m 3435[00m 0x5d1b96686000 [36mINFO   [00m [00;01;31m          GST_STATES gstelement.c:2806:gst_element_continue_state:<filesrc0>[00m completed state change to PAUSED
0:00:29.835701612 [34m 3435[00m 0x5d1b96686000 [36mINFO   [00m [00;01;31m          GST_STATES gstelement.c:2706:_priv_gst_element_state_changed:<filesrc0>[00m notifying about state-changed PLAYING to PAUSED (VOID_PENDING pending)
0:00:29.835708667 [34m 3435[00m 0x5d1b96686000 [36mINFO   [00m [00;01;31m          GST_STATES gstbin.c:2928:gst_bin_change_state_func:<pipeline0>[00m child 'filesrc0' changed state to 3(PAUSED) successfully
0:00:29.835714776 [34m 3435[00m 0x5d1b96686000 [36mINFO   [00m [00;01m            pipeline gstpipeline.c:533:gst_pipeline_change_state:<pipeline0>[00m pipeline is not live
0:00:29.835723441 [34m 3435[00m 0x5d1b96686000 [36mINFO   [00m [00;01;31m          GST_STATES gstelement.c:2778:gst_element_continue_state:<pipeline0>[00m committing state from PLAYING to PAUSED, pending NULL, next READY
0:00:29.835729426 [34m 3435[00m 0x5d1b96686000 [36mINFO   [00m [00;01;31m          GST_STATES gstelement.c:2706:_priv_gst_element_state_changed:<pipeline0>[00m notifying about state-changed PLAYING to PAUSED (NULL pending)
0:00:29.835875150 [34m 3435[00m 0x5d1b96686000 [36mINFO   [00m [00;01;31m          GST_STATES gstbin.c:2069:gst_bin_get_state_func:<pipeline0>[00m getting state
0:00:29.835887447 [34m 3435[00m 0x5d1b96686000 [36mINFO   [00m [00;01;31m          GST_STATES gstelement.c:2522:gst_element_get_state_func:<pipeline0>[00m waiting for element to commit state
0:00:29.835893718 [34m 3435[00m 0x5d1b96686000 [36mINFO   [00m [00;01;31m          GST_STATES gstelement.c:2537:gst_element_get_state_func:<pipeline0>[00m timed out
0:00:29.835931693 [34m 3435[00m 0x5d1b96686000 [36mINFO   [00m [00;01;31m          GST_STATES gstbin.c:2069:gst_bin_get_state_func:<autovideosink0>[00m getting state
0:00:29.835993561 [34m 3435[00m 0x5d1b96686000 [36mINFO   [00m [00;01;31m          GST_STATES gstbin.c:2069:gst_bin_get_state_func:<autovideosink0-actual-sink-glimage>[00m getting state
0:00:29.836420183 [34m 3435[00m 0x5d1b96686000 [36mINFO   [00m [00;01;31m          GST_STATES gstbin.c:2069:gst_bin_get_state_func:<decodebin0>[00m getting state
0:00:29.837043486 [34m 3435[00m 0x5d1b96686000 [36mINFO   [00m [00;04m             default gstdebugutils.c:879:gst_debug_bin_to_dot_file:[00m wrote bin graph to : '/home/vboxuser/Documents/logs/DOT/0.00.29.835739139-gst-launch.PLAYING_PAUSED.dot'
0:00:29.837068225 [34m 3435[00m 0x5d1b96686000 [36mINFO   [00m [00;01;31m          GST_STATES gstelement.c:2786:gst_element_continue_state:<pipeline0>[00m continue state change PAUSED to READY, final NULL
0:00:29.837083265 [34m 3435[00m 0x5d1b96686000 [36mINFO   [00m [00;01;31m          GST_STATES gstbin.c:2479:gst_bin_element_set_state:<autovideosink0>[00m current PAUSED pending VOID_PENDING, desired next READY
0:00:29.837093707 [34m 3435[00m 0x5d1b96686000 [36mINFO   [00m [00;01;31m          GST_STATES gstbin.c:2479:gst_bin_element_set_state:<autovideosink0-actual-sink-glimage>[00m current PAUSED pending VOID_PENDING, desired next READY
0:00:29.837270073 [34m 3435[00m 0x5d1b96686000 [36mINFO   [00m [00;01;31m          GST_STATES gstbin.c:2479:gst_bin_element_set_state:<sink>[00m current PAUSED pending VOID_PENDING, desired next READY
0:00:29.838223361 [34m 3435[00m 0x5d1b96686000 [36mINFO   [00m [00;01;31m          GST_STATES gstelement.c:2806:gst_element_continue_state:<sink>[00m completed state change to READY
0:00:29.838247777 [34m 3435[00m 0x5d1b96686000 [36mINFO   [00m [00;01;31m          GST_STATES gstelement.c:2706:_priv_gst_element_state_changed:<sink>[00m notifying about state-changed PAUSED to READY (VOID_PENDING pending)
0:00:29.838262809 [34m 3435[00m 0x5d1b96686000 [36mINFO   [00m [00;01;31m          GST_STATES gstbin.c:2928:gst_bin_change_state_func:<autovideosink0-actual-sink-glimage>[00m child 'sink' changed state to 2(READY) successfully
0:00:29.838273210 [34m 3435[00m 0x5d1b96686000 [36mINFO   [00m [00;01;31m          GST_STATES gstbin.c:2479:gst_bin_element_set_state:<glcolorbalance0>[00m current PAUSED pending VOID_PENDING, desired next READY
0:00:29.840604090 [34m 3435[00m 0x5d1b96906120 [36mINFO   [00m [00m        glbasefilter gstglbasefilter.c:372:gst_gl_base_filter_gl_stop:<glcolorbalance0>[00m stopping
0:00:29.841120862 [34m 3435[00m 0x5d1b96686000 [36mINFO   [00m [00;01;31m          GST_STATES gstelement.c:2806:gst_element_continue_state:<glcolorbalance0>[00m completed state change to READY
0:00:29.841146560 [34m 3435[00m 0x5d1b96686000 [36mINFO   [00m [00;01;31m          GST_STATES gstelement.c:2706:_priv_gst_element_state_changed:<glcolorbalance0>[00m notifying about state-changed PAUSED to READY (VOID_PENDING pending)
0:00:29.841160889 [34m 3435[00m 0x5d1b96686000 [36mINFO   [00m [00;01;31m          GST_STATES gstbin.c:2928:gst_bin_change_state_func:<autovideosink0-actual-sink-glimage>[00m child 'glcolorbalance0' changed state to 2(READY) successfully
0:00:29.841171806 [34m 3435[00m 0x5d1b96686000 [36mINFO   [00m [00;01;31m          GST_STATES gstbin.c:2479:gst_bin_element_set_state:<glcolorconvertelement0>[00m current PAUSED pending VOID_PENDING, desired next READY
0:00:29.841292829 [34m 3435[00m 0x5d1b96906120 [36mINFO   [00m [00m        glbasefilter gstglbasefilter.c:372:gst_gl_base_filter_gl_stop:<glcolorconvertelement0>[00m stopping
0:00:29.843408447 [34m 3435[00m 0x5d1b96686000 [36mINFO   [00m [00;01;31m          GST_STATES gstelement.c:2806:gst_element_continue_state:<glcolorconvertelement0>[00m completed state change to READY
0:00:29.843437216 [34m 3435[00m 0x5d1b96686000 [36mINFO   [00m [00;01;31m          GST_STATES gstelement.c:2706:_priv_gst_element_state_changed:<glcolorconvertelement0>[00m notifying about state-changed PAUSED to READY (VOID_PENDING pending)
0:00:29.843451643 [34m 3435[00m 0x5d1b96686000 [36mINFO   [00m [00;01;31m          GST_STATES gstbin.c:2928:gst_bin_change_state_func:<autovideosink0-actual-sink-glimage>[00m child 'glcolorconvertelement0' changed state to 2(READY) successfully
0:00:29.843461448 [34m 3435[00m 0x5d1b96686000 [36mINFO   [00m [00;01;31m          GST_STATES gstbin.c:2479:gst_bin_element_set_state:<gluploadelement0>[00m current PAUSED pending VOID_PENDING, desired next READY
0:00:29.843737885 [34m 3435[00m 0x5d1b96906120 [36mINFO   [00m [00m        glbasefilter gstglbasefilter.c:372:gst_gl_base_filter_gl_stop:<gluploadelement0>[00m stopping
0:00:29.843983867 [34m 3435[00m 0x5d1b96686000 [36mINFO   [00m [00;01;31m          GST_STATES gstelement.c:2806:gst_element_continue_state:<gluploadelement0>[00m completed state change to READY
0:00:29.844004531 [34m 3435[00m 0x5d1b96686000 [36mINFO   [00m [00;01;31m          GST_STATES gstelement.c:2706:_priv_gst_element_state_changed:<gluploadelement0>[00m notifying about state-changed PAUSED to READY (VOID_PENDING pending)
0:00:29.844017583 [34m 3435[00m 0x5d1b96686000 [36mINFO   [00m [00;01;31m          GST_STATES gstbin.c:2928:gst_bin_change_state_func:<autovideosink0-actual-sink-glimage>[00m child 'gluploadelement0' changed state to 2(READY) successfully
0:00:29.844032483 [34m 3435[00m 0x5d1b96686000 [36mINFO   [00m [00;01;31m          GST_STATES gstelement.c:2806:gst_element_continue_state:<autovideosink0-actual-sink-glimage>[00m completed state change to READY
0:00:29.844039427 [34m 3435[00m 0x5d1b96686000 [36mINFO   [00m [00;01;31m          GST_STATES gstelement.c:2706:_priv_gst_element_state_changed:<autovideosink0-actual-sink-glimage>[00m notifying about state-changed PAUSED to READY (VOID_PENDING pending)
0:00:29.844047427 [34m 3435[00m 0x5d1b96686000 [36mINFO   [00m [00;01;31m          GST_STATES gstbin.c:2928:gst_bin_change_state_func:<autovideosink0>[00m child 'autovideosink0-actual-sink-glimage' changed state to 2(READY) successfully
0:00:29.844059765 [34m 3435[00m 0x5d1b96686000 [36mINFO   [00m [00;01;31m          GST_STATES gstelement.c:2806:gst_element_continue_state:<autovideosink0>[00m completed state change to READY
0:00:29.844066381 [34m 3435[00m 0x5d1b96686000 [36mINFO   [00m [00;01;31m          GST_STATES gstelement.c:2706:_priv_gst_element_state_changed:<autovideosink0>[00m notifying about state-changed PAUSED to READY (VOID_PENDING pending)
0:00:29.844074243 [34m 3435[00m 0x5d1b96686000 [36mINFO   [00m [00;01;31m          GST_STATES gstbin.c:2928:gst_bin_change_state_func:<pipeline0>[00m child 'autovideosink0' changed state to 2(READY) successfully
0:00:29.844083892 [34m 3435[00m 0x5d1b96686000 [36mINFO   [00m [00;01;31m          GST_STATES gstbin.c:2479:gst_bin_element_set_state:<decodebin0>[00m current PAUSED pending VOID_PENDING, desired next READY
0:00:29.844114006 [34m 3435[00m 0x5d1b96686000 [36mINFO   [00m [00;01;31m          GST_STATES gstbin.c:2479:gst_bin_element_set_state:<avdec_aac0>[00m current PAUSED pending VOID_PENDING, desired next READY
0:00:29.844362025 [34m 3435[00m 0x5d1b96686000 [36mINFO   [00m [00;01;31m          GST_STATES gstelement.c:2806:gst_element_continue_state:<avdec_aac0>[00m completed state change to READY
0:00:29.844370263 [34m 3435[00m 0x5d1b96686000 [36mINFO   [00m [00;01;31m          GST_STATES gstelement.c:2706:_priv_gst_element_state_changed:<avdec_aac0>[00m notifying about state-changed PAUSED to READY (VOID_PENDING pending)
0:00:29.844387087 [34m 3435[00m 0x5d1b96686000 [36mINFO   [00m [00;01;31m          GST_STATES gstbin.c:2928:gst_bin_change_state_func:<decodebin0>[00m child 'avdec_aac0' changed state to 2(READY) successfully
0:00:29.844395557 [34m 3435[00m 0x5d1b96686000 [36mINFO   [00m [00;01;31m          GST_STATES gstbin.c:2479:gst_bin_element_set_state:<aacparse0>[00m current PAUSED pending VOID_PENDING, desired next READY
0:00:29.844413175 [34m 3435[00m 0x5d1b96686000 [36mINFO   [00m [00m           baseparse gstbaseparse.c:4864:gst_base_parse_set_upstream_tags:<aacparse0>[00m upstream tags: (NULL)
0:00:29.844422195 [34m 3435[00m 0x5d1b96686000 [36mINFO   [00m [00;01;31m          GST_STATES gstelement.c:2806:gst_element_continue_state:<aacparse0>[00m completed state change to READY
0:00:29.844428373 [34m 3435[00m 0x5d1b96686000 [36mINFO   [00m [00;01;31m          GST_STATES gstelement.c:2706:_priv_gst_element_state_changed:<aacparse0>[00m notifying about state-changed PAUSED to READY (VOID_PENDING pending)
0:00:29.844435623 [34m 3435[00m 0x5d1b96686000 [36mINFO   [00m [00;01;31m          GST_STATES gstbin.c:2928:gst_bin_change_state_func:<decodebin0>[00m child 'aacparse0' changed state to 2(READY) successfully
0:00:29.844443690 [34m 3435[00m 0x5d1b96686000 [36mINFO   [00m [00;01;31m          GST_STATES gstbin.c:2479:gst_bin_element_set_state:<avdec_h264-0>[00m current PAUSED pending VOID_PENDING, desired next READY
0:00:29.862338259 [34m 3435[00m 0x5d1b96686000 [36mINFO   [00m [00;01;31m          GST_STATES gstelement.c:2806:gst_element_continue_state:<avdec_h264-0>[00m completed state change to READY
0:00:29.862382814 [34m 3435[00m 0x5d1b96686000 [36mINFO   [00m [00;01;31m          GST_STATES gstelement.c:2706:_priv_gst_element_state_changed:<avdec_h264-0>[00m notifying about state-changed PAUSED to READY (VOID_PENDING pending)
0:00:29.862402255 [34m 3435[00m 0x5d1b96686000 [36mINFO   [00m [00;01;31m          GST_STATES gstbin.c:2928:gst_bin_change_state_func:<decodebin0>[00m child 'avdec_h264-0' changed state to 2(READY) successfully
0:00:29.862414005 [34m 3435[00m 0x5d1b96686000 [36mINFO   [00m [00;01;31m          GST_STATES gstbin.c:2479:gst_bin_element_set_state:<capsfilter0>[00m current PAUSED pending VOID_PENDING, desired next READY
0:00:29.862437012 [34m 3435[00m 0x5d1b96686000 [36mINFO   [00m [00;01;31m          GST_STATES gstelement.c:2806:gst_element_continue_state:<capsfilter0>[00m completed state change to READY
0:00:29.862442505 [34m 3435[00m 0x5d1b96686000 [36mINFO   [00m [00;01;31m          GST_STATES gstelement.c:2706:_priv_gst_element_state_changed:<capsfilter0>[00m notifying about state-changed PAUSED to READY (VOID_PENDING pending)
0:00:29.862448540 [34m 3435[00m 0x5d1b96686000 [36mINFO   [00m [00;01;31m          GST_STATES gstbin.c:2928:gst_bin_change_state_func:<decodebin0>[00m child 'capsfilter0' changed state to 2(READY) successfully
0:00:29.862456110 [34m 3435[00m 0x5d1b96686000 [36mINFO   [00m [00;01;31m          GST_STATES gstbin.c:2479:gst_bin_element_set_state:<h264parse0>[00m current PAUSED pending VOID_PENDING, desired next READY
0:00:29.862486571 [34m 3435[00m 0x5d1b96686000 [36mINFO   [00m [00m           baseparse gstbaseparse.c:4864:gst_base_parse_set_upstream_tags:<h264parse0>[00m upstream tags: (NULL)
0:00:29.862495611 [34m 3435[00m 0x5d1b96686000 [36mINFO   [00m [00;01;31m          GST_STATES gstelement.c:2806:gst_element_continue_state:<h264parse0>[00m completed state change to READY
0:00:29.862503467 [34m 3435[00m 0x5d1b96686000 [36mINFO   [00m [00;01;31m          GST_STATES gstelement.c:2706:_priv_gst_element_state_changed:<h264parse0>[00m notifying about state-changed PAUSED to READY (VOID_PENDING pending)
0:00:29.862513286 [34m 3435[00m 0x5d1b96686000 [36mINFO   [00m [00;01;31m          GST_STATES gstbin.c:2928:gst_bin_change_state_func:<decodebin0>[00m child 'h264parse0' changed state to 2(READY) successfully
0:00:29.862536417 [34m 3435[00m 0x5d1b96686000 [36mINFO   [00m [00;01;31m          GST_STATES gstbin.c:2479:gst_bin_element_set_state:<multiqueue0>[00m current PAUSED pending VOID_PENDING, desired next READY
0:00:29.862918718 [34m 3435[00m 0x5d1b96686000 [36mINFO   [00m [00;01;31m          GST_STATES gstelement.c:2806:gst_element_continue_state:<multiqueue0>[00m completed state change to READY
0:00:29.862938724 [34m 3435[00m 0x5d1b96686000 [36mINFO   [00m [00;01;31m          GST_STATES gstelement.c:2706:_priv_gst_element_state_changed:<multiqueue0>[00m notifying about state-changed PAUSED to READY (VOID_PENDING pending)
0:00:29.862951216 [34m 3435[00m 0x5d1b96686000 [36mINFO   [00m [00;01;31m          GST_STATES gstbin.c:2928:gst_bin_change_state_func:<decodebin0>[00m child 'multiqueue0' changed state to 2(READY) successfully
0:00:29.862960392 [34m 3435[00m 0x5d1b96686000 [36mINFO   [00m [00;01;31m          GST_STATES gstbin.c:2479:gst_bin_element_set_state:<qtdemux0>[00m current PAUSED pending VOID_PENDING, desired next READY
0:00:29.862999261 [34m 3435[00m 0x5d1b96900700 [36mINFO   [00m [00m                task gsttask.c:370:gst_task_func:<typefind:sink>[00m Task resume from paused
0:00:29.863336143 [34m 3435[00m 0x771dfc0022a0 [36mINFO   [00m [00m                task gsttask.c:370:gst_task_func:<qtdemux0:sink>[00m Task resume from paused
0:00:29.863546516 [34m 3435[00m 0x5d1b96686000 [36mINFO   [00m [00;01;37;41m    GST_ELEMENT_PADS gstelement.c:875:gst_element_remove_pad:<qtdemux0>[00m removing pad 'video_0'
0:00:29.863565233 [34m 3435[00m 0x5d1b96686000 [36mINFO   [00m [00;01;37;41m    GST_ELEMENT_PADS gstpad.c:2137:gst_pad_unlink:[00m unlinking qtdemux0:video_0(0x771da40b0830) and multiqueue0:sink_0(0x771da40b0a80)
0:00:29.863575590 [34m 3435[00m 0x5d1b96686000 [36mINFO   [00m [00;01;37;41m    GST_ELEMENT_PADS gstpad.c:2192:gst_pad_unlink:[00m unlinked qtdemux0:video_0 and multiqueue0:sink_0
0:00:29.863591823 [34m 3435[00m 0x5d1b96686000 [36mINFO   [00m [00;01;37;41m    GST_ELEMENT_PADS gstelement.c:875:gst_element_remove_pad:<qtdemux0>[00m removing pad 'audio_0'
0:00:29.863597322 [34m 3435[00m 0x5d1b96686000 [36mINFO   [00m [00;01;37;41m    GST_ELEMENT_PADS gstpad.c:2137:gst_pad_unlink:[00m unlinking qtdemux0:audio_0(0x771da40b1d00) and multiqueue0:sink_1(0x771d98122110)
0:00:29.863602643 [34m 3435[00m 0x5d1b96686000 [36mINFO   [00m [00;01;37;41m    GST_ELEMENT_PADS gstpad.c:2192:gst_pad_unlink:[00m unlinked qtdemux0:audio_0 and multiqueue0:sink_1
0:00:29.863608407 [34m 3435[00m 0x5d1b96686000 [36mINFO   [00m [00;01;31m          GST_STATES gstelement.c:2806:gst_element_continue_state:<qtdemux0>[00m completed state change to READY
0:00:29.863613822 [34m 3435[00m 0x5d1b96686000 [36mINFO   [00m [00;01;31m          GST_STATES gstelement.c:2706:_priv_gst_element_state_changed:<qtdemux0>[00m notifying about state-changed PAUSED to READY (VOID_PENDING pending)
0:00:29.863621126 [34m 3435[00m 0x5d1b96686000 [36mINFO   [00m [00;01;31m          GST_STATES gstbin.c:2928:gst_bin_change_state_func:<decodebin0>[00m child 'qtdemux0' changed state to 2(READY) successfully
0:00:29.863632346 [34m 3435[00m 0x5d1b96686000 [36mINFO   [00m [00;01;31m          GST_STATES gstbin.c:2479:gst_bin_element_set_state:<avdec_aac0>[00m current READY pending VOID_PENDING, desired next READY
0:00:29.863636861 [34m 3435[00m 0x5d1b96686000 [36mINFO   [00m [00;01;31m          GST_STATES gstbin.c:2597:gst_bin_element_set_state:<avdec_aac0>[00m skipping transition from READY to  READY
0:00:29.863641489 [34m 3435[00m 0x5d1b96686000 [36mINFO   [00m [00;01;31m          GST_STATES gstbin.c:2928:gst_bin_change_state_func:<decodebin0>[00m child 'avdec_aac0' changed state to 2(READY) successfully
0:00:29.863646851 [34m 3435[00m 0x5d1b96686000 [36mINFO   [00m [00;01;31m          GST_STATES gstbin.c:2479:gst_bin_element_set_state:<aacparse0>[00m current READY pending VOID_PENDING, desired next READY
0:00:29.863657388 [34m 3435[00m 0x5d1b96686000 [36mINFO   [00m [00;01;31m          GST_STATES gstbin.c:2597:gst_bin_element_set_state:<aacparse0>[00m skipping transition from READY to  READY
0:00:29.863661823 [34m 3435[00m 0x5d1b96686000 [36mINFO   [00m [00;01;31m          GST_STATES gstbin.c:2928:gst_bin_change_state_func:<decodebin0>[00m child 'aacparse0' changed state to 2(READY) successfully
0:00:29.863667106 [34m 3435[00m 0x5d1b96686000 [36mINFO   [00m [00;01;31m          GST_STATES gstbin.c:2479:gst_bin_element_set_state:<avdec_h264-0>[00m current READY pending VOID_PENDING, desired next READY
0:00:29.863671385 [34m 3435[00m 0x5d1b96686000 [36mINFO   [00m [00;01;31m          GST_STATES gstbin.c:2597:gst_bin_element_set_state:<avdec_h264-0>[00m skipping transition from READY to  READY
0:00:29.863675692 [34m 3435[00m 0x5d1b96686000 [36mINFO   [00m [00;01;31m          GST_STATES gstbin.c:2928:gst_bin_change_state_func:<decodebin0>[00m child 'avdec_h264-0' changed state to 2(READY) successfully
0:00:29.863681066 [34m 3435[00m 0x5d1b96686000 [36mINFO   [00m [00;01;31m          GST_STATES gstbin.c:2479:gst_bin_element_set_state:<capsfilter0>[00m current READY pending VOID_PENDING, desired next READY
0:00:29.863685204 [34m 3435[00m 0x5d1b96686000 [36mINFO   [00m [00;01;31m          GST_STATES gstbin.c:2597:gst_bin_element_set_state:<capsfilter0>[00m skipping transition from READY to  READY
0:00:29.863689440 [34m 3435[00m 0x5d1b96686000 [36mINFO   [00m [00;01;31m          GST_STATES gstbin.c:2928:gst_bin_change_state_func:<decodebin0>[00m child 'capsfilter0' changed state to 2(READY) successfully
0:00:29.863694989 [34m 3435[00m 0x5d1b96686000 [36mINFO   [00m [00;01;31m          GST_STATES gstbin.c:2479:gst_bin_element_set_state:<h264parse0>[00m current READY pending VOID_PENDING, desired next READY
0:00:29.863699087 [34m 3435[00m 0x5d1b96686000 [36mINFO   [00m [00;01;31m          GST_STATES gstbin.c:2597:gst_bin_element_set_state:<h264parse0>[00m skipping transition from READY to  READY
0:00:29.863703290 [34m 3435[00m 0x5d1b96686000 [36mINFO   [00m [00;01;31m          GST_STATES gstbin.c:2928:gst_bin_change_state_func:<decodebin0>[00m child 'h264parse0' changed state to 2(READY) successfully
0:00:29.863707877 [34m 3435[00m 0x5d1b96686000 [36mINFO   [00m [00;01;31m          GST_STATES gstbin.c:2479:gst_bin_element_set_state:<multiqueue0>[00m current READY pending VOID_PENDING, desired next READY
0:00:29.863711958 [34m 3435[00m 0x5d1b96686000 [36mINFO   [00m [00;01;31m          GST_STATES gstbin.c:2597:gst_bin_element_set_state:<multiqueue0>[00m skipping transition from READY to  READY
0:00:29.863716178 [34m 3435[00m 0x5d1b96686000 [36mINFO   [00m [00;01;31m          GST_STATES gstbin.c:2928:gst_bin_change_state_func:<decodebin0>[00m child 'multiqueue0' changed state to 2(READY) successfully
0:00:29.863721115 [34m 3435[00m 0x5d1b96686000 [36mINFO   [00m [00;01;31m          GST_STATES gstbin.c:2479:gst_bin_element_set_state:<qtdemux0>[00m current READY pending VOID_PENDING, desired next READY
0:00:29.863725220 [34m 3435[00m 0x5d1b96686000 [36mINFO   [00m [00;01;31m          GST_STATES gstbin.c:2597:gst_bin_element_set_state:<qtdemux0>[00m skipping transition from READY to  READY
0:00:29.863729408 [34m 3435[00m 0x5d1b96686000 [36mINFO   [00m [00;01;31m          GST_STATES gstbin.c:2928:gst_bin_change_state_func:<decodebin0>[00m child 'qtdemux0' changed state to 2(READY) successfully
0:00:29.863734101 [34m 3435[00m 0x5d1b96686000 [36mINFO   [00m [00;01;31m          GST_STATES gstbin.c:2479:gst_bin_element_set_state:<typefind>[00m current PAUSED pending VOID_PENDING, desired next READY
0:00:29.863741445 [34m 3435[00m 0x5d1b96686000 [36mINFO   [00m [00;01;31m          GST_STATES gstelement.c:2806:gst_element_continue_state:<typefind>[00m completed state change to READY
0:00:29.863746271 [34m 3435[00m 0x5d1b96686000 [36mINFO   [00m [00;01;31m          GST_STATES gstelement.c:2706:_priv_gst_element_state_changed:<typefind>[00m notifying about state-changed PAUSED to READY (VOID_PENDING pending)
0:00:29.863754119 [34m 3435[00m 0x5d1b96686000 [36mINFO   [00m [00;01;31m          GST_STATES gstbin.c:2928:gst_bin_change_state_func:<decodebin0>[00m child 'typefind' changed state to 2(READY) successfully
0:00:29.863766039 [34m 3435[00m 0x5d1b96686000 [36mINFO   [00m [00;01;31m          GST_STATES gstelement.c:2806:gst_element_continue_state:<avdec_aac0>[00m completed state change to NULL
0:00:29.863770952 [34m 3435[00m 0x5d1b96686000 [36mINFO   [00m [00;01;31m          GST_STATES gstelement.c:2706:_priv_gst_element_state_changed:<avdec_aac0>[00m notifying about state-changed READY to NULL (VOID_PENDING pending)
0:00:29.863777025 [34m 3435[00m 0x5d1b96686000 [36mINFO   [00m [00;01;31m          GST_STATES gstelement.c:2806:gst_element_continue_state:<aacparse0>[00m completed state change to NULL
0:00:29.863781585 [34m 3435[00m 0x5d1b96686000 [36mINFO   [00m [00;01;31m          GST_STATES gstelement.c:2706:_priv_gst_element_state_changed:<aacparse0>[00m notifying about state-changed READY to NULL (VOID_PENDING pending)
0:00:29.863787539 [34m 3435[00m 0x5d1b96686000 [36mINFO   [00m [00;01;31m          GST_STATES gstelement.c:2806:gst_element_continue_state:<avdec_h264-0>[00m completed state change to NULL
0:00:29.863792095 [34m 3435[00m 0x5d1b96686000 [36mINFO   [00m [00;01;31m          GST_STATES gstelement.c:2706:_priv_gst_element_state_changed:<avdec_h264-0>[00m notifying about state-changed READY to NULL (VOID_PENDING pending)
0:00:29.863797594 [34m 3435[00m 0x5d1b96686000 [36mINFO   [00m [00;01;31m          GST_STATES gstelement.c:2806:gst_element_continue_state:<capsfilter0>[00m completed state change to NULL
0:00:29.863802404 [34m 3435[00m 0x5d1b96686000 [36mINFO   [00m [00;01;31m          GST_STATES gstelement.c:2706:_priv_gst_element_state_changed:<capsfilter0>[00m notifying about state-changed READY to NULL (VOID_PENDING pending)
0:00:29.863808301 [34m 3435[00m 0x5d1b96686000 [36mINFO   [00m [00;01;31m          GST_STATES gstelement.c:2806:gst_element_continue_state:<h264parse0>[00m completed state change to NULL
0:00:29.863812648 [34m 3435[00m 0x5d1b96686000 [36mINFO   [00m [00;01;31m          GST_STATES gstelement.c:2706:_priv_gst_element_state_changed:<h264parse0>[00m notifying about state-changed READY to NULL (VOID_PENDING pending)
0:00:29.863818313 [34m 3435[00m 0x5d1b96686000 [36mINFO   [00m [00;01;31m          GST_STATES gstelement.c:2806:gst_element_continue_state:<multiqueue0>[00m completed state change to NULL
0:00:29.863822674 [34m 3435[00m 0x5d1b96686000 [36mINFO   [00m [00;01;31m          GST_STATES gstelement.c:2706:_priv_gst_element_state_changed:<multiqueue0>[00m notifying about state-changed READY to NULL (VOID_PENDING pending)
0:00:29.863828014 [34m 3435[00m 0x5d1b96686000 [36mINFO   [00m [00;01;31m          GST_STATES gstelement.c:2806:gst_element_continue_state:<qtdemux0>[00m completed state change to NULL
0:00:29.863832304 [34m 3435[00m 0x5d1b96686000 [36mINFO   [00m [00;01;31m          GST_STATES gstelement.c:2706:_priv_gst_element_state_changed:<qtdemux0>[00m notifying about state-changed READY to NULL (VOID_PENDING pending)
0:00:29.863841936 [34m 3435[00m 0x5d1b96686000 [36mINFO   [00m [00;01;37;41m    GST_ELEMENT_PADS gstpad.c:2137:gst_pad_unlink:[00m unlinking aacparse0:src(0x771d98122800) and avdec_aac0:sink(0x771d98122a50)
0:00:29.863848144 [34m 3435[00m 0x5d1b96686000 [36mINFO   [00m [00;01;37;41m    GST_ELEMENT_PADS gstpad.c:2192:gst_pad_unlink:[00m unlinked aacparse0:src and avdec_aac0:sink
0:00:29.863856562 [34m 3435[00m 0x5d1b96686000 [36mINFO   [00m [00;01;37;41m    GST_ELEMENT_PADS gstpad.c:2137:gst_pad_unlink:[00m unlinking avdec_aac0:src(0x771d98122ca0) and src_1:proxypad5(0x5d1b96919370)
0:00:29.863861909 [34m 3435[00m 0x5d1b96686000 [36mINFO   [00m [00;01;37;41m    GST_ELEMENT_PADS gstpad.c:2192:gst_pad_unlink:[00m unlinked avdec_aac0:src and src_1:proxypad5
0:00:29.863868912 [34m 3435[00m 0x5d1b96686000 [36mINFO   [00m [00;01;37;41m       GST_PARENTAGE gstbin.c:1803:gst_bin_remove_func:<decodebin0>[00m removed child "avdec_aac0"
0:00:29.863881879 [34m 3435[00m 0x5d1b96686000 [36mINFO   [00m [00;01;37;41m    GST_ELEMENT_PADS gstpad.c:2137:gst_pad_unlink:[00m unlinking multiqueue0:src_1(0x771d98122360) and aacparse0:sink(0x771d981225b0)
0:00:29.863887369 [34m 3435[00m 0x5d1b96686000 [36mINFO   [00m [00;01;37;41m    GST_ELEMENT_PADS gstpad.c:2192:gst_pad_unlink:[00m unlinked multiqueue0:src_1 and aacparse0:sink
0:00:29.863892639 [34m 3435[00m 0x5d1b96686000 [36mINFO   [00m [00;01;37;41m       GST_PARENTAGE gstbin.c:1803:gst_bin_remove_func:<decodebin0>[00m removed child "aacparse0"
0:00:29.863898082 [34m 3435[00m 0x5d1b96686000 [36mINFO   [00m [00;01;37;41m    GST_ELEMENT_PADS gstelement.c:875:gst_element_remove_pad:<decodebin0>[00m removing pad 'src_1'
0:00:29.863908518 [34m 3435[00m 0x5d1b96686000 [36mINFO   [00m [00;01;37;41m    GST_ELEMENT_PADS gstpad.c:2137:gst_pad_unlink:[00m unlinking capsfilter0:src(0x771da40b1610) and avdec_h264-0:sink(0x771da40b1860)
0:00:29.863913973 [34m 3435[00m 0x5d1b96686000 [36mINFO   [00m [00;01;37;41m    GST_ELEMENT_PADS gstpad.c:2192:gst_pad_unlink:[00m unlinked capsfilter0:src and avdec_h264-0:sink
0:00:29.863920101 [34m 3435[00m 0x5d1b96686000 [36mINFO   [00m [00;01;37;41m    GST_ELEMENT_PADS gstpad.c:2137:gst_pad_unlink:[00m unlinking avdec_h264-0:src(0x771da40b1ab0) and src_0:proxypad4(0x5d1b969189f0)
0:00:29.863925045 [34m 3435[00m 0x5d1b96686000 [36mINFO   [00m [00;01;37;41m    GST_ELEMENT_PADS gstpad.c:2192:gst_pad_unlink:[00m unlinked avdec_h264-0:src and src_0:proxypad4
0:00:29.863929686 [34m 3435[00m 0x5d1b96686000 [36mINFO   [00m [00;01;37;41m       GST_PARENTAGE gstbin.c:1803:gst_bin_remove_func:<decodebin0>[00m removed child "avdec_h264-0"
0:00:29.863936040 [34m 3435[00m 0x5d1b96686000 [36mINFO   [00m [00;01;37;41m    GST_ELEMENT_PADS gstpad.c:2137:gst_pad_unlink:[00m unlinking h264parse0:src(0x771da40b1170) and capsfilter0:sink(0x771da40b13c0)
0:00:29.863941179 [34m 3435[00m 0x5d1b96686000 [36mINFO   [00m [00;01;37;41m    GST_ELEMENT_PADS gstpad.c:2192:gst_pad_unlink:[00m unlinked h264parse0:src and capsfilter0:sink
0:00:29.863946273 [34m 3435[00m 0x5d1b96686000 [36mINFO   [00m [00;01;37;41m       GST_PARENTAGE gstbin.c:1803:gst_bin_remove_func:<decodebin0>[00m removed child "capsfilter0"
0:00:29.863952700 [34m 3435[00m 0x5d1b96686000 [36mINFO   [00m [00;01;37;41m    GST_ELEMENT_PADS gstpad.c:2137:gst_pad_unlink:[00m unlinking multiqueue0:src_0(0x771da40b0cd0) and h264parse0:sink(0x771da40b0f20)
0:00:29.863957772 [34m 3435[00m 0x5d1b96686000 [36mINFO   [00m [00;01;37;41m    GST_ELEMENT_PADS gstpad.c:2192:gst_pad_unlink:[00m unlinked multiqueue0:src_0 and h264parse0:sink
0:00:29.863962897 [34m 3435[00m 0x5d1b96686000 [36mINFO   [00m [00;01;37;41m       GST_PARENTAGE gstbin.c:1803:gst_bin_remove_func:<decodebin0>[00m removed child "h264parse0"
0:00:29.863967986 [34m 3435[00m 0x5d1b96686000 [36mINFO   [00m [00;01;37;41m    GST_ELEMENT_PADS gstelement.c:875:gst_element_remove_pad:<decodebin0>[00m removing pad 'src_0'
0:00:29.863973855 [34m 3435[00m 0x5d1b96686000 [36mINFO   [00m [00;01;37;41m    GST_ELEMENT_PADS gstpad.c:2137:gst_pad_unlink:[00m unlinking decodebin0:src_0(0x5d1b9690cab0) and autovideosink0:sink(0x5d1b969142c0)
0:00:29.863979848 [34m 3435[00m 0x5d1b96686000 [36mINFO   [00m [00;01;37;41m    GST_ELEMENT_PADS gstpad.c:2192:gst_pad_unlink:[00m unlinked decodebin0:src_0 and autovideosink0:sink
0:00:29.863987859 [34m 3435[00m 0x5d1b96686000 [36mINFO   [00m [00;01;37;41m       GST_PARENTAGE gstbin.c:1803:gst_bin_remove_func:<decodebin0>[00m removed child "multiqueue0"
0:00:29.863996723 [34m 3435[00m 0x5d1b96686000 [36mINFO   [00m [00;01;37;41m    GST_ELEMENT_PADS gstpad.c:2137:gst_pad_unlink:[00m unlinking typefind:src(0x5d1b96904660) and qtdemux0:sink(0x5d1b96905d80)
0:00:29.864006957 [34m 3435[00m 0x5d1b96686000 [36mINFO   [00m [00;01;37;41m    GST_ELEMENT_PADS gstpad.c:2192:gst_pad_unlink:[00m unlinked typefind:src and qtdemux0:sink
0:00:29.864015184 [34m 3435[00m 0x5d1b96686000 [36mINFO   [00m [00;01;37;41m       GST_PARENTAGE gstbin.c:1803:gst_bin_remove_func:<decodebin0>[00m removed child "qtdemux0"
0:00:29.864032485 [34m 3435[00m 0x5d1b96686000 [36mINFO   [00m [00;01;31m          GST_STATES gstelement.c:2806:gst_element_continue_state:<avdec_aac0>[00m completed state change to NULL
0:00:29.864053872 [34m 3435[00m 0x5d1b96686000 [36mINFO   [00m [00;01;31m          GST_STATES gstelement.c:2806:gst_element_continue_state:<aacparse0>[00m completed state change to NULL
0:00:29.864063818 [34m 3435[00m 0x5d1b96686000 [36mINFO   [00m [00;01;31m          GST_STATES gstelement.c:2806:gst_element_continue_state:<avdec_h264-0>[00m completed state change to NULL
0:00:29.864070780 [34m 3435[00m 0x5d1b96686000 [36mINFO   [00m [00;01;31m          GST_STATES gstelement.c:2806:gst_element_continue_state:<capsfilter0>[00m completed state change to NULL
0:00:29.864249885 [34m 3435[00m 0x5d1b96686000 [36mINFO   [00m [00;01;31m          GST_STATES gstelement.c:2806:gst_element_continue_state:<h264parse0>[00m completed state change to NULL
0:00:29.864269149 [34m 3435[00m 0x5d1b96686000 [36mINFO   [00m [00;01;37;41m    GST_ELEMENT_PADS gstelement.c:875:gst_element_remove_pad:<multiqueue0>[00m removing pad 'src_1'
0:00:29.864278853 [34m 3435[00m 0x5d1b96686000 [36mINFO   [00m [00;01;37;41m    GST_ELEMENT_PADS gstelement.c:875:gst_element_remove_pad:<multiqueue0>[00m removing pad 'sink_1'
0:00:29.864291814 [34m 3435[00m 0x5d1b96686000 [36mINFO   [00m [00;01;37;41m    GST_ELEMENT_PADS gstelement.c:875:gst_element_remove_pad:<multiqueue0>[00m removing pad 'src_0'
0:00:29.864298593 [34m 3435[00m 0x5d1b96686000 [36mINFO   [00m [00;01;37;41m    GST_ELEMENT_PADS gstelement.c:875:gst_element_remove_pad:<multiqueue0>[00m removing pad 'sink_0'
0:00:29.864308310 [34m 3435[00m 0x5d1b96686000 [36mINFO   [00m [00;01;31m          GST_STATES gstelement.c:2806:gst_element_continue_state:<multiqueue0>[00m completed state change to NULL
0:00:29.864318172 [34m 3435[00m 0x5d1b96686000 [36mINFO   [00m [00;01;31m          GST_STATES gstelement.c:2806:gst_element_continue_state:<qtdemux0>[00m completed state change to NULL
0:00:29.864325735 [34m 3435[00m 0x5d1b96686000 [36mINFO   [00m [00;01;31m          GST_STATES gstelement.c:2806:gst_element_continue_state:<decodebin0>[00m completed state change to READY
0:00:29.864334493 [34m 3435[00m 0x5d1b96686000 [36mINFO   [00m [00;01;31m          GST_STATES gstelement.c:2706:_priv_gst_element_state_changed:<decodebin0>[00m notifying about state-changed PAUSED to READY (VOID_PENDING pending)
0:00:29.864346697 [34m 3435[00m 0x5d1b96686000 [36mINFO   [00m [00;01;31m          GST_STATES gstbin.c:2928:gst_bin_change_state_func:<pipeline0>[00m child 'decodebin0' changed state to 2(READY) successfully
0:00:29.864358666 [34m 3435[00m 0x5d1b96686000 [36mINFO   [00m [00;01;31m          GST_STATES gstbin.c:2479:gst_bin_element_set_state:<autovideosink0>[00m current READY pending VOID_PENDING, desired next READY
0:00:29.864373624 [34m 3435[00m 0x5d1b96686000 [36mINFO   [00m [00;01;31m          GST_STATES gstbin.c:2479:gst_bin_element_set_state:<autovideosink0-actual-sink-glimage>[00m current READY pending VOID_PENDING, desired next READY
0:00:29.864388836 [34m 3435[00m 0x5d1b96686000 [36mINFO   [00m [00;01;31m          GST_STATES gstbin.c:2479:gst_bin_element_set_state:<sink>[00m current READY pending VOID_PENDING, desired next READY
0:00:29.864396002 [34m 3435[00m 0x5d1b96686000 [36mINFO   [00m [00;01;31m          GST_STATES gstbin.c:2597:gst_bin_element_set_state:<sink>[00m skipping transition from READY to  READY
0:00:29.864400751 [34m 3435[00m 0x5d1b96686000 [36mINFO   [00m [00;01;31m          GST_STATES gstbin.c:2928:gst_bin_change_state_func:<autovideosink0-actual-sink-glimage>[00m child 'sink' changed state to 2(READY) successfully
0:00:29.864413333 [34m 3435[00m 0x5d1b96686000 [36mINFO   [00m [00;01;31m          GST_STATES gstbin.c:2479:gst_bin_element_set_state:<glcolorbalance0>[00m current READY pending VOID_PENDING, desired next READY
0:00:29.864417646 [34m 3435[00m 0x5d1b96686000 [36mINFO   [00m [00;01;31m          GST_STATES gstbin.c:2597:gst_bin_element_set_state:<glcolorbalance0>[00m skipping transition from READY to  READY
0:00:29.864422798 [34m 3435[00m 0x5d1b96686000 [36mINFO   [00m [00;01;31m          GST_STATES gstbin.c:2928:gst_bin_change_state_func:<autovideosink0-actual-sink-glimage>[00m child 'glcolorbalance0' changed state to 2(READY) successfully
0:00:29.864429906 [34m 3435[00m 0x5d1b96686000 [36mINFO   [00m [00;01;31m          GST_STATES gstbin.c:2479:gst_bin_element_set_state:<glcolorconvertelement0>[00m current READY pending VOID_PENDING, desired next READY
0:00:29.864434074 [34m 3435[00m 0x5d1b96686000 [36mINFO   [00m [00;01;31m          GST_STATES gstbin.c:2597:gst_bin_element_set_state:<glcolorconvertelement0>[00m skipping transition from READY to  READY
0:00:29.864440506 [34m 3435[00m 0x5d1b96686000 [36mINFO   [00m [00;01;31m          GST_STATES gstbin.c:2928:gst_bin_change_state_func:<autovideosink0-actual-sink-glimage>[00m child 'glcolorconvertelement0' changed state to 2(READY) successfully
0:00:29.864446277 [34m 3435[00m 0x5d1b96686000 [36mINFO   [00m [00;01;31m          GST_STATES gstbin.c:2479:gst_bin_element_set_state:<gluploadelement0>[00m current READY pending VOID_PENDING, desired next READY
0:00:29.864450251 [34m 3435[00m 0x5d1b96686000 [36mINFO   [00m [00;01;31m          GST_STATES gstbin.c:2597:gst_bin_element_set_state:<gluploadelement0>[00m skipping transition from READY to  READY
0:00:29.864456325 [34m 3435[00m 0x5d1b96686000 [36mINFO   [00m [00;01;31m          GST_STATES gstbin.c:2928:gst_bin_change_state_func:<autovideosink0-actual-sink-glimage>[00m child 'gluploadelement0' changed state to 2(READY) successfully
0:00:29.864460926 [34m 3435[00m 0x5d1b96686000 [36mINFO   [00m [00;01;31m          GST_STATES gstelement.c:2806:gst_element_continue_state:<autovideosink0-actual-sink-glimage>[00m completed state change to READY
0:00:29.864465875 [34m 3435[00m 0x5d1b96686000 [36mINFO   [00m [00;01;31m          GST_STATES gstbin.c:2928:gst_bin_change_state_func:<autovideosink0>[00m child 'autovideosink0-actual-sink-glimage' changed state to 2(READY) successfully
0:00:29.864470298 [34m 3435[00m 0x5d1b96686000 [36mINFO   [00m [00;01;31m          GST_STATES gstelement.c:2806:gst_element_continue_state:<autovideosink0>[00m completed state change to READY
0:00:29.864476455 [34m 3435[00m 0x5d1b96686000 [36mINFO   [00m [00;01;31m          GST_STATES gstbin.c:2928:gst_bin_change_state_func:<pipeline0>[00m child 'autovideosink0' changed state to 2(READY) successfully
0:00:29.864481356 [34m 3435[00m 0x5d1b96686000 [36mINFO   [00m [00;01;31m          GST_STATES gstbin.c:2479:gst_bin_element_set_state:<decodebin0>[00m current READY pending VOID_PENDING, desired next READY
0:00:29.864487995 [34m 3435[00m 0x5d1b96686000 [36mINFO   [00m [00;01;31m          GST_STATES gstbin.c:2479:gst_bin_element_set_state:<typefind>[00m current READY pending VOID_PENDING, desired next READY
0:00:29.864492264 [34m 3435[00m 0x5d1b96686000 [36mINFO   [00m [00;01;31m          GST_STATES gstbin.c:2597:gst_bin_element_set_state:<typefind>[00m skipping transition from READY to  READY
0:00:29.864496567 [34m 3435[00m 0x5d1b96686000 [36mINFO   [00m [00;01;31m          GST_STATES gstbin.c:2928:gst_bin_change_state_func:<decodebin0>[00m child 'typefind' changed state to 2(READY) successfully
0:00:29.864500695 [34m 3435[00m 0x5d1b96686000 [36mINFO   [00m [00;01;31m          GST_STATES gstelement.c:2806:gst_element_continue_state:<decodebin0>[00m completed state change to READY
0:00:29.864505364 [34m 3435[00m 0x5d1b96686000 [36mINFO   [00m [00;01;31m          GST_STATES gstbin.c:2928:gst_bin_change_state_func:<pipeline0>[00m child 'decodebin0' changed state to 2(READY) successfully
0:00:29.864512118 [34m 3435[00m 0x5d1b96686000 [36mINFO   [00m [00;01;31m          GST_STATES gstbin.c:2479:gst_bin_element_set_state:<filesrc0>[00m current PAUSED pending VOID_PENDING, desired next READY
0:00:29.864517588 [34m 3435[00m 0x5d1b96686000 [36mINFO   [00m [00;01;31m          GST_STATES gstelement.c:2806:gst_element_continue_state:<filesrc0>[00m completed state change to READY
0:00:29.864522266 [34m 3435[00m 0x5d1b96686000 [36mINFO   [00m [00;01;31m          GST_STATES gstelement.c:2706:_priv_gst_element_state_changed:<filesrc0>[00m notifying about state-changed PAUSED to READY (VOID_PENDING pending)
0:00:29.864528284 [34m 3435[00m 0x5d1b96686000 [36mINFO   [00m [00;01;31m          GST_STATES gstbin.c:2928:gst_bin_change_state_func:<pipeline0>[00m child 'filesrc0' changed state to 2(READY) successfully
0:00:29.864534363 [34m 3435[00m 0x5d1b96686000 [36mINFO   [00m [00;01;31m          GST_STATES gstelement.c:2778:gst_element_continue_state:<pipeline0>[00m committing state from PAUSED to READY, pending NULL, next NULL
0:00:29.864539004 [34m 3435[00m 0x5d1b96686000 [36mINFO   [00m [00;01;31m          GST_STATES gstelement.c:2706:_priv_gst_element_state_changed:<pipeline0>[00m notifying about state-changed PAUSED to READY (NULL pending)
0:00:29.864654292 [34m 3435[00m 0x5d1b96686000 [36mINFO   [00m [00;01;31m          GST_STATES gstbin.c:2069:gst_bin_get_state_func:<pipeline0>[00m getting state
0:00:29.864667203 [34m 3435[00m 0x5d1b96686000 [36mINFO   [00m [00;01;31m          GST_STATES gstelement.c:2522:gst_element_get_state_func:<pipeline0>[00m waiting for element to commit state
0:00:29.864675414 [34m 3435[00m 0x5d1b96686000 [36mINFO   [00m [00;01;31m          GST_STATES gstelement.c:2537:gst_element_get_state_func:<pipeline0>[00m timed out
0:00:29.864714458 [34m 3435[00m 0x5d1b96686000 [36mINFO   [00m [00;01;31m          GST_STATES gstbin.c:2069:gst_bin_get_state_func:<autovideosink0>[00m getting state
0:00:29.864773040 [34m 3435[00m 0x5d1b96686000 [36mINFO   [00m [00;01;31m          GST_STATES gstbin.c:2069:gst_bin_get_state_func:<autovideosink0-actual-sink-glimage>[00m getting state
0:00:29.865203041 [34m 3435[00m 0x5d1b96686000 [36mINFO   [00m [00;01;31m          GST_STATES gstbin.c:2069:gst_bin_get_state_func:<decodebin0>[00m getting state
0:00:29.865409925 [34m 3435[00m 0x5d1b96686000 [36mINFO   [00m [00;04m             default gstdebugutils.c:879:gst_debug_bin_to_dot_file:[00m wrote bin graph to : '/home/vboxuser/Documents/logs/DOT/0.00.29.864544830-gst-launch.PAUSED_READY.dot'
0:00:29.865425750 [34m 3435[00m 0x5d1b96686000 [36mINFO   [00m [00;01;31m          GST_STATES gstelement.c:2786:gst_element_continue_state:<pipeline0>[00m continue state change READY to NULL, final NULL
0:00:29.865436447 [34m 3435[00m 0x5d1b96686000 [36mINFO   [00m [00;01;31m          GST_STATES gstbin.c:2479:gst_bin_element_set_state:<autovideosink0>[00m current READY pending VOID_PENDING, desired next NULL
0:00:29.865444262 [34m 3435[00m 0x5d1b96686000 [36mINFO   [00m [00;01;31m          GST_STATES gstbin.c:2479:gst_bin_element_set_state:<autovideosink0-actual-sink-glimage>[00m current READY pending VOID_PENDING, desired next NULL
0:00:29.865451510 [34m 3435[00m 0x5d1b96686000 [36mINFO   [00m [00;01;31m          GST_STATES gstbin.c:2479:gst_bin_element_set_state:<sink>[00m current READY pending VOID_PENDING, desired next NULL
0:00:29.866051262 [34m 3435[00m 0x5d1b96686000 [36mINFO   [00m [00m           glcontext gstglcontext.c:696:gst_gl_context_finalize:<glcontextegl1>[00m send quit gl window loop
0:00:29.866112564 [34m 3435[00m 0x5d1b96686000 [36mINFO   [00m [00m            glwindow gstglwindow.c:616:gst_gl_window_quit:[00m quit sent to gl window loop
0:00:29.866123612 [34m 3435[00m 0x5d1b96686000 [36mINFO   [00m [00m           glcontext gstglcontext.c:699:gst_gl_context_finalize:<glcontextegl1>[00m joining gl thread
0:00:29.866154838 [34m 3435[00m 0x5d1b96906120 [36mINFO   [00m [00m           glcontext gstglcontext.c:1394:gst_gl_context_create_thread:<glcontextegl1>[00m loop exited
0:00:29.870370768 [34m 3435[00m 0x5d1b96686000 [36mINFO   [00m [00m           glcontext gstglcontext.c:702:gst_gl_context_finalize:<glcontextegl1>[00m gl thread joined
0:00:29.871024102 [34m 3435[00m 0x5d1b96686000 [36mINFO   [00m [00;01;31m          GST_STATES gstelement.c:2806:gst_element_continue_state:<sink>[00m completed state change to NULL
0:00:29.871049008 [34m 3435[00m 0x5d1b96686000 [36mINFO   [00m [00;01;31m          GST_STATES gstelement.c:2706:_priv_gst_element_state_changed:<sink>[00m notifying about state-changed READY to NULL (VOID_PENDING pending)
0:00:29.871068457 [34m 3435[00m 0x5d1b96686000 [36mINFO   [00m [00;01;31m          GST_STATES gstbin.c:2928:gst_bin_change_state_func:<autovideosink0-actual-sink-glimage>[00m child 'sink' changed state to 1(NULL) successfully
0:00:29.871080055 [34m 3435[00m 0x5d1b96686000 [36mINFO   [00m [00;01;31m          GST_STATES gstbin.c:2479:gst_bin_element_set_state:<glcolorbalance0>[00m current READY pending VOID_PENDING, desired next NULL
0:00:29.871090629 [34m 3435[00m 0x5d1b96686000 [36mINFO   [00m [00;01;31m          GST_STATES gstelement.c:2806:gst_element_continue_state:<glcolorbalance0>[00m completed state change to NULL
0:00:29.871095588 [34m 3435[00m 0x5d1b96686000 [36mINFO   [00m [00;01;31m          GST_STATES gstelement.c:2706:_priv_gst_element_state_changed:<glcolorbalance0>[00m notifying about state-changed READY to NULL (VOID_PENDING pending)
0:00:29.871102078 [34m 3435[00m 0x5d1b96686000 [36mINFO   [00m [00;01;31m          GST_STATES gstbin.c:2928:gst_bin_change_state_func:<autovideosink0-actual-sink-glimage>[00m child 'glcolorbalance0' changed state to 1(NULL) successfully
0:00:29.871108353 [34m 3435[00m 0x5d1b96686000 [36mINFO   [00m [00;01;31m          GST_STATES gstbin.c:2479:gst_bin_element_set_state:<glcolorconvertelement0>[00m current READY pending VOID_PENDING, desired next NULL
0:00:29.871114681 [34m 3435[00m 0x5d1b96686000 [36mINFO   [00m [00;01;31m          GST_STATES gstelement.c:2806:gst_element_continue_state:<glcolorconvertelement0>[00m completed state change to NULL
0:00:29.871119520 [34m 3435[00m 0x5d1b96686000 [36mINFO   [00m [00;01;31m          GST_STATES gstelement.c:2706:_priv_gst_element_state_changed:<glcolorconvertelement0>[00m notifying about state-changed READY to NULL (VOID_PENDING pending)
0:00:29.871126363 [34m 3435[00m 0x5d1b96686000 [36mINFO   [00m [00;01;31m          GST_STATES gstbin.c:2928:gst_bin_change_state_func:<autovideosink0-actual-sink-glimage>[00m child 'glcolorconvertelement0' changed state to 1(NULL) successfully
0:00:29.871132220 [34m 3435[00m 0x5d1b96686000 [36mINFO   [00m [00;01;31m          GST_STATES gstbin.c:2479:gst_bin_element_set_state:<gluploadelement0>[00m current READY pending VOID_PENDING, desired next NULL
0:00:29.871137917 [34m 3435[00m 0x5d1b96686000 [36mINFO   [00m [00;01;31m          GST_STATES gstelement.c:2806:gst_element_continue_state:<gluploadelement0>[00m completed state change to NULL
0:00:29.871142346 [34m 3435[00m 0x5d1b96686000 [36mINFO   [00m [00;01;31m          GST_STATES gstelement.c:2706:_priv_gst_element_state_changed:<gluploadelement0>[00m notifying about state-changed READY to NULL (VOID_PENDING pending)
0:00:29.871148287 [34m 3435[00m 0x5d1b96686000 [36mINFO   [00m [00;01;31m          GST_STATES gstbin.c:2928:gst_bin_change_state_func:<autovideosink0-actual-sink-glimage>[00m child 'gluploadelement0' changed state to 1(NULL) successfully
0:00:29.871153966 [34m 3435[00m 0x5d1b96686000 [36mINFO   [00m [00;01;31m          GST_STATES gstelement.c:2806:gst_element_continue_state:<autovideosink0-actual-sink-glimage>[00m completed state change to NULL
0:00:29.871158893 [34m 3435[00m 0x5d1b96686000 [36mINFO   [00m [00;01;31m          GST_STATES gstelement.c:2706:_priv_gst_element_state_changed:<autovideosink0-actual-sink-glimage>[00m notifying about state-changed READY to NULL (VOID_PENDING pending)
0:00:29.871173523 [34m 3435[00m 0x5d1b96686000 [36mINFO   [00m [00;01;31m          GST_STATES gstbin.c:2928:gst_bin_change_state_func:<autovideosink0>[00m child 'autovideosink0-actual-sink-glimage' changed state to 1(NULL) successfully
0:00:29.871185195 [34m 3435[00m 0x5d1b96686000 [36mINFO   [00m [00;01;31m          GST_STATES gstbin.c:2479:gst_bin_element_set_state:<sink>[00m current NULL pending VOID_PENDING, desired next NULL
0:00:29.871189824 [34m 3435[00m 0x5d1b96686000 [36mINFO   [00m [00;01;31m          GST_STATES gstbin.c:2597:gst_bin_element_set_state:<sink>[00m skipping transition from NULL to  NULL
0:00:29.871194417 [34m 3435[00m 0x5d1b96686000 [36mINFO   [00m [00;01;31m          GST_STATES gstbin.c:2928:gst_bin_change_state_func:<autovideosink0-actual-sink-glimage>[00m child 'sink' changed state to 1(NULL) successfully
0:00:29.871199410 [34m 3435[00m 0x5d1b96686000 [36mINFO   [00m [00;01;31m          GST_STATES gstbin.c:2479:gst_bin_element_set_state:<glcolorbalance0>[00m current NULL pending VOID_PENDING, desired next NULL
0:00:29.871203828 [34m 3435[00m 0x5d1b96686000 [36mINFO   [00m [00;01;31m          GST_STATES gstbin.c:2597:gst_bin_element_set_state:<glcolorbalance0>[00m skipping transition from NULL to  NULL
0:00:29.871208191 [34m 3435[00m 0x5d1b96686000 [36mINFO   [00m [00;01;31m          GST_STATES gstbin.c:2928:gst_bin_change_state_func:<autovideosink0-actual-sink-glimage>[00m child 'glcolorbalance0' changed state to 1(NULL) successfully
0:00:29.871213134 [34m 3435[00m 0x5d1b96686000 [36mINFO   [00m [00;01;31m          GST_STATES gstbin.c:2479:gst_bin_element_set_state:<glcolorconvertelement0>[00m current NULL pending VOID_PENDING, desired next NULL
0:00:29.871217568 [34m 3435[00m 0x5d1b96686000 [36mINFO   [00m [00;01;31m          GST_STATES gstbin.c:2597:gst_bin_element_set_state:<glcolorconvertelement0>[00m skipping transition from NULL to  NULL
0:00:29.871222169 [34m 3435[00m 0x5d1b96686000 [36mINFO   [00m [00;01;31m          GST_STATES gstbin.c:2928:gst_bin_change_state_func:<autovideosink0-actual-sink-glimage>[00m child 'glcolorconvertelement0' changed state to 1(NULL) successfully
0:00:29.871226930 [34m 3435[00m 0x5d1b96686000 [36mINFO   [00m [00;01;31m          GST_STATES gstbin.c:2479:gst_bin_element_set_state:<gluploadelement0>[00m current NULL pending VOID_PENDING, desired next NULL
0:00:29.871231071 [34m 3435[00m 0x5d1b96686000 [36mINFO   [00m [00;01;31m          GST_STATES gstbin.c:2597:gst_bin_element_set_state:<gluploadelement0>[00m skipping transition from NULL to  NULL
0:00:29.871235433 [34m 3435[00m 0x5d1b96686000 [36mINFO   [00m [00;01;31m          GST_STATES gstbin.c:2928:gst_bin_change_state_func:<autovideosink0-actual-sink-glimage>[00m child 'gluploadelement0' changed state to 1(NULL) successfully
0:00:29.871239583 [34m 3435[00m 0x5d1b96686000 [36mINFO   [00m [00;01;31m          GST_STATES gstelement.c:2806:gst_element_continue_state:<autovideosink0-actual-sink-glimage>[00m completed state change to NULL
0:00:29.871249599 [34m 3435[00m 0x5d1b96686000 [36mINFO   [00m [00;01;37;41m    GST_ELEMENT_PADS gstpad.c:2137:gst_pad_unlink:[00m unlinking sink:proxypad1(0x5d1b969182d0) and autovideosink0-actual-sink-glimage:sink(0x5d1b96914530)
0:00:29.871259048 [34m 3435[00m 0x5d1b96686000 [36mINFO   [00m [00;01;37;41m    GST_ELEMENT_PADS gstpad.c:2192:gst_pad_unlink:[00m unlinked sink:proxypad1 and autovideosink0-actual-sink-glimage:sink
0:00:29.871263610 [34m 3435[00m 0x5d1b96686000 [36mINFO   [00m [00;01;37;41m       GST_PARENTAGE gstbin.c:1803:gst_bin_remove_func:<autovideosink0>[00m removed child "autovideosink0-actual-sink-glimage"
0:00:29.871283777 [34m 3435[00m 0x5d1b96686000 [36mINFO   [00m [00;01;37;41m GST_ELEMENT_FACTORY gstelementfactory.c:489:gst_element_factory_create_with_properties:[00m creating element "fakesink"
0:00:29.871305684 [34m 3435[00m 0x5d1b96686000 [36mINFO   [00m [00;01;37;41m    GST_ELEMENT_PADS gstelement.c:759:gst_element_add_pad:<GstBaseSink@0x5d1b969587b0>[00m adding pad 'sink'
0:00:29.871323372 [34m 3435[00m 0x5d1b96686000 [36mINFO   [00m [00;01;37;41m    GST_ELEMENT_PADS gstelement.c:1016:gst_element_get_static_pad:[00m found pad fake-video-sink:sink
0:00:29.871329711 [34m 3435[00m 0x5d1b96686000 [36mINFO   [00m [00;01;31;44m            GST_PADS gstpad.c:2382:gst_pad_link_prepare:[00m trying to link sink:proxypad1 and fake-video-sink:sink
0:00:29.871335326 [34m 3435[00m 0x5d1b96686000 [36mINFO   [00m [00;01;31;44m            GST_PADS gstpad.c:2590:gst_pad_link_full:[00m linked sink:proxypad1 and fake-video-sink:sink, successful
0:00:29.871339352 [34m 3435[00m 0x5d1b96686000 [36mINFO   [00m [00;01;34m           GST_EVENT gstevent.c:1660:gst_event_new_reconfigure:[00m creating reconfigure event
0:00:29.871344685 [34m 3435[00m 0x5d1b96686000 [36mINFO   [00m [00;01;34m           GST_EVENT gstpad.c:5946:gst_pad_send_event_unchecked:<sink:proxypad1>[00m Received event on flushing pad. Discarding
0:00:29.871349351 [34m 3435[00m 0x5d1b96686000 [36mINFO   [00m [00;01;31m          GST_STATES gstelement.c:2806:gst_element_continue_state:<autovideosink0>[00m completed state change to NULL
0:00:29.871353931 [34m 3435[00m 0x5d1b96686000 [36mINFO   [00m [00;01;31m          GST_STATES gstelement.c:2706:_priv_gst_element_state_changed:<autovideosink0>[00m notifying about state-changed READY to NULL (VOID_PENDING pending)
0:00:29.871360145 [34m 3435[00m 0x5d1b96686000 [36mINFO   [00m [00;01;31m          GST_STATES gstbin.c:2928:gst_bin_change_state_func:<pipeline0>[00m child 'autovideosink0' changed state to 1(NULL) successfully
0:00:29.871366983 [34m 3435[00m 0x5d1b96686000 [36mINFO   [00m [00;01;31m          GST_STATES gstbin.c:2479:gst_bin_element_set_state:<decodebin0>[00m current READY pending VOID_PENDING, desired next NULL
0:00:29.871375921 [34m 3435[00m 0x5d1b96686000 [36mINFO   [00m [00;01;31m          GST_STATES gstbin.c:2479:gst_bin_element_set_state:<typefind>[00m current READY pending VOID_PENDING, desired next NULL
0:00:29.871382324 [34m 3435[00m 0x5d1b96686000 [36mINFO   [00m [00;01;31m          GST_STATES gstelement.c:2806:gst_element_continue_state:<typefind>[00m completed state change to NULL
0:00:29.871386953 [34m 3435[00m 0x5d1b96686000 [36mINFO   [00m [00;01;31m          GST_STATES gstelement.c:2706:_priv_gst_element_state_changed:<typefind>[00m notifying about state-changed READY to NULL (VOID_PENDING pending)
0:00:29.871392956 [34m 3435[00m 0x5d1b96686000 [36mINFO   [00m [00;01;31m          GST_STATES gstbin.c:2928:gst_bin_change_state_func:<decodebin0>[00m child 'typefind' changed state to 1(NULL) successfully
0:00:29.871398065 [34m 3435[00m 0x5d1b96686000 [36mINFO   [00m [00;01;31m          GST_STATES gstelement.c:2806:gst_element_continue_state:<decodebin0>[00m completed state change to NULL
0:00:29.871402565 [34m 3435[00m 0x5d1b96686000 [36mINFO   [00m [00;01;31m          GST_STATES gstelement.c:2706:_priv_gst_element_state_changed:<decodebin0>[00m notifying about state-changed READY to NULL (VOID_PENDING pending)
0:00:29.871407867 [34m 3435[00m 0x5d1b96686000 [36mINFO   [00m [00;01;31m          GST_STATES gstbin.c:2928:gst_bin_change_state_func:<pipeline0>[00m child 'decodebin0' changed state to 1(NULL) successfully
0:00:29.871412673 [34m 3435[00m 0x5d1b96686000 [36mINFO   [00m [00;01;31m          GST_STATES gstbin.c:2479:gst_bin_element_set_state:<filesrc0>[00m current READY pending VOID_PENDING, desired next NULL
0:00:29.871422355 [34m 3435[00m 0x5d1b96686000 [36mINFO   [00m [00;01;31m          GST_STATES gstelement.c:2806:gst_element_continue_state:<filesrc0>[00m completed state change to NULL
0:00:29.871426613 [34m 3435[00m 0x5d1b96686000 [36mINFO   [00m [00;01;31m          GST_STATES gstelement.c:2706:_priv_gst_element_state_changed:<filesrc0>[00m notifying about state-changed READY to NULL (VOID_PENDING pending)
0:00:29.871432003 [34m 3435[00m 0x5d1b96686000 [36mINFO   [00m [00;01;31m          GST_STATES gstbin.c:2928:gst_bin_change_state_func:<pipeline0>[00m child 'filesrc0' changed state to 1(NULL) successfully
0:00:29.871482131 [34m 3435[00m 0x5d1b96686000 [36mINFO   [00m [00;01;31;44m     GST_REFCOUNTING gstelement.c:3382:gst_element_dispose:<qtdemux0>[00m 0x771da40ac1c0 dispose
0:00:29.871487643 [34m 3435[00m 0x5d1b96686000 [36mINFO   [00m [00;01;37;41m    GST_ELEMENT_PADS gstelement.c:875:gst_element_remove_pad:<qtdemux0>[00m removing pad 'sink'
0:00:29.871494726 [34m 3435[00m 0x5d1b96686000 [36mINFO   [00m [00;01;31;44m     GST_REFCOUNTING gstelement.c:3428:gst_element_dispose:<qtdemux0>[00m 0x771da40ac1c0 parent class dispose
0:00:29.871500025 [34m 3435[00m 0x5d1b96686000 [36mINFO   [00m [00;01;31;44m     GST_REFCOUNTING gstelement.c:3460:gst_element_finalize:<qtdemux0>[00m 0x771da40ac1c0 finalize
0:00:29.871504629 [34m 3435[00m 0x5d1b96686000 [36mINFO   [00m [00;01;31;44m     GST_REFCOUNTING gstelement.c:3465:gst_element_finalize:<qtdemux0>[00m 0x771da40ac1c0 finalize parent
0:00:29.871509649 [34m 3435[00m 0x5d1b96686000 [36mINFO   [00m [00;01;31;44m     GST_REFCOUNTING gstelement.c:3382:gst_element_dispose:<multiqueue0>[00m 0x771d98026000 dispose
0:00:29.871513768 [34m 3435[00m 0x5d1b96686000 [36mINFO   [00m [00;01;31;44m     GST_REFCOUNTING gstelement.c:3428:gst_element_dispose:<multiqueue0>[00m 0x771d98026000 parent class dispose
0:00:29.871518439 [34m 3435[00m 0x5d1b96686000 [36mINFO   [00m [00;01;31;44m     GST_REFCOUNTING gstelement.c:3460:gst_element_finalize:<multiqueue0>[00m 0x771d98026000 finalize
0:00:29.871522324 [34m 3435[00m 0x5d1b96686000 [36mINFO   [00m [00;01;31;44m     GST_REFCOUNTING gstelement.c:3465:gst_element_finalize:<multiqueue0>[00m 0x771d98026000 finalize parent
0:00:29.871526638 [34m 3435[00m 0x5d1b96686000 [36mINFO   [00m [00;01;31;44m     GST_REFCOUNTING gstelement.c:3382:gst_element_dispose:<h264parse0>[00m 0x771d9802d1b0 dispose
0:00:29.871531053 [34m 3435[00m 0x5d1b96686000 [36mINFO   [00m [00;01;37;41m    GST_ELEMENT_PADS gstelement.c:875:gst_element_remove_pad:<h264parse0>[00m removing pad 'sink'
0:00:29.871536175 [34m 3435[00m 0x5d1b96686000 [36mINFO   [00m [00;01;37;41m    GST_ELEMENT_PADS gstelement.c:875:gst_element_remove_pad:<h264parse0>[00m removing pad 'src'
0:00:29.871541307 [34m 3435[00m 0x5d1b96686000 [36mINFO   [00m [00;01;31;44m     GST_REFCOUNTING gstelement.c:3428:gst_element_dispose:<h264parse0>[00m 0x771d9802d1b0 parent class dispose
0:00:29.871551287 [34m 3435[00m 0x5d1b96686000 [36mINFO   [00m [00;01;31;44m     GST_REFCOUNTING gstelement.c:3460:gst_element_finalize:<h264parse0>[00m 0x771d9802d1b0 finalize
0:00:29.871555371 [34m 3435[00m 0x5d1b96686000 [36mINFO   [00m [00;01;31;44m     GST_REFCOUNTING gstelement.c:3465:gst_element_finalize:<h264parse0>[00m 0x771d9802d1b0 finalize parent
0:00:29.871561704 [34m 3435[00m 0x5d1b96686000 [36mINFO   [00m [00;01;31;44m     GST_REFCOUNTING gstelement.c:3382:gst_element_dispose:<capsfilter0>[00m 0x771da40acf90 dispose
0:00:29.871565735 [34m 3435[00m 0x5d1b96686000 [36mINFO   [00m [00;01;37;41m    GST_ELEMENT_PADS gstelement.c:875:gst_element_remove_pad:<capsfilter0>[00m removing pad 'sink'
0:00:29.871570588 [34m 3435[00m 0x5d1b96686000 [36mINFO   [00m [00;01;37;41m    GST_ELEMENT_PADS gstelement.c:875:gst_element_remove_pad:<capsfilter0>[00m removing pad 'src'
0:00:29.871575818 [34m 3435[00m 0x5d1b96686000 [36mINFO   [00m [00;01;31;44m     GST_REFCOUNTING gstelement.c:3428:gst_element_dispose:<capsfilter0>[00m 0x771da40acf90 parent class dispose
0:00:29.871580168 [34m 3435[00m 0x5d1b96686000 [36mINFO   [00m [00;01;31;44m     GST_REFCOUNTING gstelement.c:3460:gst_element_finalize:<capsfilter0>[00m 0x771da40acf90 finalize
0:00:29.871584021 [34m 3435[00m 0x5d1b96686000 [36mINFO   [00m [00;01;31;44m     GST_REFCOUNTING gstelement.c:3465:gst_element_finalize:<capsfilter0>[00m 0x771da40acf90 finalize parent
0:00:29.871588414 [34m 3435[00m 0x5d1b96686000 [36mINFO   [00m [00;01;31;44m     GST_REFCOUNTING gstelement.c:3382:gst_element_dispose:<avdec_h264-0>[00m 0x771d98120cf0 dispose
0:00:29.871594481 [34m 3435[00m 0x5d1b96686000 [36mINFO   [00m [00;01;37;41m    GST_ELEMENT_PADS gstelement.c:875:gst_element_remove_pad:<avdec_h264-0>[00m removing pad 'sink'
0:00:29.871599671 [34m 3435[00m 0x5d1b96686000 [36mINFO   [00m [00;01;37;41m    GST_ELEMENT_PADS gstelement.c:875:gst_element_remove_pad:<avdec_h264-0>[00m removing pad 'src'
0:00:29.871604855 [34m 3435[00m 0x5d1b96686000 [36mINFO   [00m [00;01;31;44m     GST_REFCOUNTING gstelement.c:3428:gst_element_dispose:<avdec_h264-0>[00m 0x771d98120cf0 parent class dispose
0:00:29.871724311 [34m 3435[00m 0x5d1b96686000 [36mINFO   [00m [00;01;31;44m     GST_REFCOUNTING gstelement.c:3460:gst_element_finalize:<avdec_h264-0>[00m 0x771d98120cf0 finalize
0:00:29.871733110 [34m 3435[00m 0x5d1b96686000 [36mINFO   [00m [00;01;31;44m     GST_REFCOUNTING gstelement.c:3465:gst_element_finalize:<avdec_h264-0>[00m 0x771d98120cf0 finalize parent
0:00:29.871739376 [34m 3435[00m 0x5d1b96686000 [36mINFO   [00m [00;01;31;44m     GST_REFCOUNTING gstelement.c:3382:gst_element_dispose:<aacparse0>[00m 0x771d981dab10 dispose
0:00:29.871744410 [34m 3435[00m 0x5d1b96686000 [36mINFO   [00m [00;01;37;41m    GST_ELEMENT_PADS gstelement.c:875:gst_element_remove_pad:<aacparse0>[00m removing pad 'sink'
0:00:29.871750245 [34m 3435[00m 0x5d1b96686000 [36mINFO   [00m [00;01;37;41m    GST_ELEMENT_PADS gstelement.c:875:gst_element_remove_pad:<aacparse0>[00m removing pad 'src'
0:00:29.871756554 [34m 3435[00m 0x5d1b96686000 [36mINFO   [00m [00;01;31;44m     GST_REFCOUNTING gstelement.c:3428:gst_element_dispose:<aacparse0>[00m 0x771d981dab10 parent class dispose
0:00:29.871764683 [34m 3435[00m 0x5d1b96686000 [36mINFO   [00m [00;01;31;44m     GST_REFCOUNTING gstelement.c:3460:gst_element_finalize:<aacparse0>[00m 0x771d981dab10 finalize
0:00:29.871769426 [34m 3435[00m 0x5d1b96686000 [36mINFO   [00m [00;01;31;44m     GST_REFCOUNTING gstelement.c:3465:gst_element_finalize:<aacparse0>[00m 0x771d981dab10 finalize parent
0:00:29.871776998 [34m 3435[00m 0x5d1b96686000 [36mINFO   [00m [00;01;31;44m     GST_REFCOUNTING gstelement.c:3382:gst_element_dispose:<avdec_aac0>[00m 0x771d981de2e0 dispose
0:00:29.871783594 [34m 3435[00m 0x5d1b96686000 [36mINFO   [00m [00;01;37;41m    GST_ELEMENT_PADS gstelement.c:875:gst_element_remove_pad:<avdec_aac0>[00m removing pad 'sink'
0:00:29.871792008 [34m 3435[00m 0x5d1b96686000 [36mINFO   [00m [00;01;37;41m    GST_ELEMENT_PADS gstelement.c:875:gst_element_remove_pad:<avdec_aac0>[00m removing pad 'src'
0:00:29.871799709 [34m 3435[00m 0x5d1b96686000 [36mINFO   [00m [00;01;31;44m     GST_REFCOUNTING gstelement.c:3428:gst_element_dispose:<avdec_aac0>[00m 0x771d981de2e0 parent class dispose
0:00:29.872068321 [34m 3435[00m 0x5d1b96686000 [36mINFO   [00m [00;01;31;44m     GST_REFCOUNTING gstelement.c:3460:gst_element_finalize:<avdec_aac0>[00m 0x771d981de2e0 finalize
0:00:29.872087042 [34m 3435[00m 0x5d1b96686000 [36mINFO   [00m [00;01;31;44m     GST_REFCOUNTING gstelement.c:3465:gst_element_finalize:<avdec_aac0>[00m 0x771d981de2e0 finalize parent
0:00:29.872101669 [34m 3435[00m 0x5d1b96686000 [36mINFO   [00m [00;01;37;41m    GST_ELEMENT_PADS gstpad.c:2137:gst_pad_unlink:[00m unlinking glcolorbalance0:src(0x5d1b96905690) and sink:sink(0x5d1b969058e0)
0:00:29.872111576 [34m 3435[00m 0x5d1b96686000 [36mINFO   [00m [00;01;37;41m    GST_ELEMENT_PADS gstpad.c:2192:gst_pad_unlink:[00m unlinked glcolorbalance0:src and sink:sink
0:00:29.872122051 [34m 3435[00m 0x5d1b96686000 [36mINFO   [00m [00;01;37;41m       GST_PARENTAGE gstbin.c:1803:gst_bin_remove_func:<autovideosink0-actual-sink-glimage>[00m removed child "sink"
0:00:29.872131459 [34m 3435[00m 0x5d1b96686000 [36mINFO   [00m [00;01;37;41m    GST_ELEMENT_PADS gstpad.c:2137:gst_pad_unlink:[00m unlinking glcolorconvertelement0:src(0x5d1b969051f0) and glcolorbalance0:sink(0x5d1b96905440)
0:00:29.872144098 [34m 3435[00m 0x5d1b96686000 [36mINFO   [00m [00;01;37;41m    GST_ELEMENT_PADS gstpad.c:2192:gst_pad_unlink:[00m unlinked glcolorconvertelement0:src and glcolorbalance0:sink
0:00:29.872149611 [34m 3435[00m 0x5d1b96686000 [36mINFO   [00m [00;01;37;41m       GST_PARENTAGE gstbin.c:1803:gst_bin_remove_func:<autovideosink0-actual-sink-glimage>[00m removed child "glcolorbalance0"
0:00:29.872156174 [34m 3435[00m 0x5d1b96686000 [36mINFO   [00m [00;01;37;41m    GST_ELEMENT_PADS gstpad.c:2137:gst_pad_unlink:[00m unlinking gluploadelement0:src(0x5d1b96904d50) and glcolorconvertelement0:sink(0x5d1b96904fa0)
0:00:29.872161503 [34m 3435[00m 0x5d1b96686000 [36mINFO   [00m [00;01;37;41m    GST_ELEMENT_PADS gstpad.c:2192:gst_pad_unlink:[00m unlinked gluploadelement0:src and glcolorconvertelement0:sink
0:00:29.872166771 [34m 3435[00m 0x5d1b96686000 [36mINFO   [00m [00;01;37;41m       GST_PARENTAGE gstbin.c:1803:gst_bin_remove_func:<autovideosink0-actual-sink-glimage>[00m removed child "glcolorconvertelement0"
0:00:29.872174458 [34m 3435[00m 0x5d1b96686000 [36mINFO   [00m [00;01;37;41m    GST_ELEMENT_PADS gstpad.c:2137:gst_pad_unlink:[00m unlinking sink:proxypad2(0x5d1b96918530) and gluploadelement0:sink(0x5d1b96904b00)
0:00:29.872180416 [34m 3435[00m 0x5d1b96686000 [36mINFO   [00m [00;01;37;41m    GST_ELEMENT_PADS gstpad.c:2192:gst_pad_unlink:[00m unlinked sink:proxypad2 and gluploadelement0:sink
0:00:29.872185372 [34m 3435[00m 0x5d1b96686000 [36mINFO   [00m [00;01;37;41m       GST_PARENTAGE gstbin.c:1803:gst_bin_remove_func:<autovideosink0-actual-sink-glimage>[00m removed child "gluploadelement0"
0:00:29.872190243 [34m 3435[00m 0x5d1b96686000 [36mINFO   [00m [00;01;31;44m     GST_REFCOUNTING gstelement.c:3382:gst_element_dispose:<autovideosink0-actual-sink-glimage>[00m 0x5d1b96943020 dispose
0:00:29.872194424 [34m 3435[00m 0x5d1b96686000 [36mINFO   [00m [00;01;37;41m    GST_ELEMENT_PADS gstelement.c:875:gst_element_remove_pad:<autovideosink0-actual-sink-glimage>[00m removing pad 'sink'
0:00:29.872202317 [34m 3435[00m 0x5d1b96686000 [36mINFO   [00m [00;01;31;44m     GST_REFCOUNTING gstelement.c:3428:gst_element_dispose:<autovideosink0-actual-sink-glimage>[00m 0x5d1b96943020 parent class dispose
0:00:29.872207628 [34m 3435[00m 0x5d1b96686000 [36mINFO   [00m [00;01;31;44m     GST_REFCOUNTING gstelement.c:3460:gst_element_finalize:<autovideosink0-actual-sink-glimage>[00m 0x5d1b96943020 finalize
0:00:29.872211825 [34m 3435[00m 0x5d1b96686000 [36mINFO   [00m [00;01;31;44m     GST_REFCOUNTING gstelement.c:3465:gst_element_finalize:<autovideosink0-actual-sink-glimage>[00m 0x5d1b96943020 finalize parent
0:00:29.872216322 [34m 3435[00m 0x5d1b96686000 [36mINFO   [00m [00;01;31;44m     GST_REFCOUNTING gstelement.c:3382:gst_element_dispose:<gluploadelement0>[00m 0x5d1b96902550 dispose
0:00:29.872220198 [34m 3435[00m 0x5d1b96686000 [36mINFO   [00m [00;01;37;41m    GST_ELEMENT_PADS gstelement.c:875:gst_element_remove_pad:<gluploadelement0>[00m removing pad 'sink'
0:00:29.872225620 [34m 3435[00m 0x5d1b96686000 [36mINFO   [00m [00;01;37;41m    GST_ELEMENT_PADS gstelement.c:875:gst_element_remove_pad:<gluploadelement0>[00m removing pad 'src'
0:00:29.872231239 [34m 3435[00m 0x5d1b96686000 [36mINFO   [00m [00;01;31;44m     GST_REFCOUNTING gstelement.c:3428:gst_element_dispose:<gluploadelement0>[00m 0x5d1b96902550 parent class dispose
0:00:29.872236962 [34m 3435[00m 0x5d1b96686000 [36mINFO   [00m [00;01;31;44m     GST_REFCOUNTING gstelement.c:3460:gst_element_finalize:<gluploadelement0>[00m 0x5d1b96902550 finalize
0:00:29.872240994 [34m 3435[00m 0x5d1b96686000 [36mINFO   [00m [00;01;31;44m     GST_REFCOUNTING gstelement.c:3465:gst_element_finalize:<gluploadelement0>[00m 0x5d1b96902550 finalize parent
0:00:29.872245547 [34m 3435[00m 0x5d1b96686000 [36mINFO   [00m [00;01;31;44m     GST_REFCOUNTING gstelement.c:3382:gst_element_dispose:<glcolorconvertelement0>[00m 0x5d1b969028e0 dispose
0:00:29.872251249 [34m 3435[00m 0x5d1b96686000 [36mINFO   [00m [00;01;37;41m    GST_ELEMENT_PADS gstelement.c:875:gst_element_remove_pad:<glcolorconvertelement0>[00m removing pad 'sink'
0:00:29.872256227 [34m 3435[00m 0x5d1b96686000 [36mINFO   [00m [00;01;37;41m    GST_ELEMENT_PADS gstelement.c:875:gst_element_remove_pad:<glcolorconvertelement0>[00m removing pad 'src'
0:00:29.872261308 [34m 3435[00m 0x5d1b96686000 [36mINFO   [00m [00;01;31;44m     GST_REFCOUNTING gstelement.c:3428:gst_element_dispose:<glcolorconvertelement0>[00m 0x5d1b969028e0 parent class dispose
0:00:29.872269278 [34m 3435[00m 0x5d1b96686000 [36mINFO   [00m [00;01;31;44m     GST_REFCOUNTING gstelement.c:3460:gst_element_finalize:<glcolorconvertelement0>[00m 0x5d1b969028e0 finalize
0:00:29.872273291 [34m 3435[00m 0x5d1b96686000 [36mINFO   [00m [00;01;31;44m     GST_REFCOUNTING gstelement.c:3465:gst_element_finalize:<glcolorconvertelement0>[00m 0x5d1b969028e0 finalize parent
0:00:29.872278030 [34m 3435[00m 0x5d1b96686000 [36mINFO   [00m [00;01;31;44m     GST_REFCOUNTING gstelement.c:3382:gst_element_dispose:<glcolorbalance0>[00m 0x5d1b96953520 dispose
0:00:29.872281906 [34m 3435[00m 0x5d1b96686000 [36mINFO   [00m [00;01;37;41m    GST_ELEMENT_PADS gstelement.c:875:gst_element_remove_pad:<glcolorbalance0>[00m removing pad 'sink'
0:00:29.872286423 [34m 3435[00m 0x5d1b96686000 [36mINFO   [00m [00;01;37;41m    GST_ELEMENT_PADS gstelement.c:875:gst_element_remove_pad:<glcolorbalance0>[00m removing pad 'src'
0:00:29.872291316 [34m 3435[00m 0x5d1b96686000 [36mINFO   [00m [00;01;31;44m     GST_REFCOUNTING gstelement.c:3428:gst_element_dispose:<glcolorbalance0>[00m 0x5d1b96953520 parent class dispose
0:00:29.872307118 [34m 3435[00m 0x5d1b96686000 [36mINFO   [00m [00;01;31;44m     GST_REFCOUNTING gstelement.c:3460:gst_element_finalize:<glcolorbalance0>[00m 0x5d1b96953520 finalize
0:00:29.872311538 [34m 3435[00m 0x5d1b96686000 [36mINFO   [00m [00;01;31;44m     GST_REFCOUNTING gstelement.c:3465:gst_element_finalize:<glcolorbalance0>[00m 0x5d1b96953520 finalize parent
0:00:29.872316261 [34m 3435[00m 0x5d1b96686000 [36mINFO   [00m [00;01;31;44m     GST_REFCOUNTING gstelement.c:3382:gst_element_dispose:<sink>[00m 0x5d1b969614d0 dispose
0:00:29.872320200 [34m 3435[00m 0x5d1b96686000 [36mINFO   [00m [00;01;37;41m    GST_ELEMENT_PADS gstelement.c:875:gst_element_remove_pad:<sink>[00m removing pad 'sink'
0:00:29.872325345 [34m 3435[00m 0x5d1b96686000 [36mINFO   [00m [00;01;31;44m     GST_REFCOUNTING gstelement.c:3428:gst_element_dispose:<sink>[00m 0x5d1b969614d0 parent class dispose
0:00:29.872331909 [34m 3435[00m 0x5d1b96686000 [36mINFO   [00m [00;01;31;44m     GST_REFCOUNTING gstelement.c:3460:gst_element_finalize:<sink>[00m 0x5d1b969614d0 finalize
0:00:29.872336059 [34m 3435[00m 0x5d1b96686000 [36mINFO   [00m [00;01;31;44m     GST_REFCOUNTING gstelement.c:3465:gst_element_finalize:<sink>[00m 0x5d1b969614d0 finalize parent
0:00:29.872343040 [34m 3435[00m 0x5d1b96686000 [36mINFO   [00m [00;01;31m          GST_STATES gstelement.c:2806:gst_element_continue_state:<pipeline0>[00m completed state change to NULL
0:00:29.872348437 [34m 3435[00m 0x5d1b96686000 [36mINFO   [00m [00;01;31m          GST_STATES gstelement.c:2706:_priv_gst_element_state_changed:<pipeline0>[00m notifying about state-changed READY to NULL (VOID_PENDING pending)
Freeing pipeline ...
0:00:29.872372796 [34m 3435[00m 0x5d1b96686000 [36mINFO   [00m [00;01;37;41m       GST_PARENTAGE gstbin.c:1803:gst_bin_remove_func:<pipeline0>[00m removed child "autovideosink0"
0:00:29.872381468 [34m 3435[00m 0x5d1b96686000 [36mINFO   [00m [00;01;31m          GST_STATES gstelement.c:2806:gst_element_continue_state:<fake-video-sink>[00m completed state change to NULL
0:00:29.872387471 [34m 3435[00m 0x5d1b96686000 [36mINFO   [00m [00;01;37;41m    GST_ELEMENT_PADS gstpad.c:2137:gst_pad_unlink:[00m unlinking sink:proxypad1(0x5d1b969182d0) and fake-video-sink:sink(0x771d98122110)
0:00:29.872392273 [34m 3435[00m 0x5d1b96686000 [36mINFO   [00m [00;01;37;41m    GST_ELEMENT_PADS gstpad.c:2192:gst_pad_unlink:[00m unlinked sink:proxypad1 and fake-video-sink:sink
0:00:29.872399015 [34m 3435[00m 0x5d1b96686000 [36mINFO   [00m [00;01;37;41m       GST_PARENTAGE gstbin.c:1803:gst_bin_remove_func:<autovideosink0>[00m removed child "fake-video-sink"
0:00:29.872403937 [34m 3435[00m 0x5d1b96686000 [36mINFO   [00m [00;01;31;44m     GST_REFCOUNTING gstelement.c:3382:gst_element_dispose:<fake-video-sink>[00m 0x5d1b969587b0 dispose
0:00:29.872408126 [34m 3435[00m 0x5d1b96686000 [36mINFO   [00m [00;01;37;41m    GST_ELEMENT_PADS gstelement.c:875:gst_element_remove_pad:<fake-video-sink>[00m removing pad 'sink'
0:00:29.872413432 [34m 3435[00m 0x5d1b96686000 [36mINFO   [00m [00;01;31;44m     GST_REFCOUNTING gstelement.c:3428:gst_element_dispose:<fake-video-sink>[00m 0x5d1b969587b0 parent class dispose
0:00:29.872418046 [34m 3435[00m 0x5d1b96686000 [36mINFO   [00m [00;01;31;44m     GST_REFCOUNTING gstelement.c:3460:gst_element_finalize:<fake-video-sink>[00m 0x5d1b969587b0 finalize
0:00:29.872421887 [34m 3435[00m 0x5d1b96686000 [36mINFO   [00m [00;01;31;44m     GST_REFCOUNTING gstelement.c:3465:gst_element_finalize:<fake-video-sink>[00m 0x5d1b969587b0 finalize parent
0:00:29.872427454 [34m 3435[00m 0x5d1b96686000 [36mINFO   [00m [00;01;31;44m     GST_REFCOUNTING gstelement.c:3382:gst_element_dispose:<autovideosink0>[00m 0x5d1b9691b050 dispose
0:00:29.872431516 [34m 3435[00m 0x5d1b96686000 [36mINFO   [00m [00;01;37;41m    GST_ELEMENT_PADS gstelement.c:875:gst_element_remove_pad:<autovideosink0>[00m removing pad 'sink'
0:00:29.872437525 [34m 3435[00m 0x5d1b96686000 [36mINFO   [00m [00;01;31;44m     GST_REFCOUNTING gstelement.c:3428:gst_element_dispose:<autovideosink0>[00m 0x5d1b9691b050 parent class dispose
0:00:29.872441666 [34m 3435[00m 0x5d1b96686000 [36mINFO   [00m [00;01;31;44m     GST_REFCOUNTING gstelement.c:3460:gst_element_finalize:<autovideosink0>[00m 0x5d1b9691b050 finalize
0:00:29.872445697 [34m 3435[00m 0x5d1b96686000 [36mINFO   [00m [00;01;31;44m     GST_REFCOUNTING gstelement.c:3465:gst_element_finalize:<autovideosink0>[00m 0x5d1b9691b050 finalize parent
0:00:29.872452413 [34m 3435[00m 0x5d1b96686000 [36mINFO   [00m [00;01;37;41m    GST_ELEMENT_PADS gstpad.c:2137:gst_pad_unlink:[00m unlinking filesrc0:src(0x5d1b969041c0) and decodebin0:sink(0x5d1b96914050)
0:00:29.872458338 [34m 3435[00m 0x5d1b96686000 [36mINFO   [00m [00;01;37;41m    GST_ELEMENT_PADS gstpad.c:2192:gst_pad_unlink:[00m unlinked filesrc0:src and decodebin0:sink
0:00:29.872463308 [34m 3435[00m 0x5d1b96686000 [36mINFO   [00m [00;01;37;41m       GST_PARENTAGE gstbin.c:1803:gst_bin_remove_func:<pipeline0>[00m removed child "decodebin0"
0:00:29.872502789 [34m 3435[00m 0x5d1b96686000 [36mINFO   [00m [00;01;37;41m    GST_ELEMENT_PADS gstpad.c:2137:gst_pad_unlink:[00m unlinking sink:proxypad0(0x5d1b96918070) and typefind:sink(0x5d1b96904410)
0:00:29.872507503 [34m 3435[00m 0x5d1b96686000 [36mINFO   [00m [00;01;37;41m    GST_ELEMENT_PADS gstpad.c:2192:gst_pad_unlink:[00m unlinked sink:proxypad0 and typefind:sink
0:00:29.872511811 [34m 3435[00m 0x5d1b96686000 [36mINFO   [00m [00;01;37;41m       GST_PARENTAGE gstbin.c:1803:gst_bin_remove_func:<decodebin0>[00m removed child "typefind"
0:00:29.872524069 [34m 3435[00m 0x5d1b96686000 [36mINFO   [00m [00;01;31;44m     GST_REFCOUNTING gstelement.c:3382:gst_element_dispose:<typefind>[00m 0x5d1b9690f020 dispose
0:00:29.872528168 [34m 3435[00m 0x5d1b96686000 [36mINFO   [00m [00;01;37;41m    GST_ELEMENT_PADS gstelement.c:875:gst_element_remove_pad:<typefind>[00m removing pad 'sink'
0:00:29.872533809 [34m 3435[00m 0x5d1b96686000 [36mINFO   [00m [00;01;37;41m    GST_ELEMENT_PADS gstelement.c:875:gst_element_remove_pad:<typefind>[00m removing pad 'src'
0:00:29.872539337 [34m 3435[00m 0x5d1b96686000 [36mINFO   [00m [00;01;31;44m     GST_REFCOUNTING gstelement.c:3428:gst_element_dispose:<typefind>[00m 0x5d1b9690f020 parent class dispose
0:00:29.872545833 [34m 3435[00m 0x5d1b96686000 [36mINFO   [00m [00;01;31;44m     GST_REFCOUNTING gstelement.c:3460:gst_element_finalize:<typefind>[00m 0x5d1b9690f020 finalize
0:00:29.872549856 [34m 3435[00m 0x5d1b96686000 [36mINFO   [00m [00;01;31;44m     GST_REFCOUNTING gstelement.c:3465:gst_element_finalize:<typefind>[00m 0x5d1b9690f020 finalize parent
0:00:29.872553936 [34m 3435[00m 0x5d1b96686000 [36mINFO   [00m [00;01;31;44m     GST_REFCOUNTING gstelement.c:3382:gst_element_dispose:<decodebin0>[00m 0x5d1b9690c040 dispose
0:00:29.872557958 [34m 3435[00m 0x5d1b96686000 [36mINFO   [00m [00;01;37;41m    GST_ELEMENT_PADS gstelement.c:875:gst_element_remove_pad:<decodebin0>[00m removing pad 'sink'
0:00:29.872564664 [34m 3435[00m 0x5d1b96686000 [36mINFO   [00m [00;01;31;44m     GST_REFCOUNTING gstelement.c:3428:gst_element_dispose:<decodebin0>[00m 0x5d1b9690c040 parent class dispose
0:00:29.872569420 [34m 3435[00m 0x5d1b96686000 [36mINFO   [00m [00;01;31;44m     GST_REFCOUNTING gstelement.c:3460:gst_element_finalize:<decodebin0>[00m 0x5d1b9690c040 finalize
0:00:29.872573399 [34m 3435[00m 0x5d1b96686000 [36mINFO   [00m [00;01;31;44m     GST_REFCOUNTING gstelement.c:3465:gst_element_finalize:<decodebin0>[00m 0x5d1b9690c040 finalize parent
0:00:29.872578902 [34m 3435[00m 0x5d1b96686000 [36mINFO   [00m [00;01;37;41m       GST_PARENTAGE gstbin.c:1803:gst_bin_remove_func:<pipeline0>[00m removed child "filesrc0"
0:00:29.872583836 [34m 3435[00m 0x5d1b96686000 [36mINFO   [00m [00;01;31;44m     GST_REFCOUNTING gstelement.c:3382:gst_element_dispose:<filesrc0>[00m 0x5d1b969021a0 dispose
0:00:29.872587810 [34m 3435[00m 0x5d1b96686000 [36mINFO   [00m [00;01;37;41m    GST_ELEMENT_PADS gstelement.c:875:gst_element_remove_pad:<filesrc0>[00m removing pad 'src'
0:00:29.872593018 [34m 3435[00m 0x5d1b96686000 [36mINFO   [00m [00;01;31;44m     GST_REFCOUNTING gstelement.c:3428:gst_element_dispose:<filesrc0>[00m 0x5d1b969021a0 parent class dispose
0:00:29.872597585 [34m 3435[00m 0x5d1b96686000 [36mINFO   [00m [00;01;31;44m     GST_REFCOUNTING gstelement.c:3460:gst_element_finalize:<filesrc0>[00m 0x5d1b969021a0 finalize
0:00:29.872601451 [34m 3435[00m 0x5d1b96686000 [36mINFO   [00m [00;01;31;44m     GST_REFCOUNTING gstelement.c:3465:gst_element_finalize:<filesrc0>[00m 0x5d1b969021a0 finalize parent
0:00:29.872605498 [34m 3435[00m 0x5d1b96686000 [36mINFO   [00m [00;01;31;44m     GST_REFCOUNTING gstelement.c:3382:gst_element_dispose:<pipeline0>[00m 0x5d1b9691e0d0 dispose
0:00:29.876610291 [34m 3435[00m 0x5d1b96686000 [36mINFO   [00m [00;01;31;44m     GST_REFCOUNTING gstelement.c:3428:gst_element_dispose:<pipeline0>[00m 0x5d1b9691e0d0 parent class dispose
0:00:29.876641111 [34m 3435[00m 0x5d1b96686000 [36mINFO   [00m [00;01;31;44m     GST_REFCOUNTING gstelement.c:3460:gst_element_finalize:<pipeline0>[00m 0x5d1b9691e0d0 finalize
0:00:29.876647005 [34m 3435[00m 0x5d1b96686000 [36mINFO   [00m [00;01;31;44m     GST_REFCOUNTING gstelement.c:3465:gst_element_finalize:<pipeline0>[00m 0x5d1b9691e0d0 finalize parent
0:00:29.876652904 [34m 3435[00m 0x5d1b96686000 [36mINFO   [00m [00;01;31m            GST_INIT gst.c:1124:gst_deinit:[00m deinitializing GStreamer
0:00:29.879612733 [34m 3435[00m 0x5d1b96686000 [36mINFO   [00m [00;01;31m            GST_INIT gst.c:1268:gst_deinit:[00m deinitialized GStreamer
